#
# A fatal error has been detected by the Java Runtime Environment:
#
#  EXCEPTION_ACCESS_VIOLATION (0xc0000005) at pc=0x00007fffaba7c8d2, pid=25492, tid=29144
#
# JRE version: Java(TM) SE Runtime Environment (25.0.2+10) (build 25.0.2+10-LTS-69)
# Java VM: Java HotSpot(TM) 64-Bit Server VM (25.0.2+10-LTS-69, mixed mode, sharing, tiered, compressed oops, compressed class ptrs, g1 gc, windows-amd64)
# Problematic frame:
# V  [jvm.dll+0x24c8d2]
#
# No core dump will be written. Minidumps are not enabled by default on client versions of Windows
#
# If you would like to submit a bug report, please visit:
#   https://bugreport.java.com/bugreport/crash.jsp
#

---------------  S U M M A R Y ------------

Command Line: -Xmx512M -Xms128M --enable-native-access=ALL-UNNAMED --sun-misc-unsafe-memory-access=allow org.jetbrains.kotlin.preloading.Preloader -cp D:\Users\pedro.cardoso\stupidspeed\tools\kotlin\kotlinc\bin\..\lib\kotlin-compiler.jar org.jetbrains.kotlin.cli.js.KotlinWasmCompiler -libraries D:\Users\pedro.cardoso\stupidspeed\exec\kotlin\..\..\tools\kotlin\kotlinc\lib\kotlin-stdlib-wasm-wasi.klib -Xwasm-target wasm-wasi -Xir-produce-js -Xinclude D:\Users\pedro.cardoso\stupidspeed\exec\kotlin\13_matrix_mul\klib-wasm\prog.klib -ir-output-dir D:\Users\pedro.cardoso\stupidspeed\exec\kotlin\13_matrix_mul\out-wasm -ir-output-name prog

Host: 12th Gen Intel(R) Core(TM) i7-12700, 20 cores, 7G,  Windows 11 , 64 bit Build 26100 (10.0.26100.7705)
Time: Fri Oct  9 17:14:55 2026 Hora oficial do Brasil elapsed time: 2.880470 seconds (0d 0h 0m 2s)

---------------  T H R E A D  ---------------

Current thread (0x000002850078d7a0):  JavaThread "C2 CompilerThread6" daemon [_thread_in_native, id=29144, stack(0x000000db55100000,0x000000db55200000) (1024K)]


Current CompileTask:
C2:2880 7256       4       org.jetbrains.kotlin.ir.visitors.IrVisitorVoid::visitSimpleFunction (15 bytes)

Stack: [0x000000db55100000,0x000000db55200000],  sp=0x000000db551fbe20,  free space=1007k
Native frames: (J=compiled Java code, j=interpreted, Vv=VM code, C=native code)
V  [jvm.dll+0x24c8d2]  (no source info available)
V  [jvm.dll+0x7d116e]  (no source info available)
V  [jvm.dll+0x7cf20a]  (no source info available)
V  [jvm.dll+0x2c1f41]  (no source info available)
V  [jvm.dll+0x2bfa65]  (no source info available)
V  [jvm.dll+0x2379a0]  (no source info available)
V  [jvm.dll+0x2cfc86]  (no source info available)
V  [jvm.dll+0x2cdf05]  (no source info available)
V  [jvm.dll+0x48e9d1]  (no source info available)
V  [jvm.dll+0x906fcd]  (no source info available)
V  [jvm.dll+0x7a56d5]  (no source info available)
C  [ucrtbase.dll+0x37b0]  (no source info available)
C  [KERNEL32.DLL+0x2e8d7]  (no source info available)
C  [ntdll.dll+0x8c40c]  (no source info available)


siginfo: EXCEPTION_ACCESS_VIOLATION (0xc0000005), reading address 0x0000000000000028


Registers:
RAX=0x0000028504912680, RBX=0x000002857f9bbd40, RCX=0x000000db551fc1c8, RDX=0x000000db551fc1a0
RSP=0x000000db551fbe20, RBP=0x0000000000000000, RSI=0x000002857f9bbd40, RDI=0x0000000000000000
R8 =0x000002857f9bbd01, R9 =0x0000000000000001, R10=0x000000db551fe448, R11=0x0000000000000010
R12=0x000002857af43240, R13=0x0000000000000000, R14=0x000000db551fc1a0, R15=0x0000028504912608
RIP=0x00007fffaba7c8d2, EFLAGS=0x0000000000010202

XMM[0]=0x0000000000000000 0x0000000000000000
XMM[1]=0x0000000000000000 0x0000000000000000
XMM[2]=0x0000000000000000 0x0000000000000000
XMM[3]=0x0000028502f850d0 0x0000028502f850d0
XMM[4]=0x00000285027f3ea8 0x0000028502f850d0
XMM[5]=0x0000028501821020 0x00000285057ab050
XMM[6]=0x0000000000000000 0x0000000000000000
XMM[7]=0x0000000000000000 0x0000000000000000
XMM[8]=0x0000000000000000 0x0000000000000000
XMM[9]=0x0000000000000000 0x0000000000000000
XMM[10]=0x0000000000000000 0x0000000000000000
XMM[11]=0x0000000000000000 0x0000000000000000
XMM[12]=0x0000000000000000 0x0000000000000000
XMM[13]=0x0000000000000000 0x0000000000000000
XMM[14]=0x0000000000000000 0x0000000000000000
XMM[15]=0x0000000000000000 0x0000000000000000
  MXCSR=0x00001fb2


Register to memory mapping:

RAX=0x0000028504912680 points into unknown readable memory: 0x000000db551fe2e0 | e0 e2 1f 55 db 00 00 00
RBX=0x000002857f9bbd40 points into unknown readable memory: 0x00007fffac2ce9f8 | f8 e9 2c ac ff 7f 00 00
RCX=0x000000db551fc1c8 is pointing into the stack for thread: 0x000002850078d7a0
RDX=0x000000db551fc1a0 is pointing into the stack for thread: 0x000002850078d7a0
RSP=0x000000db551fbe20 is pointing into the stack for thread: 0x000002850078d7a0
RBP=0x0 is null
RSI=0x000002857f9bbd40 points into unknown readable memory: 0x00007fffac2ce9f8 | f8 e9 2c ac ff 7f 00 00
RDI=0x0 is null
R8 =0x000002857f9bbd01 points into unknown readable memory: 00 00 00 00 6c ca 88
R9 =0x0000000000000001 is an unknown value
R10=0x000000db551fe448 is pointing into the stack for thread: 0x000002850078d7a0
R11=0x0000000000000010 is an unknown value
R12=0x000002857af43240 points into unknown readable memory: 0x00007fffac397e00 | 00 7e 39 ac ff 7f 00 00
R13=0x0 is null
R14=0x000000db551fc1a0 is pointing into the stack for thread: 0x000002850078d7a0
R15=0x0000028504912608 points into unknown readable memory: 0x000000db551fe2e0 | e0 e2 1f 55 db 00 00 00

Top of Stack: (sp=0x000000db551fbe20)
0x000000db551fbe20:   0000028504421658 00000285049711e8   X.B.............
0x000000db551fbe30:   0000000000000000 000000db551fc1a0   ...........U....
0x000000db551fbe40:   000002857fffffff 0000028500a69288   ................
0x000000db551fbe50:   0000028502c80ae0 00007fffabfaf53a   ........:.......
0x000000db551fbe60:   0000000000000000 00000285008124e0   .........$......
0x000000db551fbe70:   0000000000000000 00000285037b6540   ........@e{.....
0x000000db551fbe80:   0000000080023e42 00007fffaba8085a   B>......Z.......
0x000000db551fbe90:   000002857f9bbd40 000000db551fc1a0   @..........U....
0x000000db551fbea0:   000000db551fc1a0 0000028504912608   ...U.....&......
0x000000db551fbeb0:   000002857f9bbdb0 0000000000000000   ................
0x000000db551fbec0:   0000000000001770 000002857f9bbdb0   p...............
0x000000db551fbed0:   000000db551fc1a0 0000000000000000   ...U............
0x000000db551fbee0:   000002857f9bbd40 00007fffac00116e   @.......n.......
0x000000db551fbef0:   000002857f9bbd40 000000db551fc1a0   @..........U....
0x000000db551fbf00:   0000000000000901 000000db551fc101   ...........U....
0x000000db551fbf10:   000000db551fc1a0 000002857f9bbd40   ...U....@.......
0x000000db551fbf20:   000000db551fe1b0 00007fffabfff20a   ...U............
0x000000db551fbf30:   0000000000000953 00000000000003e8   S...............
0x000000db551fbf40:   0000028500a69288 00000000000302e8   ................
0x000000db551fbf50:   000002850304cf70 000002855f043d60   p.......`=._....
0x000000db551fbf60:   0000000000000080 0000000000000012   ................
0x000000db551fbf70:   000000db551fc080 00007fffabaf1f41   ...U....A.......
0x000000db551fbf80:   0000028500812458 0000028500749350   X$......P.t.....
0x000000db551fbf90:   000000db551fe1b0 000002857f7de000   ...U......}.....
0x000000db551fbfa0:   fffffffffffffffe 0000000000000000   ................
0x000000db551fbfb0:   0000028504970000 0000000000000000   ................
0x000000db551fbfc0:   0000000000000000 0000000000000000   ................
0x000000db551fbfd0:   0000000000000000 00007fffac379020   ........ .7.....
0x000000db551fbfe0:   0000000000000000 000000db551fe1b0   ...........U....
0x000000db551fbff0:   0000000000000000 00007fffac14f500   ................
0x000000db551fc000:   0000028500749350 000002857f7d6010   P.t......`}.....
0x000000db551fc010:   000002857f7da6e8 000002857f7de000   ..}.......}.....

Instructions: (pc=0x00007fffaba7c8d2)
  0x00007fffaba7c7d2:   4e 20 48 8b 46 10 4c 89 34 c8 ff 46 20 8b 0d 17
  0x00007fffaba7c7e2:   b1 b5 00 65 48 8b 04 25 58 00 00 00 ba 48 00 00
  0x00007fffaba7c7f2:   00 48 8b 04 c8 80 3c 02 00 75 05 e8 56 b2 79 00
  0x00007fffaba7c802:   48 8b 5c 24 30 49 8b c6 48 8b 74 24 38 48 8b 7c
  0x00007fffaba7c812:   24 40 48 83 c4 20 41 5e c3 cc cc cc cc cc 48 89
  0x00007fffaba7c822:   5c 24 08 57 48 83 ec 20 48 8b da 48 8b f9 45 84
  0x00007fffaba7c832:   c0 74 4b 48 8b 41 08 4c 8b 00 41 8b 40 2c 24 3f
  0x00007fffaba7c842:   3c 20 74 3a 33 d2 e8 23 fc 51 00 48 85 c0 74 18
  0x00007fffaba7c852:   4c 8b 47 08 33 c9 38 4b 18 48 8b d0 48 0f 45 cb
  0x00007fffaba7c862:   4d 8b 00 e8 96 22 ed ff 48 8b 43 10 48 8b 80 08
  0x00007fffaba7c872:   03 00 00 48 8b 5c 24 30 48 83 c4 20 5f c3 48 8b
  0x00007fffaba7c882:   5c 24 30 33 c0 48 83 c4 20 5f c3 cc cc cc 44 88
  0x00007fffaba7c892:   44 24 18 48 89 54 24 10 48 89 4c 24 08 53 55 56
  0x00007fffaba7c8a2:   57 41 54 41 55 41 56 41 57 48 81 ec 88 00 00 00
  0x00007fffaba7c8b2:   48 8b 41 08 48 8b f1 4c 8b 25 70 0e b5 00 48 8d
  0x00007fffaba7c8c2:   4a 28 4c 8b f2 48 8b 38 48 8b 01 48 89 7c 24 50
=>0x00007fffaba7c8d2:   44 8b 57 28 4c 8b 48 10 4f 39 24 d1 0f 84 09 02
  0x00007fffaba7c8e2:   00 00 83 7e 20 00 48 8b 42 10 48 89 8c 24 e8 00
  0x00007fffaba7c8f2:   00 00 48 8b 80 08 03 00 00 48 89 44 24 48 75 15
  0x00007fffaba7c902:   45 84 c0 0f 85 e2 01 00 00 48 8d 4a 28 48 89 8c
  0x00007fffaba7c912:   24 e8 00 00 00 48 8b ce e8 b1 5a 00 00 84 c0 0f
  0x00007fffaba7c922:   85 c6 01 00 00 44 8b 46 18 33 ed 41 bf 01 00 00
  0x00007fffaba7c932:   00 44 8b ed 41 8b df 44 3b c3 0f 86 a1 00 00 00
  0x00007fffaba7c942:   4c 8b 7c 24 48 66 0f 1f 84 00 00 00 00 00 8b c3
  0x00007fffaba7c952:   48 8d 0c c5 00 00 00 00 48 8b 47 08 48 8b 14 01
  0x00007fffaba7c962:   48 8b 46 08 4c 8b 04 01 48 85 d2 74 11 49 8b 46
  0x00007fffaba7c972:   28 8b 52 28 48 8b 48 10 4c 39 24 d1 75 48 4d 3b
  0x00007fffaba7c982:   c7 74 43 48 8b cd 41 38 4e 18 49 0f 45 ce 40 38
  0x00007fffaba7c992:   ac 24 e0 00 00 00 74 14 48 85 c9 74 0f 48 8b 89
  0x00007fffaba7c9a2:   68 09 00 00 48 8b d7 e8 b2 20 ed ff 4d 8b ce 4d
  0x00007fffaba7c9b2:   8b c7 8b d3 48 8b ce e8 22 3a 58 00 4c 8b 25 6b
  0x00007fffaba7c9c2:   0d b5 00 4c 8b ee 44 8b 46 18 ff c3 41 3b d8 0f


Stack slot to memory mapping:

stack at sp + 0 slots: 0x0000028504421658 points into unknown readable memory: 0x00007fffac2ce9f8 | f8 e9 2c ac ff 7f 00 00
stack at sp + 1 slots: 0x00000285049711e8 points into unknown readable memory: 0x00007fffac398f30 | 30 8f 39 ac ff 7f 00 00
stack at sp + 2 slots: 0x0 is null
stack at sp + 3 slots: 0x000000db551fc1a0 is pointing into the stack for thread: 0x000002850078d7a0
stack at sp + 4 slots: 0x000002857fffffff is an unknown value
stack at sp + 5 slots: 0x0000028500a69288 points into unknown readable memory: 0x00007fffac31e6f8 | f8 e6 31 ac ff 7f 00 00
stack at sp + 6 slots: 0x0000028502c80ae0 points into unknown readable memory: 0x00007fffac2f80d0 | d0 80 2f ac ff 7f 00 00
stack at sp + 7 slots: 0x00007fffabfaf53a jvm.dll

Lock stack of current Java thread (top to bottom):


---------------  P R O C E S S  ---------------

Threads class SMR info:
_java_thread_list=0x00000285011d9840, length=20, elements={
0x000002855cb739e0, 0x000002857aea2670, 0x000002857aea4e40, 0x000002857aea5860,
0x000002857aea6f20, 0x000002857aeb1b00, 0x000002857aeb3010, 0x000002857aebd670,
0x000002857aed4b50, 0x000002857aed5360, 0x000002857f109c60, 0x000002857f10f6b0,
0x000002857aed6380, 0x000002857aed2b10, 0x000002857aed83c0, 0x000002857aed7bb0,
0x0000028500789f30, 0x0000028500789720, 0x000002850078b760, 0x000002850078d7a0
}

Java Threads: ( => current thread )
  0x000002855cb739e0 JavaThread "main"                              [_thread_in_Java, id=15584, stack(0x000000db52c00000,0x000000db52d00000) (1024K)]
  0x000002857aea2670 JavaThread "Reference Handler"          daemon [_thread_blocked, id=9520, stack(0x000000db53400000,0x000000db53500000) (1024K)]
  0x000002857aea4e40 JavaThread "Finalizer"                  daemon [_thread_blocked, id=24020, stack(0x000000db53500000,0x000000db53600000) (1024K)]
  0x000002857aea5860 JavaThread "Signal Dispatcher"          daemon [_thread_blocked, id=14732, stack(0x000000db53600000,0x000000db53700000) (1024K)]
  0x000002857aea6f20 JavaThread "Attach Listener"            daemon [_thread_blocked, id=23196, stack(0x000000db53700000,0x000000db53800000) (1024K)]
  0x000002857aeb1b00 JavaThread "Service Thread"             daemon [_thread_blocked, id=27772, stack(0x000000db53800000,0x000000db53900000) (1024K)]
  0x000002857aeb3010 JavaThread "Monitor Deflation Thread"   daemon [_thread_blocked, id=25104, stack(0x000000db53900000,0x000000db53a00000) (1024K)]
  0x000002857aebd670 JavaThread "C2 CompilerThread0"         daemon [_thread_blocked, id=30264, stack(0x000000db53a00000,0x000000db53b00000) (1024K)]
  0x000002857aed4b50 JavaThread "C1 CompilerThread0"         daemon [_thread_in_vm, id=25500, stack(0x000000db53b00000,0x000000db53c00000) (1024K)]
  0x000002857aed5360 JavaThread "C1 CompilerThread1"         daemon [_thread_in_native, id=18044, stack(0x000000db53c00000,0x000000db53d00000) (1024K)]
  0x000002857f109c60 JavaThread "Notification Thread"        daemon [_thread_blocked, id=7984, stack(0x000000db53d00000,0x000000db53e00000) (1024K)]
  0x000002857f10f6b0 JavaThread "Common-Cleaner"             daemon [_thread_blocked, id=15072, stack(0x000000db53e00000,0x000000db53f00000) (1024K)]
  0x000002857aed6380 JavaThread "C2 CompilerThread1"         daemon [_thread_in_native, id=23284, stack(0x000000db54600000,0x000000db54700000) (1024K)]
  0x000002857aed2b10 JavaThread "C1 CompilerThread2"         daemon [_thread_blocked, id=27136, stack(0x000000db54700000,0x000000db54800000) (1024K)]
  0x000002857aed83c0 JavaThread "C2 CompilerThread2"         daemon [_thread_blocked, id=17484, stack(0x000000db54800000,0x000000db54900000) (1024K)]
  0x000002857aed7bb0 JavaThread "C1 CompilerThread3"         daemon [_thread_in_native, id=8996, stack(0x000000db54900000,0x000000db54a00000) (1024K)]
  0x0000028500789f30 JavaThread "C2 CompilerThread3"         daemon [_thread_blocked, id=23088, stack(0x000000db54e00000,0x000000db54f00000) (1024K)]
  0x0000028500789720 JavaThread "C2 CompilerThread4"         daemon [_thread_blocked, id=27236, stack(0x000000db54f00000,0x000000db55000000) (1024K)]
  0x000002850078b760 JavaThread "C2 CompilerThread5"         daemon [_thread_in_native, id=26188, stack(0x000000db55000000,0x000000db55100000) (1024K)]
=>0x000002850078d7a0 JavaThread "C2 CompilerThread6"         daemon [_thread_in_native, id=29144, stack(0x000000db55100000,0x000000db55200000) (1024K)]
Total: 20

Other Threads:
  0x000002857ae901c0 VMThread "VM Thread"                           [id=31252, stack(0x000000db53300000,0x000000db53400000) (1024K)]
  0x000002857ad5bac0 WatcherThread "VM Periodic Task Thread"        [id=31616, stack(0x000000db53200000,0x000000db53300000) (1024K)]
  0x000002855f05fbc0 WorkerThread "GC Thread#0"                     [id=6636, stack(0x000000db52d00000,0x000000db52e00000) (1024K)]
  0x000002857f1d9f50 WorkerThread "GC Thread#1"                     [id=15440, stack(0x000000db53f00000,0x000000db54000000) (1024K)]
  0x000002857f1c7340 WorkerThread "GC Thread#2"                     [id=26484, stack(0x000000db54000000,0x000000db54100000) (1024K)]
  0x000002857f1cb230 WorkerThread "GC Thread#3"                     [id=10728, stack(0x000000db54400000,0x000000db54500000) (1024K)]
  0x000002857f3fea00 WorkerThread "GC Thread#4"                     [id=15476, stack(0x000000db54500000,0x000000db54600000) (1024K)]
  0x00000285002e7890 WorkerThread "GC Thread#5"                     [id=21772, stack(0x000000db54a00000,0x000000db54b00000) (1024K)]
  0x00000285002e7440 WorkerThread "GC Thread#6"                     [id=31360, stack(0x000000db54b00000,0x000000db54c00000) (1024K)]
  0x00000285002e4080 WorkerThread "GC Thread#7"                     [id=28804, stack(0x000000db54c00000,0x000000db54d00000) (1024K)]
  0x00000285002e4920 WorkerThread "GC Thread#8"                     [id=17832, stack(0x000000db54d00000,0x000000db54e00000) (1024K)]
  0x00000285018c5fa0 WorkerThread "GC Thread#9"                     [id=28492, stack(0x000000db55200000,0x000000db55300000) (1024K)]
  0x00000285018c70e0 WorkerThread "GC Thread#10"                    [id=17652, stack(0x000000db55300000,0x000000db55400000) (1024K)]
  0x00000285018c8ac0 WorkerThread "GC Thread#11"                    [id=17432, stack(0x000000db55400000,0x000000db55500000) (1024K)]
  0x00000285020a2350 WorkerThread "GC Thread#12"                    [id=31600, stack(0x000000db55500000,0x000000db55600000) (1024K)]
  0x00000285020a27a0 WorkerThread "GC Thread#13"                    [id=25304, stack(0x000000db55600000,0x000000db55700000) (1024K)]
  0x000002855f066c90 ConcurrentGCThread "G1 Main Marker"            [id=4876, stack(0x000000db52e00000,0x000000db52f00000) (1024K)]
  0x000002855f067830 WorkerThread "G1 Conc#0"                       [id=29728, stack(0x000000db52f00000,0x000000db53000000) (1024K)]
  0x000002857f1a4910 WorkerThread "G1 Conc#1"                       [id=20068, stack(0x000000db54100000,0x000000db54200000) (1024K)]
  0x000002857f1a4d40 WorkerThread "G1 Conc#2"                       [id=22920, stack(0x000000db54200000,0x000000db54300000) (1024K)]
  0x000002857f27bfd0 WorkerThread "G1 Conc#3"                       [id=30896, stack(0x000000db54300000,0x000000db54400000) (1024K)]
  0x000002855f0ed810 ConcurrentGCThread "G1 Refine#0"               [id=8944, stack(0x000000db53000000,0x000000db53100000) (1024K)]
  0x000002857ad558b0 ConcurrentGCThread "G1 Service"                [id=11208, stack(0x000000db53100000,0x000000db53200000) (1024K)]
Total: 23

Threads with active compile tasks:
C2 CompilerThread0  3343 7938       4       java.util.ArrayList::indexOfRange (71 bytes)
C2 CompilerThread5  3343 7937       4       java.util.ArrayList::indexOf (11 bytes)
C2 CompilerThread6  3343 7256       4       org.jetbrains.kotlin.ir.visitors.IrVisitorVoid::visitSimpleFunction (15 bytes)
Total: 3

VM state: not at safepoint (normal execution)

VM Mutex/Monitor currently owned by a thread: None

Heap address: 0x00000000e0000000, size: 512 MB, Compressed Oops mode: 32-bit

CDS archive(s) mapped at: [0x000000000f000000-0x000000000fdd0000-0x000000000fdd0000), size 14483456, SharedBaseAddress: 0x000000000f000000, ArchiveRelocationMode: 1.
Compressed class space mapped at: 0x0000000010000000-0x0000000050000000, reserved size: 1073741824
UseCompressedClassPointers 1, UseCompactObjectHeaders 0
Narrow klass pointer bits 32, Max shift 3
Narrow klass base: 0x000000000f000000, Narrow klass shift: 0
Encoding Range: [0x000000000f000000 - 0x000000010f000000), (4294967296 bytes)
Klass Range:    [0x000000000f010000 - 0x0000000050000000), (1090453504 bytes)
Klass ID Range:  [65536 - 1090519033) (1090453497)
Protection zone: [0x000000000f000000 - 0x000000000f010000), (65536 bytes)

GC Precious Log:
 CardTable entry size: 512
 Card Set container configuration: InlinePtr #cards 5 size 8 Array Of Cards #cards 10 size 36 Howl #buckets 4 coarsen threshold 1843 Howl Bitmap #cards 512 size 80 coarsen threshold 460 Card regions per heap region 1 cards per card region 2048
 CPUs: 20 total, 20 available
 Memory: 7906M
 Large Page Support: Disabled
 NUMA Support: Disabled
 Compressed Oops: Enabled (32-bit)
 Heap Region Size: 1M
 Heap Min Capacity: 128M
 Heap Initial Capacity: 128M
 Heap Max Capacity: 512M
 Pre-touch: Disabled
 Parallel Workers: 15
 Concurrent Workers: 4
 Concurrent Refinement Workers: 15
 Periodic GC: Disabled

Heap:
 garbage-first heap   total reserved 524288K, committed 380928K, used 239539K [0x00000000e0000000, 0x0000000100000000)
  region size 1024K, 14 young (14336K), 9 survivors (9216K)

Heap Regions: E=young(eden), S=young(survivor), O=old, HS=humongous(starts), HC=humongous(continues), CS=collection set, F=free, TAMS=top-at-mark-start, PB=parsable bottom
|   0|0x00000000e0000000, 0x00000000e0100000, 0x00000000e0100000|100%| O|  |TAMS 0x00000000e0000000| PB 0x00000000e0000000| Untracked |  0
|   1|0x00000000e0100000, 0x00000000e0200000, 0x00000000e0200000|100%| O|  |TAMS 0x00000000e0100000| PB 0x00000000e0100000| Untracked |  0
|   2|0x00000000e0200000, 0x00000000e0300000, 0x00000000e0300000|100%| O|  |TAMS 0x00000000e0200000| PB 0x00000000e0200000| Untracked |  0
|   3|0x00000000e0300000, 0x00000000e0400000, 0x00000000e0400000|100%| O|  |TAMS 0x00000000e0300000| PB 0x00000000e0300000| Untracked |  0
|   4|0x00000000e0400000, 0x00000000e0500000, 0x00000000e0500000|100%| O|  |TAMS 0x00000000e0400000| PB 0x00000000e0400000| Untracked |  0
|   5|0x00000000e0500000, 0x00000000e0600000, 0x00000000e0600000|100%| O|  |TAMS 0x00000000e0500000| PB 0x00000000e0500000| Untracked |  0
|   6|0x00000000e0600000, 0x00000000e0700000, 0x00000000e0700000|100%| O|  |TAMS 0x00000000e0600000| PB 0x00000000e0600000| Untracked |  0
|   7|0x00000000e0700000, 0x00000000e0800000, 0x00000000e0800000|100%| O|  |TAMS 0x00000000e0700000| PB 0x00000000e0700000| Untracked |  0
|   8|0x00000000e0800000, 0x00000000e0900000, 0x00000000e0900000|100%| O|  |TAMS 0x00000000e0800000| PB 0x00000000e0800000| Untracked |  0
|   9|0x00000000e0900000, 0x00000000e0a00000, 0x00000000e0a00000|100%| O|  |TAMS 0x00000000e0900000| PB 0x00000000e0900000| Untracked |  0
|  10|0x00000000e0a00000, 0x00000000e0b00000, 0x00000000e0b00000|100%| O|  |TAMS 0x00000000e0a00000| PB 0x00000000e0a00000| Untracked |  0
|  11|0x00000000e0b00000, 0x00000000e0c00000, 0x00000000e0c00000|100%| O|  |TAMS 0x00000000e0b00000| PB 0x00000000e0b00000| Untracked |  0
|  12|0x00000000e0c00000, 0x00000000e0d00000, 0x00000000e0d00000|100%| O|  |TAMS 0x00000000e0c00000| PB 0x00000000e0c00000| Untracked |  0
|  13|0x00000000e0d00000, 0x00000000e0e00000, 0x00000000e0e00000|100%| O|  |TAMS 0x00000000e0d00000| PB 0x00000000e0d00000| Untracked |  0
|  14|0x00000000e0e00000, 0x00000000e0f00000, 0x00000000e0f00000|100%| O|  |TAMS 0x00000000e0e00000| PB 0x00000000e0e00000| Untracked |  0
|  15|0x00000000e0f00000, 0x00000000e1000000, 0x00000000e1000000|100%| O|  |TAMS 0x00000000e0f00000| PB 0x00000000e0f00000| Untracked |  0
|  16|0x00000000e1000000, 0x00000000e1100000, 0x00000000e1100000|100%| O|  |TAMS 0x00000000e1000000| PB 0x00000000e1000000| Untracked |  0
|  17|0x00000000e1100000, 0x00000000e1200000, 0x00000000e1200000|100%| O|  |TAMS 0x00000000e1100000| PB 0x00000000e1100000| Untracked |  0
|  18|0x00000000e1200000, 0x00000000e1300000, 0x00000000e1300000|100%| O|  |TAMS 0x00000000e1200000| PB 0x00000000e1200000| Untracked |  0
|  19|0x00000000e1300000, 0x00000000e1400000, 0x00000000e1400000|100%| O|  |TAMS 0x00000000e1300000| PB 0x00000000e1300000| Untracked |  0
|  20|0x00000000e1400000, 0x00000000e1500000, 0x00000000e1500000|100%| O|  |TAMS 0x00000000e1400000| PB 0x00000000e1400000| Untracked |  0
|  21|0x00000000e1500000, 0x00000000e1600000, 0x00000000e1600000|100%| O|  |TAMS 0x00000000e1500000| PB 0x00000000e1500000| Untracked |  0
|  22|0x00000000e1600000, 0x00000000e1700000, 0x00000000e1700000|100%| O|  |TAMS 0x00000000e1600000| PB 0x00000000e1600000| Untracked |  0
|  23|0x00000000e1700000, 0x00000000e1800000, 0x00000000e1800000|100%| O|  |TAMS 0x00000000e1700000| PB 0x00000000e1700000| Untracked |  0
|  24|0x00000000e1800000, 0x00000000e1900000, 0x00000000e1900000|100%| O|  |TAMS 0x00000000e1800000| PB 0x00000000e1800000| Untracked |  0
|  25|0x00000000e1900000, 0x00000000e1a00000, 0x00000000e1a00000|100%| O|  |TAMS 0x00000000e1900000| PB 0x00000000e1900000| Untracked |  0
|  26|0x00000000e1a00000, 0x00000000e1b00000, 0x00000000e1b00000|100%| O|  |TAMS 0x00000000e1a00000| PB 0x00000000e1a00000| Untracked |  0
|  27|0x00000000e1b00000, 0x00000000e1c00000, 0x00000000e1c00000|100%| O|  |TAMS 0x00000000e1b00000| PB 0x00000000e1b00000| Untracked |  0
|  28|0x00000000e1c00000, 0x00000000e1d00000, 0x00000000e1d00000|100%| O|  |TAMS 0x00000000e1c00000| PB 0x00000000e1c00000| Untracked |  0
|  29|0x00000000e1d00000, 0x00000000e1e00000, 0x00000000e1e00000|100%| O|  |TAMS 0x00000000e1d00000| PB 0x00000000e1d00000| Untracked |  0
|  30|0x00000000e1e00000, 0x00000000e1f00000, 0x00000000e1f00000|100%| O|  |TAMS 0x00000000e1e00000| PB 0x00000000e1e00000| Untracked |  0
|  31|0x00000000e1f00000, 0x00000000e2000000, 0x00000000e2000000|100%| O|  |TAMS 0x00000000e1f00000| PB 0x00000000e1f00000| Untracked |  0
|  32|0x00000000e2000000, 0x00000000e2100000, 0x00000000e2100000|100%| O|  |TAMS 0x00000000e2000000| PB 0x00000000e2000000| Untracked |  0
|  33|0x00000000e2100000, 0x00000000e2200000, 0x00000000e2200000|100%| O|  |TAMS 0x00000000e2100000| PB 0x00000000e2100000| Untracked |  0
|  34|0x00000000e2200000, 0x00000000e2300000, 0x00000000e2300000|100%| O|  |TAMS 0x00000000e2200000| PB 0x00000000e2200000| Untracked |  0
|  35|0x00000000e2300000, 0x00000000e2400000, 0x00000000e2400000|100%| O|  |TAMS 0x00000000e2300000| PB 0x00000000e2300000| Untracked |  0
|  36|0x00000000e2400000, 0x00000000e2500000, 0x00000000e2500000|100%| O|  |TAMS 0x00000000e2400000| PB 0x00000000e2400000| Untracked |  0
|  37|0x00000000e2500000, 0x00000000e2600000, 0x00000000e2600000|100%| O|  |TAMS 0x00000000e2500000| PB 0x00000000e2500000| Untracked |  0
|  38|0x00000000e2600000, 0x00000000e2700000, 0x00000000e2700000|100%| O|Cm|TAMS 0x00000000e2600000| PB 0x00000000e2600000| Complete |  0
|  39|0x00000000e2700000, 0x00000000e2800000, 0x00000000e2800000|100%| O|  |TAMS 0x00000000e2700000| PB 0x00000000e2700000| Untracked |  0
|  40|0x00000000e2800000, 0x00000000e2900000, 0x00000000e2900000|100%| O|  |TAMS 0x00000000e2800000| PB 0x00000000e2800000| Untracked |  0
|  41|0x00000000e2900000, 0x00000000e2a00000, 0x00000000e2a00000|100%| O|  |TAMS 0x00000000e2900000| PB 0x00000000e2900000| Untracked |  0
|  42|0x00000000e2a00000, 0x00000000e2b00000, 0x00000000e2b00000|100%| O|  |TAMS 0x00000000e2a00000| PB 0x00000000e2a00000| Untracked |  0
|  43|0x00000000e2b00000, 0x00000000e2c00000, 0x00000000e2c00000|100%| O|  |TAMS 0x00000000e2b00000| PB 0x00000000e2b00000| Untracked |  0
|  44|0x00000000e2c00000, 0x00000000e2d00000, 0x00000000e2d00000|100%| O|  |TAMS 0x00000000e2c00000| PB 0x00000000e2c00000| Untracked |  0
|  45|0x00000000e2d00000, 0x00000000e2e00000, 0x00000000e2e00000|100%| O|  |TAMS 0x00000000e2d00000| PB 0x00000000e2d00000| Untracked |  0
|  46|0x00000000e2e00000, 0x00000000e2f00000, 0x00000000e2f00000|100%| O|  |TAMS 0x00000000e2e00000| PB 0x00000000e2e00000| Untracked |  0
|  47|0x00000000e2f00000, 0x00000000e3000000, 0x00000000e3000000|100%| O|  |TAMS 0x00000000e2f00000| PB 0x00000000e2f00000| Untracked |  0
|  48|0x00000000e3000000, 0x00000000e3100000, 0x00000000e3100000|100%| O|  |TAMS 0x00000000e3000000| PB 0x00000000e3000000| Untracked |  0
|  49|0x00000000e3100000, 0x00000000e3200000, 0x00000000e3200000|100%| O|  |TAMS 0x00000000e3100000| PB 0x00000000e3100000| Untracked |  0
|  50|0x00000000e3200000, 0x00000000e3300000, 0x00000000e3300000|100%| O|  |TAMS 0x00000000e3200000| PB 0x00000000e3200000| Untracked |  0
|  51|0x00000000e3300000, 0x00000000e3400000, 0x00000000e3400000|100%| O|  |TAMS 0x00000000e3300000| PB 0x00000000e3300000| Untracked |  0
|  52|0x00000000e3400000, 0x00000000e3500000, 0x00000000e3500000|100%| O|  |TAMS 0x00000000e3400000| PB 0x00000000e3400000| Untracked |  0
|  53|0x00000000e3500000, 0x00000000e3600000, 0x00000000e3600000|100%| O|  |TAMS 0x00000000e3500000| PB 0x00000000e3500000| Untracked |  0
|  54|0x00000000e3600000, 0x00000000e3700000, 0x00000000e3700000|100%| O|  |TAMS 0x00000000e3600000| PB 0x00000000e3600000| Untracked |  0
|  55|0x00000000e3700000, 0x00000000e3800000, 0x00000000e3800000|100%| O|  |TAMS 0x00000000e3700000| PB 0x00000000e3700000| Untracked |  0
|  56|0x00000000e3800000, 0x00000000e3900000, 0x00000000e3900000|100%| O|  |TAMS 0x00000000e3800000| PB 0x00000000e3800000| Untracked |  0
|  57|0x00000000e3900000, 0x00000000e3a00000, 0x00000000e3a00000|100%| O|  |TAMS 0x00000000e3900000| PB 0x00000000e3900000| Untracked |  0
|  58|0x00000000e3a00000, 0x00000000e3b00000, 0x00000000e3b00000|100%| O|  |TAMS 0x00000000e3a00000| PB 0x00000000e3a00000| Untracked |  0
|  59|0x00000000e3b00000, 0x00000000e3c00000, 0x00000000e3c00000|100%| O|  |TAMS 0x00000000e3b00000| PB 0x00000000e3b00000| Untracked |  0
|  60|0x00000000e3c00000, 0x00000000e3d00000, 0x00000000e3d00000|100%| O|  |TAMS 0x00000000e3c00000| PB 0x00000000e3c00000| Untracked |  0
|  61|0x00000000e3d00000, 0x00000000e3e00000, 0x00000000e3e00000|100%| O|  |TAMS 0x00000000e3d00000| PB 0x00000000e3d00000| Untracked |  0
|  62|0x00000000e3e00000, 0x00000000e3f00000, 0x00000000e3f00000|100%| O|  |TAMS 0x00000000e3e00000| PB 0x00000000e3e00000| Untracked |  0
|  63|0x00000000e3f00000, 0x00000000e4000000, 0x00000000e4000000|100%| O|  |TAMS 0x00000000e3f00000| PB 0x00000000e3f00000| Untracked |  0
|  64|0x00000000e4000000, 0x00000000e4100000, 0x00000000e4100000|100%| O|  |TAMS 0x00000000e4000000| PB 0x00000000e4000000| Untracked |  0
|  65|0x00000000e4100000, 0x00000000e4200000, 0x00000000e4200000|100%| O|  |TAMS 0x00000000e4100000| PB 0x00000000e4100000| Untracked |  0
|  66|0x00000000e4200000, 0x00000000e4300000, 0x00000000e4300000|100%| O|  |TAMS 0x00000000e4200000| PB 0x00000000e4200000| Untracked |  0
|  67|0x00000000e4300000, 0x00000000e4400000, 0x00000000e4400000|100%| O|  |TAMS 0x00000000e4300000| PB 0x00000000e4300000| Untracked |  0
|  68|0x00000000e4400000, 0x00000000e4500000, 0x00000000e4500000|100%| O|  |TAMS 0x00000000e4400000| PB 0x00000000e4400000| Untracked |  0
|  69|0x00000000e4500000, 0x00000000e4600000, 0x00000000e4600000|100%| O|  |TAMS 0x00000000e4500000| PB 0x00000000e4500000| Untracked |  0
|  70|0x00000000e4600000, 0x00000000e4700000, 0x00000000e4700000|100%| O|  |TAMS 0x00000000e4600000| PB 0x00000000e4600000| Untracked |  0
|  71|0x00000000e4700000, 0x00000000e4800000, 0x00000000e4800000|100%| O|  |TAMS 0x00000000e4700000| PB 0x00000000e4700000| Untracked |  0
|  72|0x00000000e4800000, 0x00000000e4900000, 0x00000000e4900000|100%| O|  |TAMS 0x00000000e4800000| PB 0x00000000e4800000| Untracked |  0
|  73|0x00000000e4900000, 0x00000000e4a00000, 0x00000000e4a00000|100%| O|  |TAMS 0x00000000e4900000| PB 0x00000000e4900000| Untracked |  0
|  74|0x00000000e4a00000, 0x00000000e4b00000, 0x00000000e4b00000|100%| O|  |TAMS 0x00000000e4a00000| PB 0x00000000e4a00000| Untracked |  0
|  75|0x00000000e4b00000, 0x00000000e4c00000, 0x00000000e4c00000|100%| O|  |TAMS 0x00000000e4b00000| PB 0x00000000e4b00000| Untracked |  0
|  76|0x00000000e4c00000, 0x00000000e4d00000, 0x00000000e4d00000|100%| O|  |TAMS 0x00000000e4c00000| PB 0x00000000e4c00000| Untracked |  0
|  77|0x00000000e4d00000, 0x00000000e4e00000, 0x00000000e4e00000|100%| O|  |TAMS 0x00000000e4d00000| PB 0x00000000e4d00000| Untracked |  0
|  78|0x00000000e4e00000, 0x00000000e4f00000, 0x00000000e4f00000|100%| O|  |TAMS 0x00000000e4e00000| PB 0x00000000e4e00000| Untracked |  0
|  79|0x00000000e4f00000, 0x00000000e5000000, 0x00000000e5000000|100%| O|  |TAMS 0x00000000e4f00000| PB 0x00000000e4f00000| Untracked |  0
|  80|0x00000000e5000000, 0x00000000e5100000, 0x00000000e5100000|100%| O|  |TAMS 0x00000000e5000000| PB 0x00000000e5000000| Untracked |  0
|  81|0x00000000e5100000, 0x00000000e5200000, 0x00000000e5200000|100%| O|  |TAMS 0x00000000e5100000| PB 0x00000000e5100000| Untracked |  0
|  82|0x00000000e5200000, 0x00000000e5300000, 0x00000000e5300000|100%| O|  |TAMS 0x00000000e5200000| PB 0x00000000e5200000| Untracked |  0
|  83|0x00000000e5300000, 0x00000000e5400000, 0x00000000e5400000|100%| O|  |TAMS 0x00000000e5300000| PB 0x00000000e5300000| Untracked |  0
|  84|0x00000000e5400000, 0x00000000e5500000, 0x00000000e5500000|100%| O|  |TAMS 0x00000000e5400000| PB 0x00000000e5400000| Untracked |  0
|  85|0x00000000e5500000, 0x00000000e5600000, 0x00000000e5600000|100%| O|  |TAMS 0x00000000e5500000| PB 0x00000000e5500000| Untracked |  0
|  86|0x00000000e5600000, 0x00000000e5700000, 0x00000000e5700000|100%| O|  |TAMS 0x00000000e5600000| PB 0x00000000e5600000| Untracked |  0
|  87|0x00000000e5700000, 0x00000000e5800000, 0x00000000e5800000|100%| O|  |TAMS 0x00000000e5700000| PB 0x00000000e5700000| Untracked |  0
|  88|0x00000000e5800000, 0x00000000e5900000, 0x00000000e5900000|100%| O|  |TAMS 0x00000000e5800000| PB 0x00000000e5800000| Untracked |  0
|  89|0x00000000e5900000, 0x00000000e5a00000, 0x00000000e5a00000|100%| O|  |TAMS 0x00000000e5900000| PB 0x00000000e5900000| Untracked |  0
|  90|0x00000000e5a00000, 0x00000000e5b00000, 0x00000000e5b00000|100%| O|  |TAMS 0x00000000e5a00000| PB 0x00000000e5a00000| Untracked |  0
|  91|0x00000000e5b00000, 0x00000000e5c00000, 0x00000000e5c00000|100%| O|  |TAMS 0x00000000e5b00000| PB 0x00000000e5b00000| Untracked |  0
|  92|0x00000000e5c00000, 0x00000000e5d00000, 0x00000000e5d00000|100%| O|  |TAMS 0x00000000e5c00000| PB 0x00000000e5c00000| Untracked |  0
|  93|0x00000000e5d00000, 0x00000000e5e00000, 0x00000000e5e00000|100%| O|  |TAMS 0x00000000e5d00000| PB 0x00000000e5d00000| Untracked |  0
|  94|0x00000000e5e00000, 0x00000000e5f00000, 0x00000000e5f00000|100%| O|  |TAMS 0x00000000e5e00000| PB 0x00000000e5e00000| Untracked |  0
|  95|0x00000000e5f00000, 0x00000000e6000000, 0x00000000e6000000|100%| O|  |TAMS 0x00000000e5f00000| PB 0x00000000e5f00000| Untracked |  0
|  96|0x00000000e6000000, 0x00000000e6100000, 0x00000000e6100000|100%| O|  |TAMS 0x00000000e6000000| PB 0x00000000e6000000| Untracked |  0
|  97|0x00000000e6100000, 0x00000000e6200000, 0x00000000e6200000|100%| O|  |TAMS 0x00000000e6100000| PB 0x00000000e6100000| Untracked |  0
|  98|0x00000000e6200000, 0x00000000e6300000, 0x00000000e6300000|100%| O|  |TAMS 0x00000000e6200000| PB 0x00000000e6200000| Untracked |  0
|  99|0x00000000e6300000, 0x00000000e6400000, 0x00000000e6400000|100%| O|  |TAMS 0x00000000e6300000| PB 0x00000000e6300000| Untracked |  0
| 100|0x00000000e6400000, 0x00000000e6500000, 0x00000000e6500000|100%| O|  |TAMS 0x00000000e6400000| PB 0x00000000e6400000| Untracked |  0
| 101|0x00000000e6500000, 0x00000000e6600000, 0x00000000e6600000|100%| O|  |TAMS 0x00000000e6500000| PB 0x00000000e6500000| Untracked |  0
| 102|0x00000000e6600000, 0x00000000e6700000, 0x00000000e6700000|100%| O|  |TAMS 0x00000000e6600000| PB 0x00000000e6600000| Untracked |  0
| 103|0x00000000e6700000, 0x00000000e6800000, 0x00000000e6800000|100%| O|  |TAMS 0x00000000e6700000| PB 0x00000000e6700000| Untracked |  0
| 104|0x00000000e6800000, 0x00000000e6900000, 0x00000000e6900000|100%| O|  |TAMS 0x00000000e6800000| PB 0x00000000e6800000| Untracked |  0
| 105|0x00000000e6900000, 0x00000000e6a00000, 0x00000000e6a00000|100%| O|  |TAMS 0x00000000e6900000| PB 0x00000000e6900000| Untracked |  0
| 106|0x00000000e6a00000, 0x00000000e6b00000, 0x00000000e6b00000|100%| O|  |TAMS 0x00000000e6a00000| PB 0x00000000e6a00000| Untracked |  0
| 107|0x00000000e6b00000, 0x00000000e6c00000, 0x00000000e6c00000|100%| O|  |TAMS 0x00000000e6b00000| PB 0x00000000e6b00000| Untracked |  0
| 108|0x00000000e6c00000, 0x00000000e6d00000, 0x00000000e6d00000|100%| O|  |TAMS 0x00000000e6c00000| PB 0x00000000e6c00000| Untracked |  0
| 109|0x00000000e6d00000, 0x00000000e6e00000, 0x00000000e6e00000|100%| O|  |TAMS 0x00000000e6d00000| PB 0x00000000e6d00000| Untracked |  0
| 110|0x00000000e6e00000, 0x00000000e6f00000, 0x00000000e6f00000|100%| O|  |TAMS 0x00000000e6e00000| PB 0x00000000e6e00000| Untracked |  0
| 111|0x00000000e6f00000, 0x00000000e7000000, 0x00000000e7000000|100%| O|  |TAMS 0x00000000e6f00000| PB 0x00000000e6f00000| Untracked |  0
| 112|0x00000000e7000000, 0x00000000e7100000, 0x00000000e7100000|100%| O|  |TAMS 0x00000000e7000000| PB 0x00000000e7000000| Untracked |  0
| 113|0x00000000e7100000, 0x00000000e7200000, 0x00000000e7200000|100%| O|  |TAMS 0x00000000e7100000| PB 0x00000000e7100000| Untracked |  0
| 114|0x00000000e7200000, 0x00000000e7300000, 0x00000000e7300000|100%| O|  |TAMS 0x00000000e7200000| PB 0x00000000e7200000| Untracked |  0
| 115|0x00000000e7300000, 0x00000000e7400000, 0x00000000e7400000|100%| O|  |TAMS 0x00000000e7300000| PB 0x00000000e7300000| Untracked |  0
| 116|0x00000000e7400000, 0x00000000e7500000, 0x00000000e7500000|100%| O|  |TAMS 0x00000000e7400000| PB 0x00000000e7400000| Untracked |  0
| 117|0x00000000e7500000, 0x00000000e7600000, 0x00000000e7600000|100%| O|  |TAMS 0x00000000e7500000| PB 0x00000000e7500000| Untracked |  0
| 118|0x00000000e7600000, 0x00000000e7700000, 0x00000000e7700000|100%| O|  |TAMS 0x00000000e7600000| PB 0x00000000e7600000| Untracked |  0
| 119|0x00000000e7700000, 0x00000000e7800000, 0x00000000e7800000|100%| O|  |TAMS 0x00000000e7700000| PB 0x00000000e7700000| Untracked |  0
| 120|0x00000000e7800000, 0x00000000e7900000, 0x00000000e7900000|100%| O|  |TAMS 0x00000000e7800000| PB 0x00000000e7800000| Untracked |  0
| 121|0x00000000e7900000, 0x00000000e7a00000, 0x00000000e7a00000|100%| O|  |TAMS 0x00000000e7900000| PB 0x00000000e7900000| Untracked |  0
| 122|0x00000000e7a00000, 0x00000000e7b00000, 0x00000000e7b00000|100%| O|  |TAMS 0x00000000e7a00000| PB 0x00000000e7a00000| Untracked |  0
| 123|0x00000000e7b00000, 0x00000000e7c00000, 0x00000000e7c00000|100%| O|  |TAMS 0x00000000e7b00000| PB 0x00000000e7b00000| Untracked |  0
| 124|0x00000000e7c00000, 0x00000000e7d00000, 0x00000000e7d00000|100%| O|  |TAMS 0x00000000e7c00000| PB 0x00000000e7c00000| Untracked |  0
| 125|0x00000000e7d00000, 0x00000000e7e00000, 0x00000000e7e00000|100%| O|  |TAMS 0x00000000e7d00000| PB 0x00000000e7d00000| Untracked |  0
| 126|0x00000000e7e00000, 0x00000000e7f00000, 0x00000000e7f00000|100%| O|  |TAMS 0x00000000e7e00000| PB 0x00000000e7e00000| Untracked |  0
| 127|0x00000000e7f00000, 0x00000000e8000000, 0x00000000e8000000|100%| O|  |TAMS 0x00000000e7f00000| PB 0x00000000e7f00000| Untracked |  0
| 128|0x00000000e8000000, 0x00000000e8100000, 0x00000000e8100000|100%| O|  |TAMS 0x00000000e8000000| PB 0x00000000e8000000| Untracked |  0
| 129|0x00000000e8100000, 0x00000000e8200000, 0x00000000e8200000|100%| O|  |TAMS 0x00000000e8100000| PB 0x00000000e8100000| Untracked |  0
| 130|0x00000000e8200000, 0x00000000e8300000, 0x00000000e8300000|100%| O|  |TAMS 0x00000000e8200000| PB 0x00000000e8200000| Untracked |  0
| 131|0x00000000e8300000, 0x00000000e8400000, 0x00000000e8400000|100%| O|  |TAMS 0x00000000e8300000| PB 0x00000000e8300000| Untracked |  0
| 132|0x00000000e8400000, 0x00000000e8500000, 0x00000000e8500000|100%| O|  |TAMS 0x00000000e8400000| PB 0x00000000e8400000| Untracked |  0
| 133|0x00000000e8500000, 0x00000000e8600000, 0x00000000e8600000|100%| O|  |TAMS 0x00000000e8500000| PB 0x00000000e8500000| Untracked |  0
| 134|0x00000000e8600000, 0x00000000e8700000, 0x00000000e8700000|100%| O|  |TAMS 0x00000000e8600000| PB 0x00000000e8600000| Untracked |  0
| 135|0x00000000e8700000, 0x00000000e8800000, 0x00000000e8800000|100%| O|  |TAMS 0x00000000e8700000| PB 0x00000000e8700000| Untracked |  0
| 136|0x00000000e8800000, 0x00000000e8900000, 0x00000000e8900000|100%| O|  |TAMS 0x00000000e8800000| PB 0x00000000e8800000| Untracked |  0
| 137|0x00000000e8900000, 0x00000000e8a00000, 0x00000000e8a00000|100%| O|  |TAMS 0x00000000e8900000| PB 0x00000000e8900000| Untracked |  0
| 138|0x00000000e8a00000, 0x00000000e8b00000, 0x00000000e8b00000|100%| O|  |TAMS 0x00000000e8a00000| PB 0x00000000e8a00000| Untracked |  0
| 139|0x00000000e8b00000, 0x00000000e8c00000, 0x00000000e8c00000|100%| O|  |TAMS 0x00000000e8b00000| PB 0x00000000e8b00000| Untracked |  0
| 140|0x00000000e8c00000, 0x00000000e8d00000, 0x00000000e8d00000|100%| O|  |TAMS 0x00000000e8c00000| PB 0x00000000e8c00000| Untracked |  0
| 141|0x00000000e8d00000, 0x00000000e8e00000, 0x00000000e8e00000|100%|HS|  |TAMS 0x00000000e8d00000| PB 0x00000000e8d00000| Complete |  0
| 142|0x00000000e8e00000, 0x00000000e8f00000, 0x00000000e8f00000|100%| O|  |TAMS 0x00000000e8e00000| PB 0x00000000e8e00000| Untracked |  0
| 143|0x00000000e8f00000, 0x00000000e9000000, 0x00000000e9000000|100%| O|  |TAMS 0x00000000e8f00000| PB 0x00000000e8f00000| Untracked |  0
| 144|0x00000000e9000000, 0x00000000e9100000, 0x00000000e9100000|100%| O|  |TAMS 0x00000000e9000000| PB 0x00000000e9000000| Untracked |  0
| 145|0x00000000e9100000, 0x00000000e9200000, 0x00000000e9200000|100%| O|  |TAMS 0x00000000e9100000| PB 0x00000000e9100000| Untracked |  0
| 146|0x00000000e9200000, 0x00000000e9300000, 0x00000000e9300000|100%| O|  |TAMS 0x00000000e9200000| PB 0x00000000e9200000| Untracked |  0
| 147|0x00000000e9300000, 0x00000000e9400000, 0x00000000e9400000|100%| O|  |TAMS 0x00000000e9300000| PB 0x00000000e9300000| Untracked |  0
| 148|0x00000000e9400000, 0x00000000e9500000, 0x00000000e9500000|100%| O|  |TAMS 0x00000000e9400000| PB 0x00000000e9400000| Untracked |  0
| 149|0x00000000e9500000, 0x00000000e9600000, 0x00000000e9600000|100%| O|  |TAMS 0x00000000e9500000| PB 0x00000000e9500000| Untracked |  0
| 150|0x00000000e9600000, 0x00000000e9700000, 0x00000000e9700000|100%| O|  |TAMS 0x00000000e9600000| PB 0x00000000e9600000| Untracked |  0
| 151|0x00000000e9700000, 0x00000000e9800000, 0x00000000e9800000|100%| O|  |TAMS 0x00000000e9700000| PB 0x00000000e9700000| Untracked |  0
| 152|0x00000000e9800000, 0x00000000e9900000, 0x00000000e9900000|100%| O|  |TAMS 0x00000000e9800000| PB 0x00000000e9800000| Untracked |  0
| 153|0x00000000e9900000, 0x00000000e9a00000, 0x00000000e9a00000|100%| O|  |TAMS 0x00000000e9900000| PB 0x00000000e9900000| Untracked |  0
| 154|0x00000000e9a00000, 0x00000000e9b00000, 0x00000000e9b00000|100%| O|  |TAMS 0x00000000e9a00000| PB 0x00000000e9a00000| Untracked |  0
| 155|0x00000000e9b00000, 0x00000000e9c00000, 0x00000000e9c00000|100%|HS|  |TAMS 0x00000000e9b00000| PB 0x00000000e9b00000| Complete |  0
| 156|0x00000000e9c00000, 0x00000000e9d00000, 0x00000000e9d00000|100%| O|  |TAMS 0x00000000e9c00000| PB 0x00000000e9c00000| Untracked |  0
| 157|0x00000000e9d00000, 0x00000000e9e00000, 0x00000000e9e00000|100%| O|  |TAMS 0x00000000e9d00000| PB 0x00000000e9d00000| Untracked |  0
| 158|0x00000000e9e00000, 0x00000000e9f00000, 0x00000000e9f00000|100%| O|  |TAMS 0x00000000e9e00000| PB 0x00000000e9e00000| Untracked |  0
| 159|0x00000000e9f00000, 0x00000000ea000000, 0x00000000ea000000|100%| O|  |TAMS 0x00000000e9f00000| PB 0x00000000e9f00000| Untracked |  0
| 160|0x00000000ea000000, 0x00000000ea100000, 0x00000000ea100000|100%| O|  |TAMS 0x00000000ea000000| PB 0x00000000ea000000| Untracked |  0
| 161|0x00000000ea100000, 0x00000000ea200000, 0x00000000ea200000|100%| O|  |TAMS 0x00000000ea100000| PB 0x00000000ea100000| Untracked |  0
| 162|0x00000000ea200000, 0x00000000ea300000, 0x00000000ea300000|100%| O|  |TAMS 0x00000000ea200000| PB 0x00000000ea200000| Untracked |  0
| 163|0x00000000ea300000, 0x00000000ea400000, 0x00000000ea400000|100%| O|  |TAMS 0x00000000ea300000| PB 0x00000000ea300000| Untracked |  0
| 164|0x00000000ea400000, 0x00000000ea500000, 0x00000000ea500000|100%| O|  |TAMS 0x00000000ea400000| PB 0x00000000ea400000| Untracked |  0
| 165|0x00000000ea500000, 0x00000000ea600000, 0x00000000ea600000|100%| O|Cm|TAMS 0x00000000ea500000| PB 0x00000000ea500000| Complete |  0
| 166|0x00000000ea600000, 0x00000000ea700000, 0x00000000ea700000|100%| O|Cm|TAMS 0x00000000ea600000| PB 0x00000000ea600000| Complete |  0
| 167|0x00000000ea700000, 0x00000000ea800000, 0x00000000ea800000|100%| O|Cm|TAMS 0x00000000ea700000| PB 0x00000000ea700000| Complete |  0
| 168|0x00000000ea800000, 0x00000000ea900000, 0x00000000ea900000|100%| O|Cm|TAMS 0x00000000ea800000| PB 0x00000000ea800000| Complete |  0
| 169|0x00000000ea900000, 0x00000000eaa00000, 0x00000000eaa00000|100%| O|  |TAMS 0x00000000ea900000| PB 0x00000000ea900000| Untracked |  0
| 170|0x00000000eaa00000, 0x00000000eab00000, 0x00000000eab00000|100%| O|Cm|TAMS 0x00000000eaa00000| PB 0x00000000eaa00000| Complete |  0
| 171|0x00000000eab00000, 0x00000000eac00000, 0x00000000eac00000|100%| O|  |TAMS 0x00000000eab00000| PB 0x00000000eab00000| Untracked |  0
| 172|0x00000000eac00000, 0x00000000ead00000, 0x00000000ead00000|100%| O|Cm|TAMS 0x00000000eac00000| PB 0x00000000eac00000| Complete |  0
| 173|0x00000000ead00000, 0x00000000eae00000, 0x00000000eae00000|100%| O|  |TAMS 0x00000000ead00000| PB 0x00000000ead00000| Untracked |  0
| 174|0x00000000eae00000, 0x00000000eaf00000, 0x00000000eaf00000|100%| O|  |TAMS 0x00000000eae00000| PB 0x00000000eae00000| Untracked |  0
| 175|0x00000000eaf00000, 0x00000000eb000000, 0x00000000eb000000|100%| O|Cm|TAMS 0x00000000eaf00000| PB 0x00000000eaf00000| Complete |  0
| 176|0x00000000eb000000, 0x00000000eb100000, 0x00000000eb100000|100%| O|  |TAMS 0x00000000eb000000| PB 0x00000000eb000000| Untracked |  0
| 177|0x00000000eb100000, 0x00000000eb200000, 0x00000000eb200000|100%| O|  |TAMS 0x00000000eb100000| PB 0x00000000eb100000| Untracked |  0
| 178|0x00000000eb200000, 0x00000000eb300000, 0x00000000eb300000|100%| O|  |TAMS 0x00000000eb200000| PB 0x00000000eb200000| Untracked |  0
| 179|0x00000000eb300000, 0x00000000eb400000, 0x00000000eb400000|100%| O|  |TAMS 0x00000000eb300000| PB 0x00000000eb300000| Untracked |  0
| 180|0x00000000eb400000, 0x00000000eb500000, 0x00000000eb500000|100%| O|  |TAMS 0x00000000eb400000| PB 0x00000000eb400000| Untracked |  0
| 181|0x00000000eb500000, 0x00000000eb600000, 0x00000000eb600000|100%|HS|  |TAMS 0x00000000eb500000| PB 0x00000000eb500000| Complete |  0
| 182|0x00000000eb600000, 0x00000000eb700000, 0x00000000eb700000|100%|HC|  |TAMS 0x00000000eb600000| PB 0x00000000eb600000| Complete |  0
| 183|0x00000000eb700000, 0x00000000eb800000, 0x00000000eb800000|100%|HC|  |TAMS 0x00000000eb700000| PB 0x00000000eb700000| Complete |  0
| 184|0x00000000eb800000, 0x00000000eb900000, 0x00000000eb900000|100%|HC|  |TAMS 0x00000000eb800000| PB 0x00000000eb800000| Complete |  0
| 185|0x00000000eb900000, 0x00000000eba00000, 0x00000000eba00000|100%| O|  |TAMS 0x00000000eb900000| PB 0x00000000eb900000| Untracked |  0
| 186|0x00000000eba00000, 0x00000000ebb00000, 0x00000000ebb00000|100%| O|  |TAMS 0x00000000eba00000| PB 0x00000000eba00000| Untracked |  0
| 187|0x00000000ebb00000, 0x00000000ebc00000, 0x00000000ebc00000|100%| O|  |TAMS 0x00000000ebb00000| PB 0x00000000ebb00000| Untracked |  0
| 188|0x00000000ebc00000, 0x00000000ebd00000, 0x00000000ebd00000|100%| O|  |TAMS 0x00000000ebc00000| PB 0x00000000ebc00000| Untracked |  0
| 189|0x00000000ebd00000, 0x00000000ebe00000, 0x00000000ebe00000|100%| O|  |TAMS 0x00000000ebd00000| PB 0x00000000ebd00000| Untracked |  0
| 190|0x00000000ebe00000, 0x00000000ebf00000, 0x00000000ebf00000|100%| O|  |TAMS 0x00000000ebe00000| PB 0x00000000ebe00000| Untracked |  0
| 191|0x00000000ebf00000, 0x00000000ec000000, 0x00000000ec000000|100%| O|  |TAMS 0x00000000ebf00000| PB 0x00000000ebf00000| Untracked |  0
| 192|0x00000000ec000000, 0x00000000ec100000, 0x00000000ec100000|100%| O|  |TAMS 0x00000000ec000000| PB 0x00000000ec000000| Untracked |  0
| 193|0x00000000ec100000, 0x00000000ec200000, 0x00000000ec200000|100%| O|  |TAMS 0x00000000ec100000| PB 0x00000000ec100000| Untracked |  0
| 194|0x00000000ec200000, 0x00000000ec300000, 0x00000000ec300000|100%| O|  |TAMS 0x00000000ec200000| PB 0x00000000ec200000| Untracked |  0
| 195|0x00000000ec300000, 0x00000000ec400000, 0x00000000ec400000|100%| O|  |TAMS 0x00000000ec300000| PB 0x00000000ec300000| Untracked |  0
| 196|0x00000000ec400000, 0x00000000ec500000, 0x00000000ec500000|100%|HS|  |TAMS 0x00000000ec400000| PB 0x00000000ec400000| Complete |  0
| 197|0x00000000ec500000, 0x00000000ec600000, 0x00000000ec600000|100%| O|  |TAMS 0x00000000ec500000| PB 0x00000000ec500000| Untracked |  0
| 198|0x00000000ec600000, 0x00000000ec700000, 0x00000000ec700000|100%| O|  |TAMS 0x00000000ec600000| PB 0x00000000ec600000| Untracked |  0
| 199|0x00000000ec700000, 0x00000000ec800000, 0x00000000ec800000|100%| O|  |TAMS 0x00000000ec700000| PB 0x00000000ec700000| Untracked |  0
| 200|0x00000000ec800000, 0x00000000ec900000, 0x00000000ec900000|100%| O|  |TAMS 0x00000000ec800000| PB 0x00000000ec800000| Untracked |  0
| 201|0x00000000ec900000, 0x00000000eca00000, 0x00000000eca00000|100%| O|  |TAMS 0x00000000ec900000| PB 0x00000000ec900000| Untracked |  0
| 202|0x00000000eca00000, 0x00000000ecb00000, 0x00000000ecb00000|100%|HS|  |TAMS 0x00000000eca00000| PB 0x00000000eca00000| Complete |  0
| 203|0x00000000ecb00000, 0x00000000ecc00000, 0x00000000ecc00000|100%|HC|  |TAMS 0x00000000ecb00000| PB 0x00000000ecb00000| Complete |  0
| 204|0x00000000ecc00000, 0x00000000ecd00000, 0x00000000ecd00000|100%|HC|  |TAMS 0x00000000ecc00000| PB 0x00000000ecc00000| Complete |  0
| 205|0x00000000ecd00000, 0x00000000ece00000, 0x00000000ece00000|100%|HC|  |TAMS 0x00000000ecd00000| PB 0x00000000ecd00000| Complete |  0
| 206|0x00000000ece00000, 0x00000000ecf00000, 0x00000000ecf00000|100%|HC|  |TAMS 0x00000000ece00000| PB 0x00000000ece00000| Complete |  0
| 207|0x00000000ecf00000, 0x00000000ed000000, 0x00000000ed000000|100%| O|  |TAMS 0x00000000ecf00000| PB 0x00000000ecf00000| Untracked |  0
| 208|0x00000000ed000000, 0x00000000ed100000, 0x00000000ed100000|100%| O|  |TAMS 0x00000000ed000000| PB 0x00000000ed000000| Untracked |  0
| 209|0x00000000ed100000, 0x00000000ed200000, 0x00000000ed200000|100%| O|  |TAMS 0x00000000ed100000| PB 0x00000000ed100000| Untracked |  0
| 210|0x00000000ed200000, 0x00000000ed300000, 0x00000000ed300000|100%| O|  |TAMS 0x00000000ed200000| PB 0x00000000ed200000| Untracked |  0
| 211|0x00000000ed300000, 0x00000000ed400000, 0x00000000ed400000|100%| O|  |TAMS 0x00000000ed300000| PB 0x00000000ed300000| Untracked |  0
| 212|0x00000000ed400000, 0x00000000ed500000, 0x00000000ed500000|100%| O|  |TAMS 0x00000000ed400000| PB 0x00000000ed400000| Untracked |  0
| 213|0x00000000ed500000, 0x00000000ed600000, 0x00000000ed600000|100%| O|  |TAMS 0x00000000ed500000| PB 0x00000000ed500000| Untracked |  0
| 214|0x00000000ed600000, 0x00000000ed700000, 0x00000000ed700000|100%| O|  |TAMS 0x00000000ed600000| PB 0x00000000ed600000| Untracked |  0
| 215|0x00000000ed700000, 0x00000000ed800000, 0x00000000ed800000|100%| O|  |TAMS 0x00000000ed700000| PB 0x00000000ed700000| Untracked |  0
| 216|0x00000000ed800000, 0x00000000ed900000, 0x00000000ed900000|100%| O|  |TAMS 0x00000000ed800000| PB 0x00000000ed800000| Untracked |  0
| 217|0x00000000ed900000, 0x00000000eda00000, 0x00000000eda00000|100%| O|  |TAMS 0x00000000ed900000| PB 0x00000000ed900000| Untracked |  0
| 218|0x00000000eda00000, 0x00000000edb00000, 0x00000000edb00000|100%| O|  |TAMS 0x00000000eda00000| PB 0x00000000eda00000| Untracked |  0
| 219|0x00000000edb00000, 0x00000000edc00000, 0x00000000edc00000|100%| O|  |TAMS 0x00000000edb00000| PB 0x00000000edb00000| Untracked |  0
| 220|0x00000000edc00000, 0x00000000edc87e58, 0x00000000edd00000| 53%| O|  |TAMS 0x00000000edc00000| PB 0x00000000edc00000| Untracked |  0
| 221|0x00000000edd00000, 0x00000000edd00000, 0x00000000ede00000|  0%| F|  |TAMS 0x00000000edd00000| PB 0x00000000edd00000| Untracked |  0
| 222|0x00000000ede00000, 0x00000000ede00000, 0x00000000edf00000|  0%| F|  |TAMS 0x00000000ede00000| PB 0x00000000ede00000| Untracked |  0
| 223|0x00000000edf00000, 0x00000000edf00000, 0x00000000ee000000|  0%| F|  |TAMS 0x00000000edf00000| PB 0x00000000edf00000| Untracked |  0
| 224|0x00000000ee000000, 0x00000000ee000000, 0x00000000ee100000|  0%| F|  |TAMS 0x00000000ee000000| PB 0x00000000ee000000| Untracked |  0
| 225|0x00000000ee100000, 0x00000000ee100000, 0x00000000ee200000|  0%| F|  |TAMS 0x00000000ee100000| PB 0x00000000ee100000| Untracked |  0
| 226|0x00000000ee200000, 0x00000000ee200000, 0x00000000ee300000|  0%| F|  |TAMS 0x00000000ee200000| PB 0x00000000ee200000| Untracked |  0
| 227|0x00000000ee300000, 0x00000000ee300000, 0x00000000ee400000|  0%| F|  |TAMS 0x00000000ee300000| PB 0x00000000ee300000| Untracked |  0
| 228|0x00000000ee400000, 0x00000000ee400000, 0x00000000ee500000|  0%| F|  |TAMS 0x00000000ee400000| PB 0x00000000ee400000| Untracked |  0
| 229|0x00000000ee500000, 0x00000000ee500000, 0x00000000ee600000|  0%| F|  |TAMS 0x00000000ee500000| PB 0x00000000ee500000| Untracked |  0
| 230|0x00000000ee600000, 0x00000000ee600000, 0x00000000ee700000|  0%| F|  |TAMS 0x00000000ee600000| PB 0x00000000ee600000| Untracked |  0
| 231|0x00000000ee700000, 0x00000000ee700000, 0x00000000ee800000|  0%| F|  |TAMS 0x00000000ee700000| PB 0x00000000ee700000| Untracked |  0
| 232|0x00000000ee800000, 0x00000000ee800000, 0x00000000ee900000|  0%| F|  |TAMS 0x00000000ee800000| PB 0x00000000ee800000| Untracked |  0
| 233|0x00000000ee900000, 0x00000000ee900000, 0x00000000eea00000|  0%| F|  |TAMS 0x00000000ee900000| PB 0x00000000ee900000| Untracked |  0
| 234|0x00000000eea00000, 0x00000000eea00000, 0x00000000eeb00000|  0%| F|  |TAMS 0x00000000eea00000| PB 0x00000000eea00000| Untracked |  0
| 235|0x00000000eeb00000, 0x00000000eeb00000, 0x00000000eec00000|  0%| F|  |TAMS 0x00000000eeb00000| PB 0x00000000eeb00000| Untracked |  0
| 236|0x00000000eec00000, 0x00000000eec00000, 0x00000000eed00000|  0%| F|  |TAMS 0x00000000eec00000| PB 0x00000000eec00000| Untracked |  0
| 237|0x00000000eed00000, 0x00000000eed00000, 0x00000000eee00000|  0%| F|  |TAMS 0x00000000eed00000| PB 0x00000000eed00000| Untracked |  0
| 238|0x00000000eee00000, 0x00000000eee00000, 0x00000000eef00000|  0%| F|  |TAMS 0x00000000eee00000| PB 0x00000000eee00000| Untracked |  0
| 239|0x00000000eef00000, 0x00000000eef00000, 0x00000000ef000000|  0%| F|  |TAMS 0x00000000eef00000| PB 0x00000000eef00000| Untracked |  0
| 240|0x00000000ef000000, 0x00000000ef000000, 0x00000000ef100000|  0%| F|  |TAMS 0x00000000ef000000| PB 0x00000000ef000000| Untracked |  0
| 241|0x00000000ef100000, 0x00000000ef100000, 0x00000000ef200000|  0%| F|  |TAMS 0x00000000ef100000| PB 0x00000000ef100000| Untracked |  0
| 242|0x00000000ef200000, 0x00000000ef200000, 0x00000000ef300000|  0%| F|  |TAMS 0x00000000ef200000| PB 0x00000000ef200000| Untracked |  0
| 243|0x00000000ef300000, 0x00000000ef300000, 0x00000000ef400000|  0%| F|  |TAMS 0x00000000ef300000| PB 0x00000000ef300000| Untracked |  0
| 244|0x00000000ef400000, 0x00000000ef400000, 0x00000000ef500000|  0%| F|  |TAMS 0x00000000ef400000| PB 0x00000000ef400000| Untracked |  0
| 245|0x00000000ef500000, 0x00000000ef500000, 0x00000000ef600000|  0%| F|  |TAMS 0x00000000ef500000| PB 0x00000000ef500000| Untracked |  0
| 246|0x00000000ef600000, 0x00000000ef600000, 0x00000000ef700000|  0%| F|  |TAMS 0x00000000ef600000| PB 0x00000000ef600000| Untracked |  0
| 247|0x00000000ef700000, 0x00000000ef700000, 0x00000000ef800000|  0%| F|  |TAMS 0x00000000ef700000| PB 0x00000000ef700000| Untracked |  0
| 248|0x00000000ef800000, 0x00000000ef800000, 0x00000000ef900000|  0%| F|  |TAMS 0x00000000ef800000| PB 0x00000000ef800000| Untracked |  0
| 249|0x00000000ef900000, 0x00000000ef900000, 0x00000000efa00000|  0%| F|  |TAMS 0x00000000ef900000| PB 0x00000000ef900000| Untracked |  0
| 250|0x00000000efa00000, 0x00000000efa00000, 0x00000000efb00000|  0%| F|  |TAMS 0x00000000efa00000| PB 0x00000000efa00000| Untracked |  0
| 251|0x00000000efb00000, 0x00000000efb00000, 0x00000000efc00000|  0%| F|  |TAMS 0x00000000efb00000| PB 0x00000000efb00000| Untracked |  0
| 252|0x00000000efc00000, 0x00000000efc00000, 0x00000000efd00000|  0%| F|  |TAMS 0x00000000efc00000| PB 0x00000000efc00000| Untracked |  0
| 253|0x00000000efd00000, 0x00000000efd00000, 0x00000000efe00000|  0%| F|  |TAMS 0x00000000efd00000| PB 0x00000000efd00000| Untracked |  0
| 254|0x00000000efe00000, 0x00000000efe00000, 0x00000000eff00000|  0%| F|  |TAMS 0x00000000efe00000| PB 0x00000000efe00000| Untracked |  0
| 255|0x00000000eff00000, 0x00000000eff00000, 0x00000000f0000000|  0%| F|  |TAMS 0x00000000eff00000| PB 0x00000000eff00000| Untracked |  0
| 256|0x00000000f0000000, 0x00000000f0000000, 0x00000000f0100000|  0%| F|  |TAMS 0x00000000f0000000| PB 0x00000000f0000000| Untracked |  0
| 257|0x00000000f0100000, 0x00000000f0100000, 0x00000000f0200000|  0%| F|  |TAMS 0x00000000f0100000| PB 0x00000000f0100000| Untracked |  0
| 258|0x00000000f0200000, 0x00000000f0200000, 0x00000000f0300000|  0%| F|  |TAMS 0x00000000f0200000| PB 0x00000000f0200000| Untracked |  0
| 259|0x00000000f0300000, 0x00000000f0300000, 0x00000000f0400000|  0%| F|  |TAMS 0x00000000f0300000| PB 0x00000000f0300000| Untracked |  0
| 260|0x00000000f0400000, 0x00000000f0400000, 0x00000000f0500000|  0%| F|  |TAMS 0x00000000f0400000| PB 0x00000000f0400000| Untracked |  0
| 261|0x00000000f0500000, 0x00000000f0500000, 0x00000000f0600000|  0%| F|  |TAMS 0x00000000f0500000| PB 0x00000000f0500000| Untracked |  0
| 262|0x00000000f0600000, 0x00000000f0600000, 0x00000000f0700000|  0%| F|  |TAMS 0x00000000f0600000| PB 0x00000000f0600000| Untracked |  0
| 263|0x00000000f0700000, 0x00000000f0700000, 0x00000000f0800000|  0%| F|  |TAMS 0x00000000f0700000| PB 0x00000000f0700000| Untracked |  0
| 264|0x00000000f0800000, 0x00000000f0800000, 0x00000000f0900000|  0%| F|  |TAMS 0x00000000f0800000| PB 0x00000000f0800000| Untracked |  0
| 265|0x00000000f0900000, 0x00000000f0900000, 0x00000000f0a00000|  0%| F|  |TAMS 0x00000000f0900000| PB 0x00000000f0900000| Untracked |  0
| 266|0x00000000f0a00000, 0x00000000f0a00000, 0x00000000f0b00000|  0%| F|  |TAMS 0x00000000f0a00000| PB 0x00000000f0a00000| Untracked |  0
| 267|0x00000000f0b00000, 0x00000000f0b00000, 0x00000000f0c00000|  0%| F|  |TAMS 0x00000000f0b00000| PB 0x00000000f0b00000| Untracked |  0
| 268|0x00000000f0c00000, 0x00000000f0c00000, 0x00000000f0d00000|  0%| F|  |TAMS 0x00000000f0c00000| PB 0x00000000f0c00000| Untracked |  0
| 269|0x00000000f0d00000, 0x00000000f0d00000, 0x00000000f0e00000|  0%| F|  |TAMS 0x00000000f0d00000| PB 0x00000000f0d00000| Untracked |  0
| 270|0x00000000f0e00000, 0x00000000f0e00000, 0x00000000f0f00000|  0%| F|  |TAMS 0x00000000f0e00000| PB 0x00000000f0e00000| Untracked |  0
| 271|0x00000000f0f00000, 0x00000000f0f00000, 0x00000000f1000000|  0%| F|  |TAMS 0x00000000f0f00000| PB 0x00000000f0f00000| Untracked |  0
| 272|0x00000000f1000000, 0x00000000f1000000, 0x00000000f1100000|  0%| F|  |TAMS 0x00000000f1000000| PB 0x00000000f1000000| Untracked |  0
| 273|0x00000000f1100000, 0x00000000f1100000, 0x00000000f1200000|  0%| F|  |TAMS 0x00000000f1100000| PB 0x00000000f1100000| Untracked |  0
| 274|0x00000000f1200000, 0x00000000f1200000, 0x00000000f1300000|  0%| F|  |TAMS 0x00000000f1200000| PB 0x00000000f1200000| Untracked |  0
| 275|0x00000000f1300000, 0x00000000f1300000, 0x00000000f1400000|  0%| F|  |TAMS 0x00000000f1300000| PB 0x00000000f1300000| Untracked |  0
| 276|0x00000000f1400000, 0x00000000f1400000, 0x00000000f1500000|  0%| F|  |TAMS 0x00000000f1400000| PB 0x00000000f1400000| Untracked |  0
| 277|0x00000000f1500000, 0x00000000f1500000, 0x00000000f1600000|  0%| F|  |TAMS 0x00000000f1500000| PB 0x00000000f1500000| Untracked |  0
| 278|0x00000000f1600000, 0x00000000f1600000, 0x00000000f1700000|  0%| F|  |TAMS 0x00000000f1600000| PB 0x00000000f1600000| Untracked |  0
| 279|0x00000000f1700000, 0x00000000f1700000, 0x00000000f1800000|  0%| F|  |TAMS 0x00000000f1700000| PB 0x00000000f1700000| Untracked |  0
| 280|0x00000000f1800000, 0x00000000f1800000, 0x00000000f1900000|  0%| F|  |TAMS 0x00000000f1800000| PB 0x00000000f1800000| Untracked |  0
| 281|0x00000000f1900000, 0x00000000f1900000, 0x00000000f1a00000|  0%| F|  |TAMS 0x00000000f1900000| PB 0x00000000f1900000| Untracked |  0
| 282|0x00000000f1a00000, 0x00000000f1a00000, 0x00000000f1b00000|  0%| F|  |TAMS 0x00000000f1a00000| PB 0x00000000f1a00000| Untracked |  0
| 283|0x00000000f1b00000, 0x00000000f1b00000, 0x00000000f1c00000|  0%| F|  |TAMS 0x00000000f1b00000| PB 0x00000000f1b00000| Untracked |  0
| 284|0x00000000f1c00000, 0x00000000f1c00000, 0x00000000f1d00000|  0%| F|  |TAMS 0x00000000f1c00000| PB 0x00000000f1c00000| Untracked |  0
| 285|0x00000000f1d00000, 0x00000000f1d00000, 0x00000000f1e00000|  0%| F|  |TAMS 0x00000000f1d00000| PB 0x00000000f1d00000| Untracked |  0
| 286|0x00000000f1e00000, 0x00000000f1e00000, 0x00000000f1f00000|  0%| F|  |TAMS 0x00000000f1e00000| PB 0x00000000f1e00000| Untracked |  0
| 287|0x00000000f1f00000, 0x00000000f1f00000, 0x00000000f2000000|  0%| F|  |TAMS 0x00000000f1f00000| PB 0x00000000f1f00000| Untracked |  0
| 288|0x00000000f2000000, 0x00000000f2000000, 0x00000000f2100000|  0%| F|  |TAMS 0x00000000f2000000| PB 0x00000000f2000000| Untracked |  0
| 289|0x00000000f2100000, 0x00000000f2100000, 0x00000000f2200000|  0%| F|  |TAMS 0x00000000f2100000| PB 0x00000000f2100000| Untracked |  0
| 290|0x00000000f2200000, 0x00000000f2200000, 0x00000000f2300000|  0%| F|  |TAMS 0x00000000f2200000| PB 0x00000000f2200000| Untracked |  0
| 291|0x00000000f2300000, 0x00000000f2300000, 0x00000000f2400000|  0%| F|  |TAMS 0x00000000f2300000| PB 0x00000000f2300000| Untracked |  0
| 292|0x00000000f2400000, 0x00000000f2400000, 0x00000000f2500000|  0%| F|  |TAMS 0x00000000f2400000| PB 0x00000000f2400000| Untracked |  0
| 293|0x00000000f2500000, 0x00000000f2500000, 0x00000000f2600000|  0%| F|  |TAMS 0x00000000f2500000| PB 0x00000000f2500000| Untracked |  0
| 294|0x00000000f2600000, 0x00000000f2600000, 0x00000000f2700000|  0%| F|  |TAMS 0x00000000f2600000| PB 0x00000000f2600000| Untracked |  0
| 295|0x00000000f2700000, 0x00000000f2700000, 0x00000000f2800000|  0%| F|  |TAMS 0x00000000f2700000| PB 0x00000000f2700000| Untracked |  0
| 296|0x00000000f2800000, 0x00000000f2800000, 0x00000000f2900000|  0%| F|  |TAMS 0x00000000f2800000| PB 0x00000000f2800000| Untracked |  0
| 297|0x00000000f2900000, 0x00000000f2900000, 0x00000000f2a00000|  0%| F|  |TAMS 0x00000000f2900000| PB 0x00000000f2900000| Untracked |  0
| 298|0x00000000f2a00000, 0x00000000f2a00000, 0x00000000f2b00000|  0%| F|  |TAMS 0x00000000f2a00000| PB 0x00000000f2a00000| Untracked |  0
| 299|0x00000000f2b00000, 0x00000000f2b64e70, 0x00000000f2c00000| 39%| S|CS|TAMS 0x00000000f2b00000| PB 0x00000000f2b00000| Complete |  0
| 300|0x00000000f2c00000, 0x00000000f2d00000, 0x00000000f2d00000|100%| S|CS|TAMS 0x00000000f2c00000| PB 0x00000000f2c00000| Complete |  0
| 301|0x00000000f2d00000, 0x00000000f2e00000, 0x00000000f2e00000|100%| S|CS|TAMS 0x00000000f2d00000| PB 0x00000000f2d00000| Complete |  0
| 302|0x00000000f2e00000, 0x00000000f2f00000, 0x00000000f2f00000|100%| S|CS|TAMS 0x00000000f2e00000| PB 0x00000000f2e00000| Complete |  0
| 303|0x00000000f2f00000, 0x00000000f3000000, 0x00000000f3000000|100%| S|CS|TAMS 0x00000000f2f00000| PB 0x00000000f2f00000| Complete |  0
| 304|0x00000000f3000000, 0x00000000f3100000, 0x00000000f3100000|100%| S|CS|TAMS 0x00000000f3000000| PB 0x00000000f3000000| Complete |  0
| 305|0x00000000f3100000, 0x00000000f3200000, 0x00000000f3200000|100%| S|CS|TAMS 0x00000000f3100000| PB 0x00000000f3100000| Complete |  0
| 306|0x00000000f3200000, 0x00000000f3300000, 0x00000000f3300000|100%| S|CS|TAMS 0x00000000f3200000| PB 0x00000000f3200000| Complete |  0
| 307|0x00000000f3300000, 0x00000000f3400000, 0x00000000f3400000|100%| S|CS|TAMS 0x00000000f3300000| PB 0x00000000f3300000| Complete |  0
| 308|0x00000000f3400000, 0x00000000f3400000, 0x00000000f3500000|  0%| F|  |TAMS 0x00000000f3400000| PB 0x00000000f3400000| Untracked |  0
| 309|0x00000000f3500000, 0x00000000f3500000, 0x00000000f3600000|  0%| F|  |TAMS 0x00000000f3500000| PB 0x00000000f3500000| Untracked |  0
| 310|0x00000000f3600000, 0x00000000f3600000, 0x00000000f3700000|  0%| F|  |TAMS 0x00000000f3600000| PB 0x00000000f3600000| Untracked |  0
| 311|0x00000000f3700000, 0x00000000f3700000, 0x00000000f3800000|  0%| F|  |TAMS 0x00000000f3700000| PB 0x00000000f3700000| Untracked |  0
| 312|0x00000000f3800000, 0x00000000f3800000, 0x00000000f3900000|  0%| F|  |TAMS 0x00000000f3800000| PB 0x00000000f3800000| Untracked |  0
| 313|0x00000000f3900000, 0x00000000f3900000, 0x00000000f3a00000|  0%| F|  |TAMS 0x00000000f3900000| PB 0x00000000f3900000| Untracked |  0
| 314|0x00000000f3a00000, 0x00000000f3a00000, 0x00000000f3b00000|  0%| F|  |TAMS 0x00000000f3a00000| PB 0x00000000f3a00000| Untracked |  0
| 315|0x00000000f3b00000, 0x00000000f3b00000, 0x00000000f3c00000|  0%| F|  |TAMS 0x00000000f3b00000| PB 0x00000000f3b00000| Untracked |  0
| 316|0x00000000f3c00000, 0x00000000f3c00000, 0x00000000f3d00000|  0%| F|  |TAMS 0x00000000f3c00000| PB 0x00000000f3c00000| Untracked |  0
| 317|0x00000000f3d00000, 0x00000000f3d00000, 0x00000000f3e00000|  0%| F|  |TAMS 0x00000000f3d00000| PB 0x00000000f3d00000| Untracked |  0
| 318|0x00000000f3e00000, 0x00000000f3e00000, 0x00000000f3f00000|  0%| F|  |TAMS 0x00000000f3e00000| PB 0x00000000f3e00000| Untracked |  0
| 319|0x00000000f3f00000, 0x00000000f3f00000, 0x00000000f4000000|  0%| F|  |TAMS 0x00000000f3f00000| PB 0x00000000f3f00000| Untracked |  0
| 320|0x00000000f4000000, 0x00000000f4000000, 0x00000000f4100000|  0%| F|  |TAMS 0x00000000f4000000| PB 0x00000000f4000000| Untracked |  0
| 321|0x00000000f4100000, 0x00000000f4100000, 0x00000000f4200000|  0%| F|  |TAMS 0x00000000f4100000| PB 0x00000000f4100000| Untracked |  0
| 322|0x00000000f4200000, 0x00000000f4200000, 0x00000000f4300000|  0%| F|  |TAMS 0x00000000f4200000| PB 0x00000000f4200000| Untracked |  0
| 323|0x00000000f4300000, 0x00000000f4300000, 0x00000000f4400000|  0%| F|  |TAMS 0x00000000f4300000| PB 0x00000000f4300000| Untracked |  0
| 324|0x00000000f4400000, 0x00000000f4400000, 0x00000000f4500000|  0%| F|  |TAMS 0x00000000f4400000| PB 0x00000000f4400000| Untracked |  0
| 325|0x00000000f4500000, 0x00000000f4500000, 0x00000000f4600000|  0%| F|  |TAMS 0x00000000f4500000| PB 0x00000000f4500000| Untracked |  0
| 326|0x00000000f4600000, 0x00000000f4600000, 0x00000000f4700000|  0%| F|  |TAMS 0x00000000f4600000| PB 0x00000000f4600000| Untracked |  0
| 327|0x00000000f4700000, 0x00000000f4700000, 0x00000000f4800000|  0%| F|  |TAMS 0x00000000f4700000| PB 0x00000000f4700000| Untracked |  0
| 328|0x00000000f4800000, 0x00000000f4800000, 0x00000000f4900000|  0%| F|  |TAMS 0x00000000f4800000| PB 0x00000000f4800000| Untracked |  0
| 329|0x00000000f4900000, 0x00000000f4900000, 0x00000000f4a00000|  0%| F|  |TAMS 0x00000000f4900000| PB 0x00000000f4900000| Untracked |  0
| 330|0x00000000f4a00000, 0x00000000f4a00000, 0x00000000f4b00000|  0%| F|  |TAMS 0x00000000f4a00000| PB 0x00000000f4a00000| Untracked |  0
| 331|0x00000000f4b00000, 0x00000000f4b00000, 0x00000000f4c00000|  0%| F|  |TAMS 0x00000000f4b00000| PB 0x00000000f4b00000| Untracked |  0
| 332|0x00000000f4c00000, 0x00000000f4c00000, 0x00000000f4d00000|  0%| F|  |TAMS 0x00000000f4c00000| PB 0x00000000f4c00000| Untracked |  0
| 333|0x00000000f4d00000, 0x00000000f4d00000, 0x00000000f4e00000|  0%| F|  |TAMS 0x00000000f4d00000| PB 0x00000000f4d00000| Untracked |  0
| 334|0x00000000f4e00000, 0x00000000f4e00000, 0x00000000f4f00000|  0%| F|  |TAMS 0x00000000f4e00000| PB 0x00000000f4e00000| Untracked |  0
| 335|0x00000000f4f00000, 0x00000000f4f00000, 0x00000000f5000000|  0%| F|  |TAMS 0x00000000f4f00000| PB 0x00000000f4f00000| Untracked |  0
| 336|0x00000000f5000000, 0x00000000f5000000, 0x00000000f5100000|  0%| F|  |TAMS 0x00000000f5000000| PB 0x00000000f5000000| Untracked |  0
| 337|0x00000000f5100000, 0x00000000f5100000, 0x00000000f5200000|  0%| F|  |TAMS 0x00000000f5100000| PB 0x00000000f5100000| Untracked |  0
| 338|0x00000000f5200000, 0x00000000f5200000, 0x00000000f5300000|  0%| F|  |TAMS 0x00000000f5200000| PB 0x00000000f5200000| Untracked |  0
| 339|0x00000000f5300000, 0x00000000f5300000, 0x00000000f5400000|  0%| F|  |TAMS 0x00000000f5300000| PB 0x00000000f5300000| Untracked |  0
| 340|0x00000000f5400000, 0x00000000f5400000, 0x00000000f5500000|  0%| F|  |TAMS 0x00000000f5400000| PB 0x00000000f5400000| Untracked |  0
| 341|0x00000000f5500000, 0x00000000f5500000, 0x00000000f5600000|  0%| F|  |TAMS 0x00000000f5500000| PB 0x00000000f5500000| Untracked |  0
| 342|0x00000000f5600000, 0x00000000f5600000, 0x00000000f5700000|  0%| F|  |TAMS 0x00000000f5600000| PB 0x00000000f5600000| Untracked |  0
| 343|0x00000000f5700000, 0x00000000f5700000, 0x00000000f5800000|  0%| F|  |TAMS 0x00000000f5700000| PB 0x00000000f5700000| Untracked |  0
| 344|0x00000000f5800000, 0x00000000f5800000, 0x00000000f5900000|  0%| F|  |TAMS 0x00000000f5800000| PB 0x00000000f5800000| Untracked |  0
| 345|0x00000000f5900000, 0x00000000f5900000, 0x00000000f5a00000|  0%| F|  |TAMS 0x00000000f5900000| PB 0x00000000f5900000| Untracked |  0
| 346|0x00000000f5a00000, 0x00000000f5a00000, 0x00000000f5b00000|  0%| F|  |TAMS 0x00000000f5a00000| PB 0x00000000f5a00000| Untracked |  0
| 347|0x00000000f5b00000, 0x00000000f5b00000, 0x00000000f5c00000|  0%| F|  |TAMS 0x00000000f5b00000| PB 0x00000000f5b00000| Untracked |  0
| 348|0x00000000f5c00000, 0x00000000f5c00000, 0x00000000f5d00000|  0%| F|  |TAMS 0x00000000f5c00000| PB 0x00000000f5c00000| Untracked |  0
| 349|0x00000000f5d00000, 0x00000000f5d00000, 0x00000000f5e00000|  0%| F|  |TAMS 0x00000000f5d00000| PB 0x00000000f5d00000| Untracked |  0
| 350|0x00000000f5e00000, 0x00000000f5e00000, 0x00000000f5f00000|  0%| F|  |TAMS 0x00000000f5e00000| PB 0x00000000f5e00000| Untracked |  0
| 351|0x00000000f5f00000, 0x00000000f5f00000, 0x00000000f6000000|  0%| F|  |TAMS 0x00000000f5f00000| PB 0x00000000f5f00000| Untracked |  0
| 352|0x00000000f6000000, 0x00000000f6000000, 0x00000000f6100000|  0%| F|  |TAMS 0x00000000f6000000| PB 0x00000000f6000000| Untracked |  0
| 353|0x00000000f6100000, 0x00000000f6100000, 0x00000000f6200000|  0%| F|  |TAMS 0x00000000f6100000| PB 0x00000000f6100000| Untracked |  0
| 354|0x00000000f6200000, 0x00000000f6200000, 0x00000000f6300000|  0%| F|  |TAMS 0x00000000f6200000| PB 0x00000000f6200000| Untracked |  0
| 355|0x00000000f6300000, 0x00000000f6300000, 0x00000000f6400000|  0%| F|  |TAMS 0x00000000f6300000| PB 0x00000000f6300000| Untracked |  0
| 356|0x00000000f6400000, 0x00000000f6400000, 0x00000000f6500000|  0%| F|  |TAMS 0x00000000f6400000| PB 0x00000000f6400000| Untracked |  0
| 357|0x00000000f6500000, 0x00000000f6500000, 0x00000000f6600000|  0%| F|  |TAMS 0x00000000f6500000| PB 0x00000000f6500000| Untracked |  0
| 358|0x00000000f6600000, 0x00000000f6600000, 0x00000000f6700000|  0%| F|  |TAMS 0x00000000f6600000| PB 0x00000000f6600000| Untracked |  0
| 359|0x00000000f6700000, 0x00000000f6700000, 0x00000000f6800000|  0%| F|  |TAMS 0x00000000f6700000| PB 0x00000000f6700000| Untracked |  0
| 360|0x00000000f6800000, 0x00000000f6800000, 0x00000000f6900000|  0%| F|  |TAMS 0x00000000f6800000| PB 0x00000000f6800000| Untracked |  0
| 361|0x00000000f6900000, 0x00000000f6900000, 0x00000000f6a00000|  0%| F|  |TAMS 0x00000000f6900000| PB 0x00000000f6900000| Untracked |  0
| 362|0x00000000f6a00000, 0x00000000f6a00000, 0x00000000f6b00000|  0%| F|  |TAMS 0x00000000f6a00000| PB 0x00000000f6a00000| Untracked |  0
| 363|0x00000000f6b00000, 0x00000000f6b00000, 0x00000000f6c00000|  0%| F|  |TAMS 0x00000000f6b00000| PB 0x00000000f6b00000| Untracked |  0
| 364|0x00000000f6c00000, 0x00000000f6c00000, 0x00000000f6d00000|  0%| F|  |TAMS 0x00000000f6c00000| PB 0x00000000f6c00000| Untracked |  0
| 365|0x00000000f6d00000, 0x00000000f6d80000, 0x00000000f6e00000| 50%| E|  |TAMS 0x00000000f6d00000| PB 0x00000000f6d00000| Complete |  0
| 366|0x00000000f6e00000, 0x00000000f6f00000, 0x00000000f6f00000|100%| E|CS|TAMS 0x00000000f6e00000| PB 0x00000000f6e00000| Complete |  0
| 367|0x00000000f6f00000, 0x00000000f7000000, 0x00000000f7000000|100%| E|CS|TAMS 0x00000000f6f00000| PB 0x00000000f6f00000| Complete |  0
| 368|0x00000000f7000000, 0x00000000f7100000, 0x00000000f7100000|100%| E|CS|TAMS 0x00000000f7000000| PB 0x00000000f7000000| Complete |  0
| 369|0x00000000f7100000, 0x00000000f7200000, 0x00000000f7200000|100%| E|CS|TAMS 0x00000000f7100000| PB 0x00000000f7100000| Complete |  0
| 510|0x00000000ffe00000, 0x00000000fff00000, 0x00000000fff00000|100%| O|  |TAMS 0x00000000ffe00000| PB 0x00000000ffe00000| Untracked |  0
| 511|0x00000000fff00000, 0x0000000100000000, 0x0000000100000000|100%| E|CS|TAMS 0x00000000fff00000| PB 0x00000000fff00000| Complete |  0

Card table byte_map: [0x0000028577460000,0x0000028577560000] _byte_map_base: 0x0000028576d60000

Marking Bits: (CMBitMap*) 0x000002855f060350
 Bits: [0x0000028577560000, 0x0000028577d60000)

Polling page: 0x000002855cdf0000

Metaspace:
Metaspace        used 35312K, committed 35584K, reserved 1114112K
 class space     used 4423K, committed 4544K, reserved 1048576K

Usage:
  Non-class:     30.16 MB used.
      Class:      4.32 MB used.
       Both:     34.48 MB used.

Virtual space:
  Non-class space:       64.00 MB reserved,      30.31 MB ( 47%) committed,  1 nodes.
      Class space:        1.00 GB reserved,       4.44 MB ( <1%) committed,  1 nodes.
             Both:        1.06 GB reserved,      34.75 MB (  3%) committed. 

Chunk freelists:
   Non-Class:  388.00 KB
       Class:  11.61 MB
        Both:  11.99 MB

MaxMetaspaceSize: unlimited
CompressedClassSpaceSize: 1.00 GB
Initial GC threshold: 21.00 MB
Current GC threshold: 47.44 MB
CDS: on
 - commit_granule_bytes: 65536.
 - commit_granule_words: 8192.
 - virtual_space_node_default_size: 8388608.
 - enlarge_chunks_in_place: 1.
UseCompressedClassPointers 1, UseCompactObjectHeaders 0
Narrow klass pointer bits 32, Max shift 3
Narrow klass base: 0x000000000f000000, Narrow klass shift: 0
Encoding Range: [0x000000000f000000 - 0x000000010f000000), (4294967296 bytes)
Klass Range:    [0x000000000f010000 - 0x0000000050000000), (1090453504 bytes)
Klass ID Range:  [65536 - 1090519033) (1090453497)
Protection zone: [0x000000000f000000 - 0x000000000f010000), (65536 bytes)


Internal statistics:

num_allocs_failed_limit: 6.
num_arena_births: 192.
num_arena_deaths: 0.
num_vsnodes_births: 2.
num_vsnodes_deaths: 0.
num_space_committed: 556.
num_space_uncommitted: 0.
num_chunks_returned_to_freelist: 6.
num_chunks_taken_from_freelist: 1369.
num_chunk_merges: 6.
num_chunk_splits: 1147.
num_chunks_enlarged: 1006.
num_inconsistent_stats: 0.

CodeHeap 'non-profiled nmethods': size=119232Kb used=3646Kb max_used=3646Kb free=115585Kb
 bounds [0x000002856f450000, 0x000002856f7e0000, 0x00000285768c0000]
CodeHeap 'profiled nmethods': size=119104Kb used=16437Kb max_used=16437Kb free=102666Kb
 bounds [0x00000285678c0000, 0x00000285688d0000, 0x000002856ed10000]
CodeHeap 'non-nmethods': size=7424Kb used=3283Kb max_used=3368Kb free=4140Kb
 bounds [0x000002856ed10000, 0x000002856f070000, 0x000002856f450000]
CodeCache: size=245760Kb, used=23366Kb, max_used=23451Kb, free=222391Kb
 total_blobs=8393, nmethods=7680, adapters=608, full_count=0
Compilation: enabled, stopped_count=0, restarted_count=0

Compilation events (20 events):
Event: 2.854 Thread 0x000002857aed2b10 nmethod 7276 0x0000028568722088 code [0x0000028568722180, 0x0000028568722ce8]
Event: 2.854 Thread 0x000002857aed2b10 7279       3       org.jetbrains.kotlin.backend.wasm.utils.AnnotationsKt::getWasmCoroutineMode (89 bytes)
Event: 2.854 Thread 0x000002857aed4b50 nmethod 7277 0x0000028568722d88 code [0x0000028568722e80, 0x0000028568724128]
Event: 2.854 Thread 0x000002857aed7bb0 nmethod 7278 0x0000028568724188 code [0x0000028568724280, 0x0000028568724eb8]
Event: 2.854 Thread 0x000002857aed7bb0 7281       3       org.jetbrains.kotlin.backend.wasm.lower.ExcludeDeclarationsFromCodegen::lower$isExcluded (123 bytes)
Event: 2.854 Thread 0x000002857aed5360 nmethod 7280 0x0000028568724f08 code [0x0000028568725000, 0x0000028568726138]
Event: 2.854 Thread 0x000002857aed2b10 nmethod 7279 0x0000028568726188 code [0x0000028568726280, 0x0000028568727020]
Event: 2.855 Thread 0x000002857aed7bb0 nmethod 7281 0x0000028568727088 code [0x0000028568727180, 0x00000285687295f8]
Event: 2.855 Thread 0x000002850078b760 7282       4       java.lang.CharacterDataLatin1::toLowerCase (44 bytes)
Event: 2.856 Thread 0x000002850078b760 nmethod 7282 0x000002856f762188 code [0x000002856f762280, 0x000002856f762330]
Event: 2.856 Thread 0x000002857aed5360 7283       3       org.jetbrains.kotlin.backend.common.lower.ExpectDeclarationsRemoveLowering$$Lambda/0x0000000010441e90::invoke (11 bytes)
Event: 2.856 Thread 0x000002857aed2b10 7284       3       org.jetbrains.kotlin.backend.common.lower.ExpectDeclarationsRemoveLowering::lower$lambda$0 (61 bytes)
Event: 2.856 Thread 0x000002857aed7bb0 7285       3       kotlin.collections.CollectionsKt__MutableCollectionsKt::removeAll (19 bytes)
Event: 2.856 Thread 0x000002857aed4b50 7286       3       kotlin.collections.CollectionsKt__MutableCollectionsKt::filterInPlace$CollectionsKt__MutableCollectionsKt (156 bytes)
Event: 2.857 Thread 0x000002857aed5360 nmethod 7283 0x0000028568729688 code [0x0000028568729780, 0x0000028568729a70]
Event: 2.857 Thread 0x000002857aed5360 7287       3       org.jetbrains.kotlin.backend.common.lower.ExpectDeclarationsRemoveLowering::lower (20 bytes)
Event: 2.857 Thread 0x000002857aed2b10 nmethod 7284 0x0000028568729a88 code [0x0000028568729b80, 0x000002856872a888]
Event: 2.857 Thread 0x000002857aed7bb0 nmethod 7285 0x000002856872a908 code [0x000002856872aa00, 0x000002856872b4b0]
Event: 2.857 Thread 0x000002857aed5360 nmethod 7287 0x000002856872b508 code [0x000002856872b600, 0x000002856872c290]
Event: 2.858 Thread 0x000002857aed4b50 nmethod 7286 0x000002856872c308 code [0x000002856872c400, 0x000002856872e680]

GC Heap Usage History (20 events):
Event: 0.706 {heap Before GC invocations=11 (full 0):
 garbage-first heap   total reserved 524288K, committed 186368K, used 160768K [0x00000000e0000000, 0x0000000100000000)
  region size 1024K, 26 young (26624K), 4 survivors (4096K)
}
Event: 0.710 {heap After GC invocations=12 (full 0):
 garbage-first heap   total reserved 524288K, committed 186368K, used 151040K [0x00000000e0000000, 0x0000000100000000)
  region size 1024K, 4 young (4096K), 4 survivors (4096K)
}
Event: 0.741 {heap Before GC invocations=13 (full 0):
 garbage-first heap   total reserved 524288K, committed 252928K, used 165376K [0x00000000e0000000, 0x0000000100000000)
  region size 1024K, 19 young (19456K), 4 survivors (4096K)
}
Event: 0.744 {heap After GC invocations=14 (full 0):
 garbage-first heap   total reserved 524288K, committed 252928K, used 159744K [0x00000000e0000000, 0x0000000100000000)
  region size 1024K, 3 young (3072K), 3 survivors (3072K)
}
Event: 0.861 {heap Before GC invocations=14 (full 0):
 garbage-first heap   total reserved 524288K, committed 252928K, used 206848K [0x00000000e0000000, 0x0000000100000000)
  region size 1024K, 45 young (46080K), 3 survivors (3072K)
}
Event: 0.868 {heap After GC invocations=15 (full 0):
 garbage-first heap   total reserved 524288K, committed 252928K, used 182784K [0x00000000e0000000, 0x0000000100000000)
  region size 1024K, 6 young (6144K), 6 survivors (6144K)
}
Event: 0.878 {heap Before GC invocations=15 (full 0):
 garbage-first heap   total reserved 524288K, committed 252928K, used 186880K [0x00000000e0000000, 0x0000000100000000)
  region size 1024K, 11 young (11264K), 6 survivors (6144K)
}
Event: 0.880 {heap After GC invocations=16 (full 0):
 garbage-first heap   total reserved 524288K, committed 252928K, used 186619K [0x00000000e0000000, 0x0000000100000000)
  region size 1024K, 3 young (3072K), 3 survivors (3072K)
}
Event: 1.383 {heap Before GC invocations=17 (full 0):
 garbage-first heap   total reserved 524288K, committed 312320K, used 220411K [0x00000000e0000000, 0x0000000100000000)
  region size 1024K, 33 young (33792K), 3 survivors (3072K)
}
Event: 1.386 {heap After GC invocations=18 (full 0):
 garbage-first heap   total reserved 524288K, committed 312320K, used 198359K [0x00000000e0000000, 0x0000000100000000)
  region size 1024K, 5 young (5120K), 5 survivors (5120K)
}
Event: 1.399 {heap Before GC invocations=18 (full 0):
 garbage-first heap   total reserved 524288K, committed 312320K, used 199383K [0x00000000e0000000, 0x0000000100000000)
  region size 1024K, 7 young (7168K), 5 survivors (5120K)
}
Event: 1.402 {heap After GC invocations=19 (full 0):
 garbage-first heap   total reserved 524288K, committed 312320K, used 198305K [0x00000000e0000000, 0x0000000100000000)
  region size 1024K, 1 young (1024K), 1 survivors (1024K)
}
Event: 1.422 {heap Before GC invocations=19 (full 0):
 garbage-first heap   total reserved 524288K, committed 312320K, used 199329K [0x00000000e0000000, 0x0000000100000000)
  region size 1024K, 3 young (3072K), 1 survivors (1024K)
}
Event: 1.422 {heap After GC invocations=20 (full 0):
 garbage-first heap   total reserved 524288K, committed 321536K, used 198239K [0x00000000e0000000, 0x0000000100000000)
  region size 1024K, 1 young (1024K), 1 survivors (1024K)
}
Event: 1.713 {heap Before GC invocations=21 (full 0):
 garbage-first heap   total reserved 524288K, committed 329728K, used 274015K [0x00000000e0000000, 0x0000000100000000)
  region size 1024K, 61 young (62464K), 1 survivors (1024K)
}
Event: 1.716 {heap After GC invocations=22 (full 0):
 garbage-first heap   total reserved 524288K, committed 329728K, used 213555K [0x00000000e0000000, 0x0000000100000000)
  region size 1024K, 8 young (8192K), 8 survivors (8192K)
}
Event: 1.907 {heap Before GC invocations=22 (full 0):
 garbage-first heap   total reserved 524288K, committed 329728K, used 278067K [0x00000000e0000000, 0x0000000100000000)
  region size 1024K, 71 young (72704K), 8 survivors (8192K)
}
Event: 1.917 {heap After GC invocations=23 (full 0):
 garbage-first heap   total reserved 524288K, committed 329728K, used 218121K [0x00000000e0000000, 0x0000000100000000)
  region size 1024K, 9 young (9216K), 9 survivors (9216K)
}
Event: 2.183 {heap Before GC invocations=23 (full 0):
 garbage-first heap   total reserved 524288K, committed 329728K, used 285705K [0x00000000e0000000, 0x0000000100000000)
  region size 1024K, 75 young (76800K), 9 survivors (9216K)
}
Event: 2.193 {heap After GC invocations=24 (full 0):
 garbage-first heap   total reserved 524288K, committed 329728K, used 227294K [0x00000000e0000000, 0x0000000100000000)
  region size 1024K, 10 young (10240K), 10 survivors (10240K)
}

Metaspace Usage History (20 events):
Event: 0.706 {metaspace Before GC invocations=11 (full 0):
 Metaspace       used 338K, committed 512K, reserved 1114112K
  class space    used 17K, committed 128K, reserved 1048576K
}
Event: 0.710 {metaspace After GC invocations=12 (full 0):
 Metaspace       used 338K, committed 512K, reserved 1114112K
  class space    used 17K, committed 128K, reserved 1048576K
}
Event: 0.741 {metaspace Before GC invocations=13 (full 0):
 Metaspace       used 338K, committed 512K, reserved 1114112K
  class space    used 17K, committed 128K, reserved 1048576K
}
Event: 0.744 {metaspace After GC invocations=14 (full 0):
 Metaspace       used 338K, committed 512K, reserved 1114112K
  class space    used 17K, committed 128K, reserved 1048576K
}
Event: 0.861 {metaspace Before GC invocations=14 (full 0):
 Metaspace       used 343K, committed 512K, reserved 1114112K
  class space    used 17K, committed 128K, reserved 1048576K
}
Event: 0.868 {metaspace After GC invocations=15 (full 0):
 Metaspace       used 343K, committed 512K, reserved 1114112K
  class space    used 17K, committed 128K, reserved 1048576K
}
Event: 0.878 {metaspace Before GC invocations=15 (full 0):
 Metaspace       used 343K, committed 512K, reserved 1114112K
  class space    used 17K, committed 128K, reserved 1048576K
}
Event: 0.880 {metaspace After GC invocations=16 (full 0):
 Metaspace       used 343K, committed 512K, reserved 1114112K
  class space    used 17K, committed 128K, reserved 1048576K
}
Event: 1.383 {metaspace Before GC invocations=17 (full 0):
 Metaspace       used 20769K, committed 20928K, reserved 1114112K
  class space    used 2938K, committed 3008K, reserved 1048576K
}
Event: 1.386 {metaspace After GC invocations=18 (full 0):
 Metaspace       used 20769K, committed 20928K, reserved 1114112K
  class space    used 2938K, committed 3008K, reserved 1048576K
}
Event: 1.399 {metaspace Before GC invocations=18 (full 0):
 Metaspace       used 21314K, committed 21504K, reserved 1114112K
  class space    used 2979K, committed 3072K, reserved 1048576K
}
Event: 1.402 {metaspace After GC invocations=19 (full 0):
 Metaspace       used 21314K, committed 21504K, reserved 1114112K
  class space    used 2979K, committed 3072K, reserved 1048576K
}
Event: 1.422 {metaspace Before GC invocations=19 (full 0):
 Metaspace       used 21692K, committed 21824K, reserved 1114112K
  class space    used 3017K, committed 3072K, reserved 1048576K
}
Event: 1.422 {metaspace After GC invocations=20 (full 0):
 Metaspace       used 21692K, committed 21824K, reserved 1114112K
  class space    used 3017K, committed 3072K, reserved 1048576K
}
Event: 1.713 {metaspace Before GC invocations=21 (full 0):
 Metaspace       used 25911K, committed 26176K, reserved 1114112K
  class space    used 3469K, committed 3584K, reserved 1048576K
}
Event: 1.716 {metaspace After GC invocations=22 (full 0):
 Metaspace       used 25911K, committed 26176K, reserved 1114112K
  class space    used 3469K, committed 3584K, reserved 1048576K
}
Event: 1.907 {metaspace Before GC invocations=22 (full 0):
 Metaspace       used 27247K, committed 27520K, reserved 1114112K
  class space    used 3588K, committed 3712K, reserved 1048576K
}
Event: 1.917 {metaspace After GC invocations=23 (full 0):
 Metaspace       used 27247K, committed 27520K, reserved 1114112K
  class space    used 3588K, committed 3712K, reserved 1048576K
}
Event: 2.183 {metaspace Before GC invocations=23 (full 0):
 Metaspace       used 28822K, committed 29056K, reserved 1114112K
  class space    used 3714K, committed 3840K, reserved 1048576K
}
Event: 2.193 {metaspace After GC invocations=24 (full 0):
 Metaspace       used 28822K, committed 29056K, reserved 1114112K
  class space    used 3714K, committed 3840K, reserved 1048576K
}

Dll operation events (8 events):
Event: 0.015 Loaded shared library D:\Users\pedro.cardoso\jdk-25.0.2\bin\java.dll
Event: 0.055 Loaded shared library D:\Users\pedro.cardoso\jdk-25.0.2\bin\net.dll
Event: 0.060 Loaded shared library D:\Users\pedro.cardoso\jdk-25.0.2\bin\nio.dll
Event: 0.064 Loaded shared library D:\Users\pedro.cardoso\jdk-25.0.2\bin\zip.dll
Event: 0.915 Loaded shared library D:\Users\pedro.cardoso\jdk-25.0.2\bin\jimage.dll
Event: 1.024 Loaded shared library D:\Users\pedro.cardoso\jdk-25.0.2\bin\management.dll
Event: 1.025 Loaded shared library D:\Users\pedro.cardoso\jdk-25.0.2\bin\management_ext.dll
Event: 1.308 Loaded shared library D:\Users\pedro.cardoso\jdk-25.0.2\bin\verify.dll

Deoptimization events (20 events):
Event: 2.811 Thread 0x000002855cb739e0 Uncommon trap: trap_request=0xffffffde fr.pc=0x000002856f75667c relative=0x00000000000004fc
Event: 2.811 Thread 0x000002855cb739e0 Uncommon trap: reason=class_check action=maybe_recompile pc=0x000002856f75667c method=org.jetbrains.kotlin.backend.common.DeclarationTransformer.transformFlatRestricted$lambda$0(Lorg/jetbrains/kotlin/backend/common/DeclarationTransformer;Lorg/jetbrains/ko
Event: 2.811 Thread 0x000002855cb739e0 DEOPT PACKING pc=0x000002856f75667c sp=0x000000db52cfd930
Event: 2.811 Thread 0x000002855cb739e0 DEOPT UNPACKING pc=0x000002856ee31402 sp=0x000000db52cfd868 mode 2
Event: 2.811 Thread 0x000002855cb739e0 Uncommon trap: trap_request=0xffffffde fr.pc=0x000002856f75667c relative=0x00000000000004fc
Event: 2.811 Thread 0x000002855cb739e0 Uncommon trap: reason=class_check action=maybe_recompile pc=0x000002856f75667c method=org.jetbrains.kotlin.backend.common.DeclarationTransformer.transformFlatRestricted$lambda$0(Lorg/jetbrains/kotlin/backend/common/DeclarationTransformer;Lorg/jetbrains/ko
Event: 2.811 Thread 0x000002855cb739e0 DEOPT PACKING pc=0x000002856f75667c sp=0x000000db52cfd930
Event: 2.811 Thread 0x000002855cb739e0 DEOPT UNPACKING pc=0x000002856ee31402 sp=0x000000db52cfd868 mode 2
Event: 2.811 Thread 0x000002855cb739e0 Uncommon trap: trap_request=0xffffffde fr.pc=0x000002856f75667c relative=0x00000000000004fc
Event: 2.811 Thread 0x000002855cb739e0 Uncommon trap: reason=class_check action=maybe_recompile pc=0x000002856f75667c method=org.jetbrains.kotlin.backend.common.DeclarationTransformer.transformFlatRestricted$lambda$0(Lorg/jetbrains/kotlin/backend/common/DeclarationTransformer;Lorg/jetbrains/ko
Event: 2.811 Thread 0x000002855cb739e0 DEOPT PACKING pc=0x000002856f75667c sp=0x000000db52cfd640
Event: 2.811 Thread 0x000002855cb739e0 DEOPT UNPACKING pc=0x000002856ee31402 sp=0x000000db52cfd578 mode 2
Event: 2.811 Thread 0x000002855cb739e0 Uncommon trap: trap_request=0xffffffde fr.pc=0x000002856f75667c relative=0x00000000000004fc
Event: 2.811 Thread 0x000002855cb739e0 Uncommon trap: reason=class_check action=maybe_recompile pc=0x000002856f75667c method=org.jetbrains.kotlin.backend.common.DeclarationTransformer.transformFlatRestricted$lambda$0(Lorg/jetbrains/kotlin/backend/common/DeclarationTransformer;Lorg/jetbrains/ko
Event: 2.811 Thread 0x000002855cb739e0 DEOPT PACKING pc=0x000002856f75667c sp=0x000000db52cfd880
Event: 2.811 Thread 0x000002855cb739e0 DEOPT UNPACKING pc=0x000002856ee31402 sp=0x000000db52cfd7b8 mode 2
Event: 2.831 Thread 0x000002855cb739e0 Uncommon trap: trap_request=0xffffffbe fr.pc=0x000002856f718e64 relative=0x0000000000000264
Event: 2.831 Thread 0x000002855cb739e0 Uncommon trap: reason=profile_predicate action=maybe_recompile pc=0x000002856f718e64 method=java.util.Arrays.fill([Ljava/lang/Object;Ljava/lang/Object;)V @ 5 c2
Event: 2.831 Thread 0x000002855cb739e0 DEOPT PACKING pc=0x000002856f718e64 sp=0x000000db52cfbcb0
Event: 2.831 Thread 0x000002855cb739e0 DEOPT UNPACKING pc=0x000002856ee31402 sp=0x000000db52cfbc78 mode 2

Classes loaded (20 events):
Event: 2.400 Loading class sun/reflect/generics/tree/TypeVariableSignature
Event: 2.400 Loading class sun/reflect/generics/tree/TypeVariableSignature done
Event: 2.400 Loading class sun/reflect/generics/reflectiveObjects/TypeVariableImpl
Event: 2.400 Loading class sun/reflect/generics/reflectiveObjects/LazyReflectiveObjectGenerator
Event: 2.400 Loading class sun/reflect/generics/reflectiveObjects/LazyReflectiveObjectGenerator done
Event: 2.400 Loading class sun/reflect/generics/reflectiveObjects/TypeVariableImpl done
Event: 2.403 Loading class sun/reflect/generics/tree/BottomSignature
Event: 2.403 Loading class sun/reflect/generics/tree/BottomSignature done
Event: 2.403 Loading class sun/reflect/generics/tree/Wildcard
Event: 2.403 Loading class sun/reflect/generics/tree/Wildcard done
Event: 2.403 Loading class sun/reflect/generics/reflectiveObjects/WildcardTypeImpl
Event: 2.403 Loading class java/lang/reflect/WildcardType
Event: 2.403 Loading class java/lang/reflect/WildcardType done
Event: 2.403 Loading class sun/reflect/generics/reflectiveObjects/WildcardTypeImpl done
Event: 2.633 Loading class java/util/IdentityHashMap$EntrySet
Event: 2.633 Loading class java/util/IdentityHashMap$EntrySet done
Event: 2.633 Loading class java/util/IdentityHashMap$EntryIterator
Event: 2.633 Loading class java/util/IdentityHashMap$EntryIterator done
Event: 2.633 Loading class java/util/IdentityHashMap$EntryIterator$Entry
Event: 2.633 Loading class java/util/IdentityHashMap$EntryIterator$Entry done

Classes unloaded (0 events):
No events

Classes redefined (0 events):
No events

Internal exceptions (20 events):
Event: 1.656 Thread 0x000002855cb739e0 Exception <a 'java/lang/NoSuchMethodError'{0x00000000f0b33240}: 'java.lang.Object java.lang.invoke.DirectMethodHandle$Holder.invokeStatic(java.lang.Object, java.lang.Object, int, int, java.lang.Object, java.lang.Object, long, java.lang.Object)'> (0x00000000f0b33240) 
thrown [s\open\src\hotspot\share\interpreter\linkResolver.cpp, line 804]
Event: 1.657 Thread 0x000002855cb739e0 Exception <a 'java/lang/NoSuchMethodError'{0x00000000f0b55248}: 'java.lang.Object java.lang.invoke.Invokers$Holder.linkToTargetMethod(java.lang.Object, int, int, java.lang.Object, java.lang.Object, long, java.lang.Object)'> (0x00000000f0b55248) 
thrown [s\open\src\hotspot\share\interpreter\linkResolver.cpp, line 804]
Event: 1.702 Thread 0x000002855cb739e0 Exception <a 'java/lang/NoSuchMethodError'{0x00000000f055c0f0}: 'java.lang.Object java.lang.invoke.DirectMethodHandle$Holder.newInvokeSpecial(java.lang.Object, java.lang.Object, int, int, java.lang.Object, long, long, java.lang.Object)'> (0x00000000f055c0f0) 
thrown [s\open\src\hotspot\share\interpreter\linkResolver.cpp, line 804]
Event: 1.704 Thread 0x000002855cb739e0 Exception <a 'java/lang/NoSuchMethodError'{0x00000000f057dc58}: 'java.lang.Object java.lang.invoke.DirectMethodHandle$Holder.newInvokeSpecial(java.lang.Object, java.lang.Object, java.lang.Object, int)'> (0x00000000f057dc58) 
thrown [s\open\src\hotspot\share\interpreter\linkResolver.cpp, line 804]
Event: 1.704 Thread 0x000002855cb739e0 Exception <a 'java/lang/NoSuchMethodError'{0x00000000f05872f0}: 'java.lang.Object java.lang.invoke.Invokers$Holder.linkToTargetMethod(java.lang.Object, java.lang.Object, int, java.lang.Object)'> (0x00000000f05872f0) 
thrown [s\open\src\hotspot\share\interpreter\linkResolver.cpp, line 804]
Event: 1.758 Thread 0x000002855cb739e0 Exception <a 'java/lang/NoSuchMethodError'{0x00000000f388a468}: 'java.lang.Object java.lang.invoke.DirectMethodHandle$Holder.newInvokeSpecial(java.lang.Object, java.lang.Object, java.lang.Object, int, int, java.lang.Object)'> (0x00000000f388a468) 
thrown [s\open\src\hotspot\share\interpreter\linkResolver.cpp, line 804]
Event: 1.760 Thread 0x000002855cb739e0 Exception <a 'java/lang/NoSuchMethodError'{0x00000000f389b0a8}: 'java.lang.Object java.lang.invoke.Invokers$Holder.linkToTargetMethod(java.lang.Object, java.lang.Object, int, int, java.lang.Object, java.lang.Object)'> (0x00000000f389b0a8) 
thrown [s\open\src\hotspot\share\interpreter\linkResolver.cpp, line 804]
Event: 1.782 Thread 0x000002855cb739e0 Exception <a 'java/lang/NoSuchMethodError'{0x00000000f36b5f60}: 'java.lang.Object java.lang.invoke.DirectMethodHandle$Holder.invokeStatic(java.lang.Object, java.lang.Object, int, java.lang.Object, java.lang.Object)'> (0x00000000f36b5f60) 
thrown [s\open\src\hotspot\share\interpreter\linkResolver.cpp, line 804]
Event: 1.782 Thread 0x000002855cb739e0 Exception <a 'java/lang/NoSuchMethodError'{0x00000000f36c6d18}: 'java.lang.Object java.lang.invoke.DirectMethodHandle$Holder.invokeStatic(java.lang.Object, java.lang.Object, int, java.lang.Object)'> (0x00000000f36c6d18) 
thrown [s\open\src\hotspot\share\interpreter\linkResolver.cpp, line 804]
Event: 1.785 Thread 0x000002855cb739e0 Exception <a 'java/lang/NoSuchMethodError'{0x00000000f36e8c30}: 'java.lang.Object java.lang.invoke.DirectMethodHandle$Holder.invokeStaticInit(java.lang.Object, java.lang.Object, int, java.lang.Object)'> (0x00000000f36e8c30) 
thrown [s\open\src\hotspot\share\interpreter\linkResolver.cpp, line 804]
Event: 1.787 Thread 0x000002855cb739e0 Exception <a 'java/lang/NoSuchMethodError'{0x00000000f3532350}: 'java.lang.Object java.lang.invoke.DirectMethodHandle$Holder.newInvokeSpecial(java.lang.Object, java.lang.Object, java.lang.Object, java.lang.Object, int)'> (0x00000000f3532350) 
thrown [s\open\src\hotspot\share\interpreter\linkResolver.cpp, line 804]
Event: 1.787 Thread 0x000002855cb739e0 Exception <a 'java/lang/NoSuchMethodError'{0x00000000f353b140}: 'java.lang.Object java.lang.invoke.DirectMethodHandle$Holder.invokeSpecial(java.lang.Object, java.lang.Object, java.lang.Object, java.lang.Object, java.lang.Object, int)'> (0x00000000f353b140) 
thrown [s\open\src\hotspot\share\interpreter\linkResolver.cpp, line 804]
Event: 1.787 Thread 0x000002855cb739e0 Exception <a 'java/lang/NoSuchMethodError'{0x00000000f3543560}: 'java.lang.Object java.lang.invoke.Invokers$Holder.linkToTargetMethod(java.lang.Object, java.lang.Object, java.lang.Object, int, java.lang.Object)'> (0x00000000f3543560) 
thrown [s\open\src\hotspot\share\interpreter\linkResolver.cpp, line 804]
Event: 2.297 Thread 0x000002855cb739e0 Exception <a 'java/lang/NoSuchMethodError'{0x00000000f64a40c8}: 'java.lang.Object java.lang.invoke.DirectMethodHandle$Holder.invokeStatic(java.lang.Object, java.lang.Object, java.lang.Object, java.lang.Object, java.lang.Object, java.lang.Object, java.lang.Object, java.lang.Object, java.lang.Object, java.lang.Object)'> (0x00000000f64a40c8) 
thrown [s\open\src\hotspot\share\interpreter\linkResolver.cpp, line 804]
Event: 2.297 Thread 0x000002855cb739e0 Exception <a 'java/lang/NoSuchMethodError'{0x00000000f64b6278}: 'java.lang.Object java.lang.invoke.DirectMethodHandle$Holder.newInvokeSpecial(java.lang.Object, java.lang.Object, java.lang.Object, java.lang.Object, java.lang.Object, java.lang.Object, java.lang.Object, java.lang.Object, java.lang.Object, java.lang.Object)'> (0x00000000f64b6278) 
thrown [s\open\src\hotspot\share\interpreter\linkResolver.cpp, line 804]
Event: 2.315 Thread 0x000002855cb739e0 Exception <a 'java/lang/NoSuchMethodError'{0x00000000f61df5c8}: 'java.lang.Object java.lang.invoke.DirectMethodHandle$Holder.newInvokeSpecial(java.lang.Object, java.lang.Object, int, java.lang.Object)'> (0x00000000f61df5c8) 
thrown [s\open\src\hotspot\share\interpreter\linkResolver.cpp, line 804]
Event: 2.315 Thread 0x000002855cb739e0 Exception <a 'java/lang/NoSuchMethodError'{0x00000000f61e82f8}: 'java.lang.Object java.lang.invoke.Invokers$Holder.linkToTargetMethod(java.lang.Object, int, java.lang.Object, java.lang.Object)'> (0x00000000f61e82f8) 
thrown [s\open\src\hotspot\share\interpreter\linkResolver.cpp, line 804]
Event: 2.358 Thread 0x000002855cb739e0 Implicit null exception at 0x000002856f69e930 to 0x000002856f69ea21
Event: 2.401 Thread 0x000002855cb739e0 Exception <a 'java/lang/NoSuchMethodError'{0x00000000f5544b50}: 'java.lang.Object java.lang.invoke.DirectMethodHandle$Holder.invokeStaticInit(java.lang.Object, java.lang.Object, java.lang.Object, java.lang.Object)'> (0x00000000f5544b50) 
thrown [s\open\src\hotspot\share\interpreter\linkResolver.cpp, line 804]
Event: 2.401 Thread 0x000002855cb739e0 Exception <a 'java/lang/NoSuchMethodError'{0x00000000f55550f8}: 'java.lang.Object java.lang.invoke.DirectMethodHandle$Holder.invokeStaticInit(java.lang.Object, int, java.lang.Object, java.lang.Object, java.lang.Object)'> (0x00000000f55550f8) 
thrown [s\open\src\hotspot\share\interpreter\linkResolver.cpp, line 804]

VM Operations (20 events):
Event: 2.183 Executing safepoint VM operation: G1CollectForAllocation (G1 Evacuation Pause)
Event: 2.193 Executing safepoint VM operation: G1CollectForAllocation (G1 Evacuation Pause) done
Event: 2.207 Executing safepoint VM operation: G1PauseRemark
Event: 2.211 Executing safepoint VM operation: G1PauseRemark done
Event: 2.217 Executing safepoint VM operation: G1PauseCleanup
Event: 2.217 Executing safepoint VM operation: G1PauseCleanup done
Event: 2.243 Executing non-safepoint VM operation: HandshakeAllThreads (Deoptimize)
Event: 2.243 Executing non-safepoint VM operation: HandshakeAllThreads (Deoptimize) done
Event: 2.309 Executing non-safepoint VM operation: HandshakeAllThreads (Deoptimize)
Event: 2.309 Executing non-safepoint VM operation: HandshakeAllThreads (Deoptimize) done
Event: 2.602 Executing non-safepoint VM operation: HandshakeAllThreads (Deoptimize)
Event: 2.602 Executing non-safepoint VM operation: HandshakeAllThreads (Deoptimize) done
Event: 2.603 Executing non-safepoint VM operation: HandshakeAllThreads (Deoptimize)
Event: 2.603 Executing non-safepoint VM operation: HandshakeAllThreads (Deoptimize) done
Event: 2.634 Executing non-safepoint VM operation: HandshakeAllThreads (Deoptimize)
Event: 2.634 Executing non-safepoint VM operation: HandshakeAllThreads (Deoptimize) done
Event: 2.650 Executing non-safepoint VM operation: HandshakeAllThreads (Deoptimize)
Event: 2.650 Executing non-safepoint VM operation: HandshakeAllThreads (Deoptimize) done
Event: 2.817 Executing non-safepoint VM operation: HandshakeAllThreads (Deoptimize)
Event: 2.817 Executing non-safepoint VM operation: HandshakeAllThreads (Deoptimize) done

Memory protections (0 events):
No events

Nmethod flushes (20 events):
Event: 2.210 Thread 0x000002857ae901c0 flushing  nmethod 0x00000285678eb008
Event: 2.210 Thread 0x000002857ae901c0 flushing  nmethod 0x00000285678eb888
Event: 2.210 Thread 0x000002857ae901c0 flushing  nmethod 0x00000285678ed308
Event: 2.210 Thread 0x000002857ae901c0 flushing  nmethod 0x00000285678f1508
Event: 2.210 Thread 0x000002857ae901c0 flushing  nmethod 0x000002856791d308
Event: 2.210 Thread 0x000002857ae901c0 flushing  nmethod 0x000002856791ec08
Event: 2.210 Thread 0x000002857ae901c0 flushing  nmethod 0x0000028567962988
Event: 2.210 Thread 0x000002857ae901c0 flushing  nmethod 0x000002856798e508
Event: 2.210 Thread 0x000002857ae901c0 flushing  nmethod 0x00000285679cdc88
Event: 2.210 Thread 0x000002857ae901c0 flushing  nmethod 0x0000028567a3d588
Event: 2.210 Thread 0x000002857ae901c0 flushing  nmethod 0x0000028567a3db88
Event: 2.210 Thread 0x000002857ae901c0 flushing  nmethod 0x0000028567a3e208
Event: 2.210 Thread 0x000002857ae901c0 flushing  nmethod 0x0000028567a3e688
Event: 2.210 Thread 0x000002857ae901c0 flushing  nmethod 0x0000028567a3ec88
Event: 2.210 Thread 0x000002857ae901c0 flushing  nmethod 0x0000028567a3ef88
Event: 2.210 Thread 0x000002857ae901c0 flushing  nmethod 0x0000028567a3f708
Event: 2.210 Thread 0x000002857ae901c0 flushing  nmethod 0x0000028567a3fd88
Event: 2.210 Thread 0x000002857ae901c0 flushing  nmethod 0x0000028567a67188
Event: 2.210 Thread 0x000002857ae901c0 flushing  nmethod 0x0000028567a67488
Event: 2.210 Thread 0x000002857ae901c0 flushing  nmethod 0x0000028567b1d408

Events (20 events):
Event: 0.030 Thread 0x000002855cb739e0 Thread added: 0x000002855cb739e0
Event: 0.038 Thread 0x000002855cb739e0 Thread added: 0x000002857aea2670
Event: 0.038 Thread 0x000002855cb739e0 Thread added: 0x000002857aea4e40
Event: 0.038 Thread 0x000002855cb739e0 Thread added: 0x000002857aea5860
Event: 0.038 Thread 0x000002855cb739e0 Thread added: 0x000002857aea6f20
Event: 0.038 Thread 0x000002855cb739e0 Thread added: 0x000002857aeb1b00
Event: 0.038 Thread 0x000002855cb739e0 Thread added: 0x000002857aeb3010
Event: 0.038 Thread 0x000002855cb739e0 Thread added: 0x000002857aebd670
Event: 0.038 Thread 0x000002855cb739e0 Thread added: 0x000002857aed4b50
Event: 0.047 Thread 0x000002857aed4b50 Thread added: 0x000002857aed5360
Event: 0.049 Thread 0x000002855cb739e0 Thread added: 0x000002857f109c60
Event: 0.051 Thread 0x000002855cb739e0 Thread added: 0x000002857f10f6b0
Event: 0.795 Thread 0x000002857aebd670 Thread added: 0x000002857aed6380
Event: 0.975 Thread 0x000002857aed5360 Thread added: 0x000002857aed2b10
Event: 1.227 Thread 0x000002857aed6380 Thread added: 0x000002857aed83c0
Event: 1.339 Thread 0x000002857aed5360 Thread added: 0x000002857aed7bb0
Event: 1.506 Thread 0x000002857aed83c0 Thread added: 0x0000028500789f30
Event: 1.506 Thread 0x000002857aed83c0 Thread added: 0x0000028500789720
Event: 1.564 Thread 0x000002857aed4b50 Thread added: 0x000002850078b760
Event: 1.564 Thread 0x000002857aed4b50 Thread added: 0x000002850078d7a0


Dynamic libraries:
0x00007ff664780000 - 0x00007ff664790000 	D:\Users\pedro.cardoso\jdk-25.0.2\bin\java.exe
0x00007ff86ff60000 - 0x00007ff8701c8000 	C:\WINDOWS\SYSTEM32\ntdll.dll
0x00007ff86f3a0000 - 0x00007ff86f469000 	C:\WINDOWS\System32\KERNEL32.DLL
0x00007ff86d6d0000 - 0x00007ff86dac1000 	C:\WINDOWS\System32\KERNELBASE.dll
0x00007ff86dad0000 - 0x00007ff86dc1b000 	C:\WINDOWS\System32\ucrtbase.dll
0x00007ff8482b0000 - 0x00007ff8482c7000 	D:\Users\pedro.cardoso\jdk-25.0.2\bin\jli.dll
0x00007ff846460000 - 0x00007ff84647e000 	D:\Users\pedro.cardoso\jdk-25.0.2\bin\VCRUNTIME140.dll
0x00007ff86e4b0000 - 0x00007ff86e676000 	C:\WINDOWS\System32\USER32.dll
0x00007ff86dc20000 - 0x00007ff86dc47000 	C:\WINDOWS\System32\win32u.dll
0x00007ff86fe60000 - 0x00007ff86fe8b000 	C:\WINDOWS\System32\GDI32.dll
0x00007ff86ca40000 - 0x00007ff86cb6b000 	C:\WINDOWS\System32\gdi32full.dll
0x00007ff86d3e0000 - 0x00007ff86d483000 	C:\WINDOWS\System32\msvcp_win.dll
0x00007ff858430000 - 0x00007ff8586c3000 	C:\WINDOWS\WinSxS\amd64_microsoft.windows.common-controls_6595b64144ccf1df_6.0.26100.7824_none_3e0870b2e3345462\COMCTL32.dll
0x00007ff86e1d0000 - 0x00007ff86e279000 	C:\WINDOWS\System32\msvcrt.dll
0x00007ff86dd00000 - 0x00007ff86dd31000 	C:\WINDOWS\System32\IMM32.DLL
0x00007ff8576f0000 - 0x00007ff8576fc000 	D:\Users\pedro.cardoso\jdk-25.0.2\bin\vcruntime140_1.dll
0x00007ff82d870000 - 0x00007ff82d8fd000 	D:\Users\pedro.cardoso\jdk-25.0.2\bin\msvcp140.dll
0x00007fffab830000 - 0x00007fffac68f000 	D:\Users\pedro.cardoso\jdk-25.0.2\bin\server\jvm.dll
0x00007ff86f790000 - 0x00007ff86f844000 	C:\WINDOWS\System32\ADVAPI32.dll
0x00007ff86f470000 - 0x00007ff86f516000 	C:\WINDOWS\System32\sechost.dll
0x00007ff86f280000 - 0x00007ff86f398000 	C:\WINDOWS\System32\RPCRT4.dll
0x00007ff86f700000 - 0x00007ff86f774000 	C:\WINDOWS\System32\WS2_32.dll
0x00007ff864ca0000 - 0x00007ff864cd5000 	C:\WINDOWS\SYSTEM32\WINMM.dll
0x00007ff8658e0000 - 0x00007ff8658eb000 	C:\WINDOWS\SYSTEM32\VERSION.dll
0x00007ff86c380000 - 0x00007ff86c3de000 	C:\WINDOWS\SYSTEM32\POWRPROF.dll
0x00007ff86c360000 - 0x00007ff86c374000 	C:\WINDOWS\SYSTEM32\UMPDC.dll
0x00007ff86b2c0000 - 0x00007ff86b2db000 	C:\WINDOWS\SYSTEM32\kernel.appcore.dll
0x00007ff855f30000 - 0x00007ff855f3a000 	D:\Users\pedro.cardoso\jdk-25.0.2\bin\jimage.dll
0x00007ff86a3e0000 - 0x00007ff86a622000 	C:\WINDOWS\SYSTEM32\DBGHELP.DLL
0x00007ff86fa50000 - 0x00007ff86fdd6000 	C:\WINDOWS\System32\combase.dll
0x00007ff86e2d0000 - 0x00007ff86e3a7000 	C:\WINDOWS\System32\OLEAUT32.dll
0x00007ff84f2c0000 - 0x00007ff84f2fb000 	C:\WINDOWS\SYSTEM32\dbgcore.DLL
0x00007ff86dc50000 - 0x00007ff86dcf5000 	C:\WINDOWS\System32\bcryptPrimitives.dll
0x00007ff846400000 - 0x00007ff84641f000 	D:\Users\pedro.cardoso\jdk-25.0.2\bin\java.dll
0x00007ff86df50000 - 0x00007ff86e0e7000 	C:\WINDOWS\System32\ole32.dll
0x00007ff86e680000 - 0x00007ff86edd2000 	C:\WINDOWS\System32\SHELL32.dll
0x00007ff86c8d0000 - 0x00007ff86ca3a000 	C:\WINDOWS\System32\wintypes.dll
0x00007ff86cb70000 - 0x00007ff86d3d3000 	C:\WINDOWS\System32\windows.storage.dll
0x00007ff86e3b0000 - 0x00007ff86e4a6000 	C:\WINDOWS\System32\SHCORE.dll
0x00007ff86dec0000 - 0x00007ff86df27000 	C:\WINDOWS\System32\shlwapi.dll
0x00007ff86c760000 - 0x00007ff86c789000 	C:\WINDOWS\SYSTEM32\profapi.dll
0x00007ff8463e0000 - 0x00007ff8463f2000 	D:\Users\pedro.cardoso\jdk-25.0.2\bin\net.dll
0x00007ff86b830000 - 0x00007ff86b89b000 	C:\WINDOWS\system32\mswsock.dll
0x00007ff846300000 - 0x00007ff846316000 	D:\Users\pedro.cardoso\jdk-25.0.2\bin\nio.dll
0x00007ff855f40000 - 0x00007ff855f57000 	D:\Users\pedro.cardoso\jdk-25.0.2\bin\zip.dll
0x00007ff855c80000 - 0x00007ff855c8a000 	D:\Users\pedro.cardoso\jdk-25.0.2\bin\management.dll
0x00007ff855b30000 - 0x00007ff855b3c000 	D:\Users\pedro.cardoso\jdk-25.0.2\bin\management_ext.dll
0x00007ff86f780000 - 0x00007ff86f788000 	C:\WINDOWS\System32\PSAPI.DLL
0x00007ff855cb0000 - 0x00007ff855cc0000 	D:\Users\pedro.cardoso\jdk-25.0.2\bin\verify.dll

JVMTI agents: none

dbghelp: loaded successfully - version: 4.0.5 - missing functions: none
symbol engine: initialized successfully - sym options: 0x614 - pdb path: .;D:\Users\pedro.cardoso\jdk-25.0.2\bin;C:\WINDOWS\SYSTEM32;C:\WINDOWS\WinSxS\amd64_microsoft.windows.common-controls_6595b64144ccf1df_6.0.26100.7824_none_3e0870b2e3345462;D:\Users\pedro.cardoso\jdk-25.0.2\bin\server

VM Arguments:
jvm_args: -Xmx512M -Xms128M --enable-native-access=ALL-UNNAMED --sun-misc-unsafe-memory-access=allow 
java_command: org.jetbrains.kotlin.preloading.Preloader -cp D:\Users\pedro.cardoso\stupidspeed\tools\kotlin\kotlinc\bin\..\lib\kotlin-compiler.jar org.jetbrains.kotlin.cli.js.KotlinWasmCompiler -libraries D:\Users\pedro.cardoso\stupidspeed\exec\kotlin\..\..\tools\kotlin\kotlinc\lib\kotlin-stdlib-wasm-wasi.klib -Xwasm-target wasm-wasi -Xir-produce-js -Xinclude D:\Users\pedro.cardoso\stupidspeed\exec\kotlin\13_matrix_mul\klib-wasm\prog.klib -ir-output-dir D:\Users\pedro.cardoso\stupidspeed\exec\kotlin\13_matrix_mul\out-wasm -ir-output-name prog
java_class_path (initial): D:\Users\pedro.cardoso\stupidspeed\tools\kotlin\kotlinc\bin\..\lib\kotlin-preloader.jar
Launcher Type: SUN_STANDARD

[Global flags]
     intx CICompilerCount                          = 12                                        {product} {ergonomic}
     uint ConcGCThreads                            = 4                                         {product} {ergonomic}
     uint G1ConcRefinementThreads                  = 15                                        {product} {ergonomic}
   size_t G1HeapRegionSize                         = 1048576                                   {product} {ergonomic}
   size_t InitialHeapSize                          = 134217728                                 {product} {command line}
   size_t MarkStackSize                            = 4194304                                   {product} {ergonomic}
   size_t MarkStackSizeMax                         = 536870912                                 {product} {ergonomic}
   size_t MaxHeapSize                              = 536870912                                 {product} {command line}
   size_t MaxNewSize                               = 321912832                                 {product} {ergonomic}
   size_t MinHeapDeltaBytes                        = 1048576                                   {product} {ergonomic}
   size_t MinHeapSize                              = 134217728                                 {product} {command line}
    uintx NonNMethodCodeHeapSize                   = 7602176                                {pd product} {ergonomic}
    uintx NonProfiledCodeHeapSize                  = 122093568                              {pd product} {ergonomic}
    uintx ProfiledCodeHeapSize                     = 121962496                              {pd product} {ergonomic}
    uintx ReservedCodeCacheSize                    = 251658240                              {pd product} {ergonomic}
     bool SegmentedCodeCache                       = true                                      {product} {ergonomic}
   size_t SoftMaxHeapSize                          = 536870912                              {manageable} {ergonomic}
     bool UseCompressedOops                        = true                           {product lp64_product} {ergonomic}
     bool UseG1GC                                  = true                                      {product} {ergonomic}
     bool UseLargePagesIndividualAllocation        = false                                  {pd product} {ergonomic}

Logging:
Log output configuration:
 #0: stdout all=warning uptime,level,tags foldmultilines=false
 #1: stderr all=off uptime,level,tags foldmultilines=false

Release file:
IMPLEMENTOR="Oracle Corporation" 
JAVA_RUNTIME_VERSION="25.0.2+10-LTS-69" 
JAVA_VERSION="25.0.2" 
JAVA_VERSION_DATE="2026-01-20" 
LIBC="default" 
MODULES="java.base java.compiler java.datatransfer java.xml java.prefs java.desktop java.instrument java.logging java.management java.security.sasl java.naming java.rmi java.management.rmi java.net.http java.scripting java.security.jgss java.transaction.xa java.sql java.sql.rowset java.xml.crypto java.se java.smartcardio jdk.accessibility jdk.internal.jvmstat jdk.attach jdk.charsets jdk.internal.opt jdk.zipfs jdk.compiler jdk.crypto.cryptoki jdk.crypto.ec jdk.crypto.mscapi jdk.dynalink jdk.internal.ed jdk.editpad jdk.internal.vm.ci jdk.graal.compiler jdk.graal.compiler.management jdk.hotspot.agent jdk.httpserver jdk.incubator.vector jdk.internal.le jdk.internal.md jdk.jartool jdk.javadoc jdk.jcmd jdk.management jdk.management.agent jdk.jconsole jdk.jdeps jdk.jdwp.agent jdk.jdi jdk.jfr jdk.jlink jdk.jpackage jdk.jshell jdk.jsobject jdk.jstatd jdk.localedata jdk.management.jfr jdk.naming.dns jdk.naming.rmi jdk.net jdk.nio.mapmode jdk.sctp jdk.security.auth jdk.security.jgss jdk.unsupported jdk.unsupported.desktop jdk.xml.dom" 
OS_ARCH="x86_64" 
OS_NAME="Windows" 
SOURCE=".:git:b75efb40c93a open:git:405a5699ebd0" 

Environment Variables:
JAVA_HOME=C:\Program Files\Java\jdk-24
JAVA_OPTS=-Xmx512M -Xms128M "--enable-native-access=ALL-UNNAMED" "--sun-misc-unsafe-memory-access=allow"
PATH=C:\Program Files\Java\jdk-24\bin;C:\Program Files\Java\jdk-24\bin;C:\ProgramData\Oracle\Java\javapath;C:\Oracle\Ora81\bin;C:\Program Files (x86)\Oracle\jre\1.1.7\bin;C:\ORANT\bin;C:\WINDOWS\system32;C:\WINDOWS;C:\WINDOWS\System32\Wbem;C:\WINDOWS\System32\WindowsPowerShell\v1.0\;C:\WINDOWS\System32\OpenSSH\;C:\ORANT\jdk\bin;D:\Users\pedro.cardoso\.cargo\bin;D:\Users\pedro.cardoso\AppData\Local\Programs\Python\Python311\Scripts\;D:\Users\pedro.cardoso\AppData\Local\Programs\Python\Python311\;D:\Users\pedro.cardoso\AppData\Local\Programs\Python\Python314\Scripts\;D:\Users\pedro.cardoso\AppData\Local\Programs\Python\Python314\;D:\Users\pedro.cardoso\AppData\Local\Programs\Python\Launcher\;D:\Users\pedro.cardoso\.local\bin;D:\Users\pedro.cardoso\AppData\Local\Microsoft\WindowsApps;D:\Users\pedro.cardoso\AppData\Local\Programs\Microsoft VS Code\bin;D:\Users\pedro.cardoso\jdk-25.0.2\bin;D:\Users\pedro.cardoso\PortableGit\bin;D:\Users\pedro.cardoso\node;D:\Users\pedro.cardoso\AppData\Local\Programs\DockerDesktop\resources\bin;D:\Users\pedro.cardoso\prompteer;D:\Users\pedro.cardoso\AppData\Local\Programs\Zed\bin;D:\Users\pedro.cardoso\AppData\Local\Microsoft\WinGet\Packages\BrechtSanders.WinLibs.POSIX.UCRT_Microsoft.Winget.Source_8wekyb3d8bbwe\mingw64\bin;D:\Users\pedro.cardoso\.bun\bin;D:\Users\pedro.cardoso\AppData\Local\Programs\nu\bin\;D:\Users\pedro.cardoso\AppData\Local\Programs\Lua\bin;D:\Users\pedro.cardoso\PortableGit\cmd;D:\Users\pedro.cardoso\PortableGit\usr\bin
USERNAME=pedro.cardoso
LANG=en_US.UTF-8
TERM=dumb
OS=Windows_NT
PROCESSOR_IDENTIFIER=Intel64 Family 6 Model 151 Stepping 2, GenuineIntel
TMP=D:\Users\pedro.cardoso\AppData\Local\Temp
TEMP=D:\Users\pedro.cardoso\AppData\Local\Temp




Compilation memory statistics disabled.

Periodic native trim disabled

---------------  S Y S T E M  ---------------

OS:
 Windows 11 , 64 bit Build 26100 (10.0.26100.7705)
OS uptime: 0 days 5:22 hours

CPU: total 20 (initial active 20) (10 cores per cpu, 2 threads per core) family 6 model 151 stepping 2 microcode 0x3a, cx8, cmov, fxsr, ht, mmx, 3dnowpref, sse, sse2, sse3, ssse3, sse4.1, sse4.2, popcnt, lzcnt, tsc, tscinvbit, avx, avx2, aes, erms, clmul, bmi1, bmi2, adx, sha, fma, vzeroupper, clflush, clflushopt, clwb, serialize, rdtscp, rdpid, fsrm, gfni, f16c, pku, cet_ibt, cet_ss
Processor Information for processor 0
  Max Mhz: 2100, Current Mhz: 2100, Mhz Limit: 2100
Processor Information for processor 1
  Max Mhz: 2100, Current Mhz: 2100, Mhz Limit: 2100
Processor Information for processor 2
  Max Mhz: 2100, Current Mhz: 2100, Mhz Limit: 2100
Processor Information for processor 3
  Max Mhz: 2100, Current Mhz: 2100, Mhz Limit: 2100
Processor Information for processor 4
  Max Mhz: 2100, Current Mhz: 2100, Mhz Limit: 2100
Processor Information for processor 5
  Max Mhz: 2100, Current Mhz: 2100, Mhz Limit: 2100
Processor Information for processor 6
  Max Mhz: 2100, Current Mhz: 2100, Mhz Limit: 2100
Processor Information for processor 7
  Max Mhz: 2100, Current Mhz: 2100, Mhz Limit: 2100
Processor Information for processor 8
  Max Mhz: 2100, Current Mhz: 2100, Mhz Limit: 2100
Processor Information for processor 9
  Max Mhz: 2100, Current Mhz: 2100, Mhz Limit: 2100
Processor Information for processor 10
  Max Mhz: 2100, Current Mhz: 2100, Mhz Limit: 2100
Processor Information for processor 11
  Max Mhz: 2100, Current Mhz: 2100, Mhz Limit: 2100
Processor Information for processor 12
  Max Mhz: 2100, Current Mhz: 2100, Mhz Limit: 2100
Processor Information for processor 13
  Max Mhz: 2100, Current Mhz: 2100, Mhz Limit: 2100
Processor Information for processor 14
  Max Mhz: 2100, Current Mhz: 2100, Mhz Limit: 2100
Processor Information for processor 15
  Max Mhz: 2100, Current Mhz: 2100, Mhz Limit: 2100
Processor Information for processor 16
  Max Mhz: 2100, Current Mhz: 1600, Mhz Limit: 1596
Processor Information for processor 17
  Max Mhz: 2100, Current Mhz: 1600, Mhz Limit: 1596
Processor Information for processor 18
  Max Mhz: 2100, Current Mhz: 1600, Mhz Limit: 1596
Processor Information for processor 19
  Max Mhz: 2100, Current Mhz: 1600, Mhz Limit: 1596

Memory: 4k page, system-wide physical 7906M (1361M free)
TotalPageFile size 25759M (AvailPageFile size 9228M)
current process WorkingSet (physical memory assigned to process): 566M, peak: 594M
current process commit charge ("private bytes"): 627M, peak: 660M

vm_info: Java HotSpot(TM) 64-Bit Server VM (25.0.2+10-LTS-69) for windows-amd64 JRE (25.0.2+10-LTS-69), built on 2025-12-18T11:36:35Z with MS VC++ 17.13 (VS2022)

END.
