version 2
JvmtiExport can_access_local_variables 0
JvmtiExport can_hotswap_or_post_breakpoint 1
JvmtiExport can_post_on_exceptions 0
# 451 ciObject found
instanceKlass org/jetbrains/kotlin/ir/visitors/IrVisitorVoid
ciInstanceKlass java/lang/Cloneable 1 0 7 100 1 100 1 1 1
instanceKlass org/jetbrains/kotlin/wasm/ir/WasmSymbol
instanceKlass org/jetbrains/kotlin/wasm/ir/WasmSymbolReadOnly
instanceKlass org/jetbrains/kotlin/wasm/ir/WasmImportDescriptor
# instanceKlass org/jetbrains/kotlin/backend/wasm/lower/ComplexExternalDeclarationsToTopLevelFunctionsLowering$processExternalDeclaration$1$$Lambda+0x0000000010468a70
instanceKlass org/jetbrains/kotlin/ir/backend/js/utils/AnnotationUtilsKt
instanceKlass org/jetbrains/kotlin/backend/wasm/lower/WasmStringSwitchOptimizerLowering$BucketSelector
instanceKlass org/jetbrains/kotlin/backend/wasm/lower/WasmStringSwitchOptimizerLoweringKt
instanceKlass org/jetbrains/kotlin/backend/wasm/lower/WasmStringSwitchOptimizerLowering$MatchedCase
instanceKlass org/jetbrains/kotlin/backend/wasm/lower/WasmStringSwitchOptimizerLowering$visitWhen$lambda$0$$inlined$matchConditions$1
instanceKlass org/jetbrains/kotlin/backend/common/IrWhenUtils
instanceKlass  @bci org/jetbrains/kotlin/backend/wasm/lower/WasmStringSwitchOptimizerLowering <init> (Lorg/jetbrains/kotlin/backend/wasm/WasmBackendContext;)V 17 <appendix> member <vmtarget> ; # org/jetbrains/kotlin/backend/wasm/lower/WasmStringSwitchOptimizerLowering$$Lambda+0x0000000010466a70
instanceKlass org/jetbrains/kotlin/ir/backend/js/lower/PrimaryConstructorLowering$Companion
instanceKlass org/jetbrains/kotlin/backend/common/lower/InnerClassesLoweringKt
instanceKlass  @bci org/jetbrains/kotlin/backend/common/lower/InnerClassesLowering lowerConstructor (Lorg/jetbrains/kotlin/ir/declarations/IrConstructor;)Lorg/jetbrains/kotlin/ir/declarations/IrConstructor; 128 <appendix> form vmentry <vmtarget> ; # java/lang/invoke/LambdaForm$DMH+0x0000000010464400
instanceKlass  @bci org/jetbrains/kotlin/backend/common/lower/InnerClassesLowering lowerConstructor (Lorg/jetbrains/kotlin/ir/declarations/IrConstructor;)Lorg/jetbrains/kotlin/ir/declarations/IrConstructor; 128 <appendix> member <vmtarget> ; # org/jetbrains/kotlin/backend/common/lower/InnerClassesLowering$$Lambda+0x0000000010461ee0
instanceKlass  @cpi org/jetbrains/kotlin/backend/common/lower/InnerClassesLowering 129 form vmentry <vmtarget> ; # java/lang/invoke/LambdaForm$DMH+0x0000000010464000
instanceKlass org/jetbrains/kotlin/js/backend/ast/JsStatement
instanceKlass org/jetbrains/kotlin/js/util/TextOutput
instanceKlass org/jetbrains/kotlin/js/backend/ast/AbstractNode
instanceKlass org/jetbrains/kotlin/js/backend/ast/metadata/HasMetadata
instanceKlass org/jetbrains/kotlin/js/backend/ast/JsNode
instanceKlass org/jetbrains/kotlin/js/backend/ast/HasName
instanceKlass org/jetbrains/kotlin/ir/backend/js/utils/Namer
instanceKlass org/jetbrains/kotlin/ir/backend/js/lower/JsInnerClassesSupportKt
instanceKlass org/jetbrains/kotlin/backend/common/lower/LocalDeclarationPopupLowering$ExtractedLocalDeclaration
instanceKlass org/jetbrains/kotlin/backend/common/lower/ScopeWithCounter
instanceKlass org/jetbrains/kotlin/backend/common/lower/InventNamesForLocalFunctions$Data
instanceKlass  @bci org/jetbrains/kotlin/backend/common/lower/InventNamesForLocalFunctions$NameInventor <init> (Lorg/jetbrains/kotlin/backend/common/lower/InventNamesForLocalFunctions;Lorg/jetbrains/kotlin/ir/declarations/IrDeclaration;)V 61 <appendix> member <vmtarget> ; # org/jetbrains/kotlin/backend/common/lower/InventNamesForLocalFunctions$NameInventor$$Lambda+0x000000001045e558
instanceKlass  @bci org/jetbrains/kotlin/backend/common/lower/InventNamesForLocalFunctions$NameInventor <init> (Lorg/jetbrains/kotlin/backend/common/lower/InventNamesForLocalFunctions;Lorg/jetbrains/kotlin/ir/declarations/IrDeclaration;)V 48 <appendix> member <vmtarget> ; # org/jetbrains/kotlin/backend/common/lower/InventNamesForLocalFunctions$NameInventor$$Lambda+0x000000001045e328
instanceKlass  @bci org/jetbrains/kotlin/backend/common/lower/InventNamesForLocalFunctions$NameInventor <init> (Lorg/jetbrains/kotlin/backend/common/lower/InventNamesForLocalFunctions;Lorg/jetbrains/kotlin/ir/declarations/IrDeclaration;)V 35 <appendix> member <vmtarget> ; # org/jetbrains/kotlin/backend/common/lower/InventNamesForLocalFunctions$NameInventor$$Lambda+0x000000001045e0f8
instanceKlass  @bci org/jetbrains/kotlin/backend/common/lower/InventNamesForLocalFunctions$NameInventor <init> (Lorg/jetbrains/kotlin/backend/common/lower/InventNamesForLocalFunctions;Lorg/jetbrains/kotlin/ir/declarations/IrDeclaration;)V 22 <appendix> member <vmtarget> ; # org/jetbrains/kotlin/backend/common/lower/InventNamesForLocalFunctions$NameInventor$$Lambda+0x000000001045dec8
instanceKlass org/jetbrains/kotlin/backend/common/lower/InventNamesForLocalFunctions$Companion
instanceKlass org/jetbrains/kotlin/backend/wasm/lower/WasmCallableReferenceLoweringKt
instanceKlass org/jetbrains/kotlin/ir/backend/js/lower/WebCallableReferenceLowering$Companion
instanceKlass org/jetbrains/kotlin/backend/common/lower/AbstractFunctionReferenceLowering
instanceKlass  @bci org/jetbrains/kotlin/backend/wasm/lower/WasmCallableReferenceLowering callableReferenceKey (Lorg/jetbrains/kotlin/ir/types/IrType;IZZLjava/util/List;)Ljava/lang/String; 134 <appendix> member <vmtarget> ; # org/jetbrains/kotlin/backend/wasm/lower/WasmCallableReferenceLowering$$Lambda+0x000000001045a660
instanceKlass org/jetbrains/kotlin/ir/backend/js/utils/JsInlineClassesUtilsKt
instanceKlass  @bci org/jetbrains/kotlin/backend/wasm/lower/WasmCallableReferenceLowering$lower$1 visitBody (Lorg/jetbrains/kotlin/ir/expressions/IrBody;Lorg/jetbrains/kotlin/ir/declarations/IrDeclaration;)Lorg/jetbrains/kotlin/ir/expressions/IrBody; 23 <appendix> member <vmtarget> ; # org/jetbrains/kotlin/backend/wasm/lower/WasmCallableReferenceLowering$lower$1$$Lambda+0x000000001045a220
instanceKlass org/jetbrains/kotlin/backend/wasm/lower/WasmCallableReferenceLowering$Companion
instanceKlass  @bci org/jetbrains/kotlin/ir/visitors/IrTypeTransformer visitMemberAccess (Lorg/jetbrains/kotlin/ir/expressions/IrMemberAccessExpression;Ljava/lang/Object;)Ljava/lang/Object; 13 <appendix> member <vmtarget> ; # org/jetbrains/kotlin/ir/visitors/IrTypeTransformer$$Lambda+0x0000000010459600
instanceKlass  @bci org/jetbrains/kotlin/backend/common/lower/LocalDeclarationsLowering$LocalDeclarationsTransformer rewriteClassMembers (Lorg/jetbrains/kotlin/ir/declarations/IrClass;Lorg/jetbrains/kotlin/backend/common/lower/LocalDeclarationsLowering$LocalClassContext;)V 117 <appendix> member <vmtarget> ; # org/jetbrains/kotlin/backend/common/lower/LocalDeclarationsLowering$LocalDeclarationsTransformer$$Lambda+0x0000000010457d30
instanceKlass org/jetbrains/kotlin/backend/common/lower/LocalDeclarationsLowering$PotentiallyUnusedField
instanceKlass  @bci org/jetbrains/kotlin/backend/common/lower/LocalDeclarationsLowering$LocalDeclarationsTransformer$collectLocalDeclarations$1 getInInlineFunctionScope (Lorg/jetbrains/kotlin/backend/common/lower/LocalDeclarationsLowering$LocalDeclarationsTransformer$collectLocalDeclarations$Data;)Z 14 <appendix> argL0 ; # org/jetbrains/kotlin/backend/common/lower/LocalDeclarationsLowering$LocalDeclarationsTransformer$collectLocalDeclarations$1$$Lambda+0x00000000104574a0
instanceKlass org/jetbrains/kotlin/backend/common/descriptors/DescriptorUtilsKt
instanceKlass  @bci org/jetbrains/kotlin/ir/visitors/IrTypeTransformerVoid visitMemberAccess (Lorg/jetbrains/kotlin/ir/expressions/IrMemberAccessExpression;)V 12 <appendix> member <vmtarget> ; # org/jetbrains/kotlin/ir/visitors/IrTypeTransformerVoid$$Lambda+0x0000000010456380
instanceKlass java/util/function/UnaryOperator
instanceKlass org/jetbrains/kotlin/ir/util/RemapTypesKt
instanceKlass org/jetbrains/kotlin/backend/common/CommonIrAttributesKt
instanceKlass org/jetbrains/kotlin/backend/common/lower/LocalDeclarationsLoweringKt
instanceKlass org/jetbrains/kotlin/backend/common/lower/InventNamesForLocalFunctionsKt
instanceKlass org/jetbrains/kotlin/backend/common/lower/Closure
instanceKlass org/jetbrains/kotlin/backend/common/lower/ClosureAnnotator$ClosureBuilder
instanceKlass org/jetbrains/kotlin/backend/common/lower/ClosureAnnotator
instanceKlass org/jetbrains/kotlin/backend/common/lower/LocalDeclarationsLowering$LocalContext
instanceKlass  @bci org/jetbrains/kotlin/backend/common/lower/MethodsFromAnyGeneratorForLowerings createHashCodeMethodDeclaration ()Lorg/jetbrains/kotlin/ir/declarations/IrSimpleFunction; 35 <appendix> argL0 ; # org/jetbrains/kotlin/backend/common/lower/MethodsFromAnyGeneratorForLowerings$$Lambda+0x0000000010452c50
instanceKlass  @bci org/jetbrains/kotlin/backend/common/lower/MethodsFromAnyGeneratorForLowerings createEqualsMethodDeclaration ()Lorg/jetbrains/kotlin/ir/declarations/IrSimpleFunction; 35 <appendix> argL0 ; # org/jetbrains/kotlin/backend/common/lower/MethodsFromAnyGeneratorForLowerings$$Lambda+0x0000000010452a28
instanceKlass org/jetbrains/kotlin/backend/common/lower/MethodsFromAnyGeneratorForLowerings$Companion
instanceKlass org/jetbrains/kotlin/backend/common/lower/MethodsFromAnyGeneratorForLowerings
instanceKlass  @bci org/jetbrains/kotlin/backend/common/lower/SingleAbstractMethodLowering generateEqualsHashCode (Lorg/jetbrains/kotlin/ir/declarations/IrClass;Lorg/jetbrains/kotlin/ir/types/IrType;Lorg/jetbrains/kotlin/ir/declarations/IrField;)V 11 <appendix> member <vmtarget> ; # org/jetbrains/kotlin/backend/common/lower/SingleAbstractMethodLowering$$Lambda+0x00000000104523d0
instanceKlass org/jetbrains/kotlin/backend/common/lower/SamEqualsHashCodeMethodsGenerator
instanceKlass org/jetbrains/kotlin/ir/builders/IrElementBuilderKt
instanceKlass org/jetbrains/kotlin/backend/common/lower/AbstractFunctionReferenceLoweringKt
instanceKlass org/jetbrains/kotlin/backend/wasm/lower/PropertyReferencesConstructorsSet
instanceKlass org/jetbrains/kotlin/backend/wasm/lower/WasmPropertyReferenceLoweringKt
instanceKlass  @bci org/jetbrains/kotlin/backend/common/lower/DelegatedPropertyOptimizationLowering$lower$1 visitProperty (Lorg/jetbrains/kotlin/ir/declarations/IrProperty;)Lorg/jetbrains/kotlin/ir/declarations/IrProperty; 27 <appendix> member <vmtarget> ; # org/jetbrains/kotlin/backend/common/lower/DelegatedPropertyOptimizationLowering$lower$1$$Lambda+0x0000000010450a70
instanceKlass kotlin/jvm/internal/Ref$IntRef
instanceKlass org/jetbrains/kotlin/ir/backend/js/lower/EnumSyntheticFunctionsAndPropertiesLowering$WhenMappings
instanceKlass  @bci org/jetbrains/kotlin/ir/backend/js/lower/EnumSyntheticFunctionsAndPropertiesLowering transformFlat (Lorg/jetbrains/kotlin/ir/declarations/IrDeclaration;)Ljava/util/List; 84 <appendix> member <vmtarget> ; # org/jetbrains/kotlin/ir/backend/js/lower/EnumSyntheticFunctionsAndPropertiesLowering$$Lambda+0x0000000010449450
instanceKlass org/jetbrains/kotlin/ir/backend/js/utils/IrJsUtilsKt$special$$inlined$filterIsInstance$1
instanceKlass  @bci org/jetbrains/kotlin/ir/util/IrUtilsKt getParents (Lorg/jetbrains/kotlin/ir/declarations/IrDeclaration;)Lkotlin/sequences/Sequence; 12 <appendix> argL0 ; # org/jetbrains/kotlin/ir/util/IrUtilsKt$$Lambda+0x0000000010449000
instanceKlass  @bci org/jetbrains/kotlin/ir/backend/js/lower/EnumEntryCreateGetInstancesFunsLowering createGetEntryInstanceFun (Lorg/jetbrains/kotlin/ir/declarations/IrClass;Lorg/jetbrains/kotlin/ir/declarations/IrEnumEntry;)Lorg/jetbrains/kotlin/ir/declarations/IrSimpleFunction; 198 <appendix> member <vmtarget> ; # org/jetbrains/kotlin/ir/backend/js/lower/EnumEntryCreateGetInstancesFunsLowering$$Lambda+0x000000001044bc00
instanceKlass org/jetbrains/kotlin/ir/backend/js/JsLoweredDeclarationOrigin
instanceKlass org/jetbrains/kotlin/ir/backend/js/JsStatementOrigins
instanceKlass org/jetbrains/kotlin/ir/backend/js/utils/IrJsUtilsKt
instanceKlass org/jetbrains/kotlin/ir/backend/js/lower/EnumClassLoweringKt
instanceKlass  @bci org/jetbrains/kotlin/ir/backend/js/lower/EnumClassConstructorLowering transformEnumConstructor (Lorg/jetbrains/kotlin/ir/declarations/IrConstructor;Lorg/jetbrains/kotlin/ir/declarations/IrClass;)Lorg/jetbrains/kotlin/ir/declarations/IrConstructor; 282 <appendix> member <vmtarget> ; # org/jetbrains/kotlin/ir/backend/js/lower/EnumClassConstructorLowering$$Lambda+0x000000001044df40
instanceKlass org/jetbrains/kotlin/ir/backend/js/JsIrAttributesKt
instanceKlass org/jetbrains/kotlin/utils/MemoryOptimizedCollectionUtilKt
instanceKlass org/jetbrains/kotlin/ir/backend/js/ir/JsIrBuilder
instanceKlass  @bci org/jetbrains/kotlin/backend/common/lower/EnumWhenLowering visitBlock (Lorg/jetbrains/kotlin/ir/expressions/IrBlock;)Lorg/jetbrains/kotlin/ir/expressions/IrExpression; 174 <appendix> member <vmtarget> ; # org/jetbrains/kotlin/backend/common/lower/EnumWhenLowering$$Lambda+0x000000001044d4c8
instanceKlass org/jetbrains/kotlin/backend/common/lower/Transformer$WhenMappings
instanceKlass  @bci org/jetbrains/kotlin/backend/common/lower/loops/ProgressionHeaderInfo <init> (Lorg/jetbrains/kotlin/backend/common/lower/loops/ProgressionType;Lorg/jetbrains/kotlin/ir/expressions/IrExpression;Lorg/jetbrains/kotlin/ir/expressions/IrExpression;Lorg/jetbrains/kotlin/ir/expressions/IrExpression;ZZLjava/lang/Boolean;Lorg/jetbrains/kotlin/backend/common/lower/loops/ProgressionDirection;Ljava/util/List;Lorg/jetbrains/kotlin/ir/expressions/IrExpression;)V 77 <appendix> form vmentry <vmtarget> ; # java/lang/invoke/LambdaForm$DMH+0x0000000010448400
instanceKlass  @bci org/jetbrains/kotlin/backend/common/lower/loops/ProgressionHeaderInfo <init> (Lorg/jetbrains/kotlin/backend/common/lower/loops/ProgressionType;Lorg/jetbrains/kotlin/ir/expressions/IrExpression;Lorg/jetbrains/kotlin/ir/expressions/IrExpression;Lorg/jetbrains/kotlin/ir/expressions/IrExpression;ZZLjava/lang/Boolean;Lorg/jetbrains/kotlin/backend/common/lower/loops/ProgressionDirection;Ljava/util/List;Lorg/jetbrains/kotlin/ir/expressions/IrExpression;)V 77 <appendix> member <vmtarget> ; # org/jetbrains/kotlin/backend/common/lower/loops/ProgressionHeaderInfo$$Lambda+0x0000000010447690
instanceKlass  @cpi org/jetbrains/kotlin/backend/common/lower/loops/ProgressionHeaderInfo 73 form vmentry <vmtarget> ; # java/lang/invoke/LambdaForm$DMH+0x0000000010448000
instanceKlass org/jetbrains/kotlin/backend/common/lower/loops/HeaderInfo
instanceKlass org/jetbrains/kotlin/backend/common/lower/loops/UtilsKt
instanceKlass org/jetbrains/kotlin/backend/common/lower/loops/ProgressionType$Companion
instanceKlass org/jetbrains/kotlin/backend/common/lower/loops/ProgressionType
instanceKlass org/jetbrains/kotlin/backend/common/lower/loops/handlers/DefaultProgressionHandler
instanceKlass org/jetbrains/kotlin/backend/common/lower/loops/handlers/ReversedHandler
instanceKlass org/jetbrains/kotlin/backend/common/lower/ComparableRangeToHandler
instanceKlass org/jetbrains/kotlin/backend/common/lower/FloatingPointRangeToHandler
instanceKlass org/jetbrains/kotlin/backend/common/lower/loops/handlers/StepHandler
instanceKlass org/jetbrains/kotlin/backend/common/lower/loops/handlers/RangeToHandler
instanceKlass org/jetbrains/kotlin/backend/common/lower/loops/handlers/DownToHandler
instanceKlass org/jetbrains/kotlin/backend/common/lower/loops/handlers/RangeUntilHandler
instanceKlass org/jetbrains/kotlin/backend/common/lower/loops/handlers/UntilHandler
instanceKlass org/jetbrains/kotlin/backend/common/lower/loops/handlers/IndicesHandler
instanceKlass org/jetbrains/kotlin/backend/common/lower/loops/HeaderInfoHandler
instanceKlass  @bci org/jetbrains/kotlin/backend/common/lower/ExpectDeclarationsRemoveLowering lower (Lorg/jetbrains/kotlin/ir/declarations/IrFile;)V 10 <appendix> argL0 ; # org/jetbrains/kotlin/backend/common/lower/ExpectDeclarationsRemoveLowering$$Lambda+0x0000000010441e90
instanceKlass org/jetbrains/kotlin/backend/wasm/utils/AnnotationsKt
instanceKlass org/jetbrains/kotlin/backend/common/lower/LoweringDataClassMemberGenerator$getHashCodeFunctionInfo$1
instanceKlass org/jetbrains/kotlin/ir/util/DataClassMembersGenerator$HashCodeFunctionInfo
instanceKlass  @bci org/jetbrains/kotlin/ir/util/IrUtilsKt getFunctions (Lorg/jetbrains/kotlin/ir/symbols/IrClassSymbol;)Lkotlin/sequences/Sequence; 18 <appendix> argL0 ; # org/jetbrains/kotlin/ir/util/IrUtilsKt$$Lambda+0x0000000010441130
instanceKlass org/jetbrains/kotlin/ir/builders/PrimitivesKt
instanceKlass org/jetbrains/kotlin/builtins/UnsignedTypes
instanceKlass org/jetbrains/kotlin/ir/expressions/IrExpressionsKt
instanceKlass org/jetbrains/kotlin/backend/common/lower/AnnotationImplementationTransformerKt
instanceKlass  @bci org/jetbrains/kotlin/ir/backend/js/lower/JsCommonAnnotationImplementationTransformer visitClassNew (Lorg/jetbrains/kotlin/ir/declarations/IrClass;)Lorg/jetbrains/kotlin/ir/IrStatement; 71 <appendix> member <vmtarget> ; # org/jetbrains/kotlin/ir/backend/js/lower/JsCommonAnnotationImplementationTransformer$$Lambda+0x0000000010440000
instanceKlass org/jetbrains/kotlin/ir/util/DataClassMembersGenerator
instanceKlass  @bci org/jetbrains/kotlin/ir/backend/js/lower/TestGenerator generateTestCalls (Lorg/jetbrains/kotlin/ir/declarations/IrClass;Lkotlin/jvm/functions/Function0;)V 367 <appendix> member <vmtarget> ; # org/jetbrains/kotlin/ir/backend/js/lower/TestGenerator$$Lambda+0x000000001043f0f8
instanceKlass  @bci org/jetbrains/kotlin/ir/backend/js/lower/TestGenerator generateTestCalls (Lorg/jetbrains/kotlin/ir/declarations/IrClass;Lkotlin/jvm/functions/Function0;)V 34 <appendix> member <vmtarget> ; # org/jetbrains/kotlin/ir/backend/js/lower/TestGenerator$$Lambda+0x000000001043eec8
instanceKlass  @bci org/jetbrains/kotlin/ir/backend/js/lower/TestGenerator createTestContainer$lambda$1$0 (Lorg/jetbrains/kotlin/ir/backend/js/lower/TestGenerator;Lorg/jetbrains/kotlin/ir/declarations/IrDeclaration;Lkotlin/Lazy;)Lkotlin/Unit; 6 <appendix> member <vmtarget> ; # org/jetbrains/kotlin/ir/backend/js/lower/TestGenerator$$Lambda+0x000000001043ec98
instanceKlass  @bci org/jetbrains/kotlin/ir/backend/js/lower/TestGenerator createTestContainer (Lorg/jetbrains/kotlin/ir/declarations/IrFile;)Lorg/jetbrains/kotlin/ir/declarations/IrSimpleFunction; 115 <appendix> member <vmtarget> ; # org/jetbrains/kotlin/ir/backend/js/lower/TestGenerator$$Lambda+0x000000001043ea68
instanceKlass  @bci org/jetbrains/kotlin/ir/backend/js/lower/TestGenerator createTestContainer (Lorg/jetbrains/kotlin/ir/declarations/IrFile;)Lorg/jetbrains/kotlin/ir/declarations/IrSimpleFunction; 22 <appendix> member <vmtarget> ; # org/jetbrains/kotlin/ir/backend/js/lower/TestGenerator$$Lambda+0x000000001043e838
instanceKlass org/jetbrains/kotlin/ir/backend/js/lower/TestGenerator
instanceKlass org/jetbrains/kotlin/backend/common/ir/IrUtilsKt
instanceKlass  @bci org/jetbrains/kotlin/backend/common/DeclarationTransformer transformFlatRestricted (Lorg/jetbrains/kotlin/ir/declarations/IrDeclaration;)Ljava/util/List; 12 <appendix> member <vmtarget> ; # org/jetbrains/kotlin/backend/common/DeclarationTransformer$$Lambda+0x000000001043e1e0
instanceKlass  @bci org/jetbrains/kotlin/ir/util/IrUtilsKt getConstructors (Lorg/jetbrains/kotlin/ir/symbols/IrClassSymbol;)Lkotlin/sequences/Sequence; 18 <appendix> argL0 ; # org/jetbrains/kotlin/ir/util/IrUtilsKt$$Lambda+0x000000001043d548
instanceKlass org/jetbrains/kotlin/ir/util/IrUtilsKt$special$$inlined$filterIsInstance$2
instanceKlass kotlin/UShort$Companion
instanceKlass kotlin/UByte$Companion
instanceKlass org/jetbrains/kotlin/ir/interpreter/checker/IrInterpreterCommonChecker$WhenMappings
instanceKlass  @bci org/jetbrains/kotlin/ir/interpreter/IrInterpreter interpretValueParameter (Lorg/jetbrains/kotlin/ir/declarations/IrValueParameter;)V 33 <appendix> member <vmtarget> ; # org/jetbrains/kotlin/ir/interpreter/IrInterpreter$$Lambda+0x000000001043ba70
instanceKlass org/jetbrains/kotlin/ir/symbols/IrScriptSymbol
instanceKlass org/jetbrains/kotlin/ir/interpreter/proxy/Proxy
instanceKlass kotlin/UShort
instanceKlass kotlin/UByte
instanceKlass org/jetbrains/kotlin/ir/interpreter/builtins/IrBuiltInsMapGeneratedKt
instanceKlass org/jetbrains/kotlin/ir/interpreter/DefaultCallInterceptor$Signature
instanceKlass org/jetbrains/kotlin/ir/interpreter/DefaultCallInterceptor$Arg
instanceKlass org/jetbrains/kotlin/ir/interpreter/proxy/ProxyKt
instanceKlass org/jetbrains/kotlin/ir/interpreter/intrinsics/IntrinsicBase
instanceKlass org/jetbrains/kotlin/ir/interpreter/intrinsics/IntrinsicEvaluator
instanceKlass  @bci org/jetbrains/kotlin/ir/interpreter/state/Wrapper$Companion getSignature (Lorg/jetbrains/kotlin/ir/declarations/IrFunction;Ljava/lang/String;)Ljava/lang/String; 251 <appendix> argL0 ; # org/jetbrains/kotlin/ir/interpreter/state/Wrapper$Companion$$Lambda+0x00000000104379a8
instanceKlass org/jetbrains/kotlin/ir/interpreter/UtilsKt$WhenMappings
instanceKlass org/jetbrains/kotlin/ir/interpreter/state/Wrapper$Companion
instanceKlass org/jetbrains/kotlin/ir/interpreter/state/Wrapper
instanceKlass  @bci org/jetbrains/kotlin/ir/interpreter/IrInterpreter interpretCall (Lorg/jetbrains/kotlin/ir/expressions/IrCall;)V 610 <appendix> member <vmtarget> ; # org/jetbrains/kotlin/ir/interpreter/IrInterpreter$$Lambda+0x0000000010437090
instanceKlass org/jetbrains/kotlin/ir/interpreter/stack/Variable
instanceKlass  @bci org/jetbrains/kotlin/ir/interpreter/UtilsKt loadReifiedTypeArguments (Lorg/jetbrains/kotlin/ir/interpreter/IrInterpreterEnvironment;Lorg/jetbrains/kotlin/ir/expressions/IrFunctionAccessExpression;)Ljava/util/Map; 217 <appendix> member <vmtarget> ; # org/jetbrains/kotlin/ir/interpreter/UtilsKt$$Lambda+0x0000000010436748
instanceKlass org/jetbrains/kotlin/ir/interpreter/state/reflection/ReflectionState
instanceKlass org/jetbrains/kotlin/ir/interpreter/state/StateKt
instanceKlass org/jetbrains/kotlin/ir/interpreter/state/Primitive$Companion
instanceKlass org/jetbrains/kotlin/ir/interpreter/state/Primitive
instanceKlass org/jetbrains/kotlin/ir/interpreter/CustomInstruction
instanceKlass  @bci org/jetbrains/kotlin/ir/interpreter/InstructionsUnfolderKt unfoldStringConcatenation (Lorg/jetbrains/kotlin/ir/expressions/IrStringConcatenation;Lorg/jetbrains/kotlin/ir/interpreter/IrInterpreterEnvironment;)V 15 <appendix> member <vmtarget> ; # org/jetbrains/kotlin/ir/interpreter/InstructionsUnfolderKt$$Lambda+0x0000000010435780
instanceKlass org/jetbrains/kotlin/ir/interpreter/SimpleInstruction
instanceKlass org/jetbrains/kotlin/ir/interpreter/InstructionsUnfolderKt
instanceKlass org/jetbrains/kotlin/ir/interpreter/CompoundInstruction
instanceKlass org/jetbrains/kotlin/ir/interpreter/Instruction
instanceKlass org/jetbrains/kotlin/ir/interpreter/InstructionKt
instanceKlass org/jetbrains/kotlin/ir/interpreter/stack/DataStack
instanceKlass org/jetbrains/kotlin/ir/interpreter/stack/SubFrame
instanceKlass org/jetbrains/kotlin/ir/interpreter/stack/Frame$Companion
instanceKlass org/jetbrains/kotlin/ir/interpreter/stack/Frame
instanceKlass org/jetbrains/kotlin/ir/interpreter/IrTreeBuildUtilsKt
instanceKlass org/jetbrains/kotlin/ir/interpreter/checker/IrInterpreterCheckerData
instanceKlass org/jetbrains/kotlin/ir/interpreter/UtilsKt
instanceKlass org/jetbrains/kotlin/ir/interpreter/transformer/IrConstExpressionTransformer$Data
instanceKlass  @bci org/jetbrains/kotlin/ir/interpreter/transformer/IrConstTransformerKt runConstOptimizations (Lorg/jetbrains/kotlin/ir/declarations/IrFile;Lorg/jetbrains/kotlin/ir/interpreter/IrInterpreter;Lorg/jetbrains/kotlin/ir/interpreter/checker/EvaluationMode;Lorg/jetbrains/kotlin/incremental/components/InlineConstTracker;Z)V 58 <appendix> argL0 ; # org/jetbrains/kotlin/ir/interpreter/transformer/IrConstTransformerKt$$Lambda+0x0000000010433410
instanceKlass  @bci org/jetbrains/kotlin/ir/interpreter/transformer/IrConstTransformerKt runConstOptimizations (Lorg/jetbrains/kotlin/ir/declarations/IrFile;Lorg/jetbrains/kotlin/ir/interpreter/IrInterpreter;Lorg/jetbrains/kotlin/ir/interpreter/checker/EvaluationMode;Lorg/jetbrains/kotlin/incremental/components/InlineConstTracker;Z)V 53 <appendix> argL0 ; # org/jetbrains/kotlin/ir/interpreter/transformer/IrConstTransformerKt$$Lambda+0x00000000104331e8
instanceKlass org/jetbrains/kotlin/ir/interpreter/transformer/IrConstEvaluationContext
instanceKlass org/jetbrains/kotlin/ir/interpreter/preprocessor/IrInterpreterPreprocessorData
instanceKlass org/jetbrains/kotlin/ir/interpreter/preprocessor/IrInterpreterKCallableNamePreprocessor$Companion
instanceKlass org/jetbrains/kotlin/ir/interpreter/transformer/IrConstTransformerKt
instanceKlass org/jetbrains/kotlin/platform/WasmPlatformKt
instanceKlass org/jetbrains/kotlin/ir/interpreter/checker/EvaluationMode
instanceKlass org/jetbrains/kotlin/ir/interpreter/DefaultCallInterceptor
instanceKlass org/jetbrains/kotlin/ir/interpreter/CallInterceptor
instanceKlass org/jetbrains/kotlin/ir/interpreter/state/Common
instanceKlass org/jetbrains/kotlin/ir/interpreter/state/StateWithClosure
instanceKlass  @bci org/jetbrains/kotlin/ir/interpreter/IrInterpreterEnvironment <init> (Lorg/jetbrains/kotlin/ir/IrBuiltIns;Lorg/jetbrains/kotlin/ir/interpreter/IrInterpreterConfiguration;)V 161 <appendix> member <vmtarget> ; # org/jetbrains/kotlin/ir/interpreter/IrInterpreterEnvironment$$Lambda+0x000000001042daf8
instanceKlass  @bci org/jetbrains/kotlin/ir/interpreter/IrInterpreterEnvironment <init> (Lorg/jetbrains/kotlin/ir/IrBuiltIns;Lorg/jetbrains/kotlin/ir/interpreter/IrInterpreterConfiguration;)V 148 <appendix> member <vmtarget> ; # org/jetbrains/kotlin/ir/interpreter/IrInterpreterEnvironment$$Lambda+0x000000001042d8c8
instanceKlass  @bci org/jetbrains/kotlin/ir/interpreter/IrInterpreterEnvironment <init> (Lorg/jetbrains/kotlin/ir/IrBuiltIns;Lorg/jetbrains/kotlin/ir/interpreter/IrInterpreterConfiguration;)V 135 <appendix> member <vmtarget> ; # org/jetbrains/kotlin/ir/interpreter/IrInterpreterEnvironment$$Lambda+0x000000001042d698
instanceKlass  @bci org/jetbrains/kotlin/ir/interpreter/IrInterpreterEnvironment <init> (Lorg/jetbrains/kotlin/ir/IrBuiltIns;Lorg/jetbrains/kotlin/ir/interpreter/IrInterpreterConfiguration;)V 122 <appendix> member <vmtarget> ; # org/jetbrains/kotlin/ir/interpreter/IrInterpreterEnvironment$$Lambda+0x000000001042d468
instanceKlass  @bci org/jetbrains/kotlin/ir/interpreter/IrInterpreterEnvironment <init> (Lorg/jetbrains/kotlin/ir/IrBuiltIns;Lorg/jetbrains/kotlin/ir/interpreter/IrInterpreterConfiguration;)V 109 <appendix> member <vmtarget> ; # org/jetbrains/kotlin/ir/interpreter/IrInterpreterEnvironment$$Lambda+0x000000001042d238
instanceKlass kotlin/collections/ArrayDeque$Companion
instanceKlass org/jetbrains/kotlin/ir/interpreter/stack/CallStack
instanceKlass org/jetbrains/kotlin/ir/interpreter/IrInterpreterEnvironment
instanceKlass org/jetbrains/kotlin/ir/interpreter/state/Complex
instanceKlass org/jetbrains/kotlin/ir/interpreter/state/State
instanceKlass org/jetbrains/kotlin/ir/interpreter/IrInterpreter
instanceKlass org/jetbrains/kotlin/ir/interpreter/IrInterpreterConfiguration
instanceKlass  @bci org/jetbrains/kotlin/backend/wasm/WasmLoweringPhasesKt createValidateIrAfterInliningAllFunctionsPhase (Lorg/jetbrains/kotlin/backend/common/LoweringContext;)Lorg/jetbrains/kotlin/backend/common/phaser/IrValidationAfterInliningAllFunctionsOnTheSecondStagePhase; 5 <appendix> argL0 ; # org/jetbrains/kotlin/backend/wasm/WasmLoweringPhasesKt$$Lambda+0x000000001042ba28
instanceKlass java/util/IdentityHashMap$EntryIterator$Entry
instanceKlass java/util/IdentityHashMap$IdentityHashMapIterator
instanceKlass  @bci org/jetbrains/kotlin/ir/descriptors/IrBasedTypeParameterDescriptor <init> (Lorg/jetbrains/kotlin/ir/declarations/IrTypeParameter;)V 29 <appendix> member <vmtarget> ; # org/jetbrains/kotlin/ir/descriptors/IrBasedTypeParameterDescriptor$$Lambda+0x000000001042a290
instanceKlass  @bci org/jetbrains/kotlin/ir/descriptors/IrBasedTypeParameterDescriptor <init> (Lorg/jetbrains/kotlin/ir/declarations/IrTypeParameter;)V 16 <appendix> member <vmtarget> ; # org/jetbrains/kotlin/ir/descriptors/IrBasedTypeParameterDescriptor$$Lambda+0x000000001042a060
instanceKlass org/jetbrains/kotlin/types/ClassifierBasedTypeConstructor
instanceKlass org/jetbrains/kotlin/types/TypeConstructor
instanceKlass org/jetbrains/kotlin/descriptors/TypeParameterDescriptor
instanceKlass org/jetbrains/kotlin/resolve/ContractsDslNames
instanceKlass org/jetbrains/kotlin/ir/builders/ExpressionHelpersKt
instanceKlass org/jetbrains/kotlin/ir/builders/IrBuilderKt
instanceKlass org/jetbrains/kotlin/ir/builders/IrGeneratorContextBase
instanceKlass org/jetbrains/kotlin/ir/builders/IrGeneratorContext
instanceKlass org/jetbrains/kotlin/ir/builders/IrGeneratorContextInterface
instanceKlass org/jetbrains/kotlin/ir/builders/IrBuilder
instanceKlass org/jetbrains/kotlin/ir/builders/IrGeneratorWithScope
instanceKlass org/jetbrains/kotlin/ir/builders/IrGenerator
instanceKlass org/jetbrains/kotlin/backend/common/lower/LowerUtilsKt
instanceKlass org/jetbrains/kotlin/backend/wasm/ic/FileSignatureRemoverKt
instanceKlass org/jetbrains/kotlin/backend/wasm/ic/IrFactoryImplForWasmICKt
instanceKlass org/jetbrains/kotlin/descriptors/ReceiverParameterDescriptor
instanceKlass org/jetbrains/kotlin/ir/descriptors/IrBasedDescriptorsKt$WhenMappings
instanceKlass org/jetbrains/kotlin/descriptors/CallableMemberDescriptor$CopyBuilder
instanceKlass org/jetbrains/kotlin/ir/descriptors/IrBasedDeclarationDescriptor
instanceKlass org/jetbrains/kotlin/serialization/deserialization/descriptors/DescriptorWithContainerSource
instanceKlass org/jetbrains/kotlin/descriptors/SimpleFunctionDescriptor
instanceKlass org/jetbrains/kotlin/ir/descriptors/IrBasedDescriptorsKt
instanceKlass org/jetbrains/kotlin/ir/types/IrTypeSubstitutorKt
instanceKlass org/jetbrains/kotlin/ir/util/NullDescriptorsRemapper
instanceKlass org/jetbrains/kotlin/ir/util/DescriptorsRemapper
instanceKlass org/jetbrains/kotlin/ir/inline/InlineFunctionBodyPreprocessor
instanceKlass org/jetbrains/kotlin/ir/util/IrUtilsKt$special$$inlined$filterIsInstance$6
instanceKlass  @bci kotlin/sequences/SequencesKt__SequencesKt generateSequence (Ljava/lang/Object;Lkotlin/jvm/functions/Function1;)Lkotlin/sequences/Sequence; 24 <appendix> member <vmtarget> ; # kotlin/sequences/SequencesKt__SequencesKt$$Lambda+0x000000001034dd58
instanceKlass  @bci org/jetbrains/kotlin/ir/util/IrUtilsKt getParentDeclarationsWithSelf (Lorg/jetbrains/kotlin/ir/declarations/IrDeclaration;)Lkotlin/sequences/Sequence; 7 <appendix> argL0 ; # org/jetbrains/kotlin/ir/util/IrUtilsKt$$Lambda+0x000000001041d8b8
instanceKlass org/jetbrains/kotlin/ir/inline/CallInlining
instanceKlass  @bci org/jetbrains/kotlin/backend/wasm/WasmLoweringPhasesKt createValidateIrAfterInliningOnlyPrivateFunctionsPhase (Lorg/jetbrains/kotlin/backend/common/LoweringContext;)Lorg/jetbrains/kotlin/backend/common/phaser/IrValidationAfterInliningOnlyPrivateFunctionsPhase; 5 <appendix> argL0 ; # org/jetbrains/kotlin/backend/wasm/WasmLoweringPhasesKt$$Lambda+0x000000001041d238
instanceKlass org/jetbrains/kotlin/ir/validation/checkers/expression/InlineFunctionUseSiteChecker
instanceKlass org/jetbrains/kotlin/ir/inline/SyntheticAccessorLowering$TransformerData
instanceKlass org/jetbrains/kotlin/ir/inline/GeneratedAccessors
instanceKlass org/jetbrains/kotlin/ir/inline/SyntheticAccessorLoweringKt
instanceKlass org/jetbrains/kotlin/ir/inline/SyntheticAccessorLowering$Companion
instanceKlass org/jetbrains/kotlin/ir/inline/OuterThisInInlineFunctionsSpecialAccessorLowering$TransformerData$Companion
instanceKlass org/jetbrains/kotlin/ir/inline/InlineFunctionResolverKt
instanceKlass  @bci org/jetbrains/kotlin/ir/inline/OuterThisInInlineFunctionsSpecialAccessorLowering$Transformer visitFunction (Lorg/jetbrains/kotlin/ir/declarations/IrFunction;Lorg/jetbrains/kotlin/ir/inline/OuterThisInInlineFunctionsSpecialAccessorLowering$TransformerData;)Lorg/jetbrains/kotlin/ir/IrStatement; 50 <appendix> member <vmtarget> ; # org/jetbrains/kotlin/ir/inline/OuterThisInInlineFunctionsSpecialAccessorLowering$Transformer$$Lambda+0x000000001041b490
instanceKlass org/jetbrains/kotlin/ir/inline/OuterThisInInlineFunctionsSpecialAccessorLowering$TransformerData
instanceKlass org/jetbrains/kotlin/ir/inline/GeneratedOuterThisAccessors
instanceKlass org/jetbrains/kotlin/ir/inline/OuterThisInInlineFunctionsSpecialAccessorLoweringKt
instanceKlass org/jetbrains/kotlin/backend/common/lower/inline/KlibSyntheticAccessorGenerator$Companion
instanceKlass org/jetbrains/kotlin/backend/common/lower/inline/SyntheticAccessorGenerator$Companion
instanceKlass org/jetbrains/kotlin/backend/common/lower/inline/SyntheticAccessorGenerator
instanceKlass  @bci org/jetbrains/kotlin/ir/inline/FunctionInlining visitDeclaration (Lorg/jetbrains/kotlin/ir/declarations/IrDeclarationBase;Lorg/jetbrains/kotlin/ir/declarations/IrDeclaration;)Lorg/jetbrains/kotlin/ir/IrStatement; 53 <appendix> member <vmtarget> ; # org/jetbrains/kotlin/ir/inline/FunctionInlining$$Lambda+0x0000000010419650
instanceKlass  @bci org/jetbrains/kotlin/ir/util/IrFakeOverrideUtilsKt resolveFakeOverride (Lorg/jetbrains/kotlin/ir/declarations/IrOverridableDeclaration;Lkotlin/jvm/functions/Function1;)Lorg/jetbrains/kotlin/ir/declarations/IrOverridableDeclaration; 32 <appendix> argL0 ; # org/jetbrains/kotlin/ir/util/IrFakeOverrideUtilsKt$$Lambda+0x0000000010419428
instanceKlass org/jetbrains/kotlin/ir/inline/InlineFunctionResolver
instanceKlass org/jetbrains/kotlin/backend/common/UtilsKt
instanceKlass org/jetbrains/kotlin/ir/builders/Scope
instanceKlass org/jetbrains/kotlin/backend/common/ScopeWithIr
instanceKlass org/jetbrains/kotlin/backend/common/lower/ArrayConstructorTransformer$Companion
instanceKlass org/jetbrains/kotlin/backend/common/lower/LocalDeclarationsLowering$LocalDeclarationsTransformer$collectLocalDeclarations$Data
instanceKlass org/jetbrains/kotlin/backend/common/lower/LocalDeclarationsLowering$LocalDeclarationsTransformer
instanceKlass org/jetbrains/kotlin/backend/common/lower/VisibilityPolicy$Companion$DEFAULT$1
instanceKlass org/jetbrains/kotlin/backend/common/lower/VisibilityPolicy$Companion
instanceKlass org/jetbrains/kotlin/backend/common/lower/inline/LocalClassesInInlineLambdasLowering$lower$1$visitCall$1
instanceKlass org/jetbrains/kotlin/backend/common/lower/VisibilityPolicy
instanceKlass org/jetbrains/kotlin/backend/common/lower/LocalDeclarationsLowering$Companion
instanceKlass org/jetbrains/kotlin/ir/util/IrInlineUtilsKt
instanceKlass org/jetbrains/kotlin/backend/common/lower/SharedVariablesLowering$SharedVariablesTransformer
instanceKlass  @bci org/jetbrains/kotlin/backend/common/BodyLoweringVisitor visitBody (Lorg/jetbrains/kotlin/ir/expressions/IrBody;Lorg/jetbrains/kotlin/ir/declarations/IrDeclaration;)V 41 <appendix> member <vmtarget> ; # org/jetbrains/kotlin/backend/common/BodyLoweringVisitor$$Lambda+0x0000000010413bb8
instanceKlass org/jetbrains/kotlin/backend/common/LowerKt
instanceKlass org/jetbrains/kotlin/backend/common/lower/UninitializedPropertyAccessExceptionThrower
instanceKlass org/jetbrains/kotlin/backend/common/lower/UpgradeCallableReferences$AdaptedBlock
instanceKlass  @bci org/jetbrains/kotlin/backend/common/lower/UpgradeCallableReferences$UpgradeTransformer visitDeclaration (Lorg/jetbrains/kotlin/ir/declarations/IrDeclarationBase;Lorg/jetbrains/kotlin/ir/declarations/IrDeclarationParent;)Lorg/jetbrains/kotlin/ir/IrStatement; 34 <appendix> member <vmtarget> ; # org/jetbrains/kotlin/backend/common/lower/UpgradeCallableReferences$UpgradeTransformer$$Lambda+0x0000000010412e38
instanceKlass org/jetbrains/kotlin/backend/common/lower/inline/CallEdge
instanceKlass org/jetbrains/kotlin/backend/common/lower/inline/CallNode
instanceKlass org/jetbrains/kotlin/ir/validation/IrValidatorKt$WhenMappings
instanceKlass org/jetbrains/kotlin/ir/validation/IrValidatorKt
instanceKlass org/jetbrains/kotlin/ir/validation/checkers/IrVarargCheckers
instanceKlass org/jetbrains/kotlin/ir/validation/checkers/symbol/IrVisibilityChecker$Companion
instanceKlass org/jetbrains/kotlin/ir/validation/checkers/symbol/IrVisibilityChecker
instanceKlass org/jetbrains/kotlin/ir/validation/checkers/IrSymbolChecker
instanceKlass org/jetbrains/kotlin/ir/validation/checkers/IrElementChecker
instanceKlass org/jetbrains/kotlin/ir/validation/checkers/IrChecker
instanceKlass org/jetbrains/kotlin/ir/validation/IrValidationError$Cause
instanceKlass org/jetbrains/kotlin/ir/validation/IrValidatorConfigKt
instanceKlass org/jetbrains/kotlin/ir/validation/IrValidatorConfig$Companion
instanceKlass org/jetbrains/kotlin/ir/validation/IrValidatorConfig
instanceKlass org/jetbrains/kotlin/backend/common/phaser/DumperVerifierKt$WhenMappings
instanceKlass org/jetbrains/kotlin/backend/common/lower/DefaultParameterCleaner
instanceKlass org/jetbrains/kotlin/backend/common/lower/KotlinNothingValueExceptionLowering
instanceKlass org/jetbrains/kotlin/backend/common/lower/InventNamesForLocalFunctions
instanceKlass org/jetbrains/kotlin/backend/common/lower/LocalDeclarationsLowering
instanceKlass org/jetbrains/kotlin/backend/common/lower/SharedVariablesPrimitiveBoxSpecializationLowering
instanceKlass org/jetbrains/kotlin/backend/common/lower/ConstEvaluationLowering
instanceKlass java/lang/reflect/WildcardType
instanceKlass sun/reflect/generics/tree/Wildcard
instanceKlass sun/reflect/generics/tree/BottomSignature
instanceKlass org/jetbrains/kotlin/ir/inline/SyntheticAccessorLowering
instanceKlass org/jetbrains/kotlin/backend/common/lower/SharedVariablesLowering
instanceKlass org/jetbrains/kotlin/backend/common/lower/UpgradeCallableReferences
instanceKlass  @bci org/jetbrains/kotlin/backend/common/phaser/LoweringPhase <init> (Ljava/lang/Class;Lkotlin/jvm/functions/Function1;)V 119 <appendix> member <vmtarget> ; # org/jetbrains/kotlin/backend/common/phaser/LoweringPhase$$Lambda+0x0000000010409350
instanceKlass  @bci org/jetbrains/kotlin/backend/common/phaser/DumperVerifierKt getIrValidator (Z)Lkotlin/jvm/functions/Function3; 1 <appendix> member <vmtarget> ; # org/jetbrains/kotlin/backend/common/phaser/DumperVerifierKt$$Lambda+0x0000000010409128
instanceKlass  @cpi org/jetbrains/kotlin/backend/common/phaser/DumperVerifierKt 149 form vmentry <vmtarget> ; # java/lang/invoke/LambdaForm$DMH+0x000000001040c400
instanceKlass  @bci org/jetbrains/kotlin/backend/common/phaser/DumperVerifierKt getIrDumper ()Lkotlin/jvm/functions/Function3; 0 <appendix> argL0 ; # org/jetbrains/kotlin/backend/common/phaser/DumperVerifierKt$$Lambda+0x0000000010408f00
instanceKlass  @cpi org/jetbrains/kotlin/backend/common/phaser/DumperVerifierKt 148 form vmentry <vmtarget> ; # java/lang/invoke/LambdaForm$DMH+0x000000001040c000
instanceKlass org/jetbrains/kotlin/backend/common/phaser/DumperVerifierKt
instanceKlass sun/reflect/generics/reflectiveObjects/LazyReflectiveObjectGenerator
instanceKlass sun/reflect/generics/tree/TypeVariableSignature
instanceKlass sun/reflect/generics/reflectiveObjects/ParameterizedTypeImpl
instanceKlass org/jetbrains/kotlin/backend/common/phaser/PhaseFactoriesKt
instanceKlass org/jetbrains/kotlin/backend/wasm/lower/WhenBranchOptimiserLowering
instanceKlass org/jetbrains/kotlin/ir/backend/js/lower/InlineObjectsWithPureInitializationLowering
instanceKlass org/jetbrains/kotlin/ir/backend/js/lower/StaticMembersLowering
instanceKlass org/jetbrains/kotlin/ir/backend/js/lower/InvokeStaticInitializersLowering
instanceKlass org/jetbrains/kotlin/backend/wasm/lower/VirtualDispatchReceiverExtraction
instanceKlass org/jetbrains/kotlin/backend/wasm/lower/WasmTypeOperatorLowering
instanceKlass org/jetbrains/kotlin/backend/wasm/lower/FieldInitializersLowering
instanceKlass org/jetbrains/kotlin/ir/backend/js/lower/PurifyObjectInstanceGettersLowering
instanceKlass org/jetbrains/kotlin/ir/backend/js/lower/ObjectUsageLowering
instanceKlass org/jetbrains/kotlin/backend/wasm/lower/BuiltInsLowering
instanceKlass org/jetbrains/kotlin/backend/wasm/lower/GenericReturnTypeLowering
instanceKlass org/jetbrains/kotlin/ir/backend/js/lower/BridgesConstruction
instanceKlass org/jetbrains/kotlin/backend/wasm/lower/EraseVirtualDispatchReceiverParametersTypes
instanceKlass org/jetbrains/kotlin/backend/common/lower/ExpressionBodyTransformer
instanceKlass org/jetbrains/kotlin/backend/common/lower/InlineClassUsageLowering
instanceKlass org/jetbrains/kotlin/backend/common/lower/InlineClassDeclarationLowering
instanceKlass org/jetbrains/kotlin/ir/backend/js/lower/ClassReferenceLowering
instanceKlass org/jetbrains/kotlin/backend/common/lower/DefaultParameterPatchOverridenSymbolsLowering
instanceKlass org/jetbrains/kotlin/backend/common/lower/DefaultArgumentStubGenerator
instanceKlass org/jetbrains/kotlin/backend/common/lower/optimizations/PropertyAccessorInlineLowering
instanceKlass org/jetbrains/kotlin/ir/backend/js/lower/RemoveInitializersForLazyProperties
instanceKlass org/jetbrains/kotlin/ir/backend/js/lower/PropertyLazyInitLowering
instanceKlass org/jetbrains/kotlin/backend/common/lower/loops/ForLoopsLowering
instanceKlass org/jetbrains/kotlin/backend/wasm/lower/TryCatchCanonicalization
instanceKlass org/jetbrains/kotlin/backend/wasm/lower/InvokeOnExportedFunctionExitLowering
instanceKlass org/jetbrains/kotlin/backend/wasm/lower/GenerateMainFunctionWrappers
instanceKlass org/jetbrains/kotlin/backend/common/lower/AddFunctionSupertypeToSuspendFunctionLowering
instanceKlass org/jetbrains/kotlin/backend/common/lower/coroutines/AbstractAddContinuationToFunctionCallsLowering
instanceKlass org/jetbrains/kotlin/backend/common/lower/coroutines/AddContinuationToNonLocalSuspendFunctionsLowering
instanceKlass org/jetbrains/kotlin/backend/common/lower/InitializersCleanupLowering
instanceKlass org/jetbrains/kotlin/backend/common/lower/InitializersLoweringBase
instanceKlass org/jetbrains/kotlin/backend/common/lower/AbstractSuspendFunctionsLowering
instanceKlass org/jetbrains/kotlin/ir/backend/js/lower/EnumClassRemoveEntriesLowering
instanceKlass org/jetbrains/kotlin/ir/backend/js/lower/EnumUsageLowering
instanceKlass org/jetbrains/kotlin/ir/backend/js/lower/WebStaticInitializersUsageLowering
instanceKlass org/jetbrains/kotlin/ir/backend/js/lower/WebStaticInitializersDeclarationLowering
instanceKlass org/jetbrains/kotlin/ir/backend/js/lower/ObjectDeclarationLowering
instanceKlass org/jetbrains/kotlin/backend/wasm/lower/JsInteropFunctionsLowering
instanceKlass org/jetbrains/kotlin/backend/wasm/lower/ComplexExternalDeclarationsUsageLowering
instanceKlass org/jetbrains/kotlin/backend/wasm/lower/ComplexExternalDeclarationsToTopLevelFunctionsLowering
instanceKlass org/jetbrains/kotlin/backend/wasm/lower/AssociatedObjectsLowering
instanceKlass org/jetbrains/kotlin/ir/backend/js/lower/DelegateToSyntheticPrimaryConstructor
instanceKlass org/jetbrains/kotlin/ir/backend/js/lower/PrimaryConstructorLowering
instanceKlass org/jetbrains/kotlin/backend/common/lower/PropertiesLowering
instanceKlass org/jetbrains/kotlin/backend/common/lower/InnerClassConstructorCallsLowering
instanceKlass org/jetbrains/kotlin/backend/common/lower/InnerClassesMemberBodyLowering
instanceKlass org/jetbrains/kotlin/backend/common/lower/InnerClassesLowering
instanceKlass org/jetbrains/kotlin/backend/common/lower/LocalDeclarationPopupLowering
instanceKlass org/jetbrains/kotlin/backend/wasm/lower/WasmCallableReferenceLowering
instanceKlass org/jetbrains/kotlin/backend/common/lower/AbstractPropertyReferenceLowering
instanceKlass org/jetbrains/kotlin/backend/common/lower/DelegatedPropertyOptimizationLowering
instanceKlass org/jetbrains/kotlin/ir/backend/js/lower/EnumSyntheticFunctionsAndPropertiesLowering
instanceKlass org/jetbrains/kotlin/ir/backend/js/lower/EnumEntryCreateGetInstancesFunsLowering
instanceKlass org/jetbrains/kotlin/ir/backend/js/lower/EnumEntryInstancesBodyLowering
instanceKlass org/jetbrains/kotlin/ir/backend/js/lower/EnumEntryInstancesLowering
instanceKlass org/jetbrains/kotlin/ir/backend/js/lower/EnumClassConstructorBodyTransformer
instanceKlass org/jetbrains/kotlin/ir/backend/js/lower/EnumClassConstructorLowering
instanceKlass org/jetbrains/kotlin/backend/common/lower/TailrecLowering
instanceKlass org/jetbrains/kotlin/backend/common/lower/RangeContainsLowering
instanceKlass org/jetbrains/kotlin/backend/common/lower/ExpectDeclarationsRemoveLowering
instanceKlass org/jetbrains/kotlin/backend/wasm/lower/ExcludeDeclarationsFromCodegen
instanceKlass org/jetbrains/kotlin/backend/wasm/lower/GenerateWasmTests
instanceKlass org/jetbrains/kotlin/backend/wasm/lower/JsCodeCallsLowering
instanceKlass org/jetbrains/kotlin/ir/backend/js/lower/inline/RemoveInlineDeclarationsWithReifiedTypeParametersLowering
instanceKlass org/jetbrains/kotlin/backend/common/DeclarationTransformer
instanceKlass org/jetbrains/kotlin/backend/common/lower/RedundantCastsRemoverLowering
instanceKlass org/jetbrains/kotlin/ir/inline/OuterThisInInlineFunctionsSpecialAccessorLowering
instanceKlass org/jetbrains/kotlin/backend/wasm/lower/WasmCoroutinesSymbolsResolver
instanceKlass org/jetbrains/kotlin/backend/common/lower/ArrayConstructorLowering
instanceKlass org/jetbrains/kotlin/backend/common/lower/inline/LocalClassesInInlineLambdasLowering
instanceKlass org/jetbrains/kotlin/backend/common/BodyLoweringPass
instanceKlass org/jetbrains/kotlin/backend/common/FileLoweringPass
instanceKlass org/jetbrains/kotlin/backend/common/lower/inline/InlineCallCycleCheckerLowering
instanceKlass org/jetbrains/kotlin/backend/common/phaser/IrValidationPhase
instanceKlass org/jetbrains/kotlin/backend/common/ModuleLoweringPass
instanceKlass org/jetbrains/kotlin/backend/wasm/WasmLoweringPhasesKt
instanceKlass org/jetbrains/kotlin/backend/common/linkage/issues/ChecksKt
instanceKlass org/jetbrains/kotlin/ir/util/PatchDeclarationParentsKt
instanceKlass org/jetbrains/kotlin/utils/DFS$AbstractNodeHandler
instanceKlass org/jetbrains/kotlin/utils/DFS$VisitedWithSet
instanceKlass org/jetbrains/kotlin/utils/DFS$NodeHandler
instanceKlass org/jetbrains/kotlin/utils/DFS$Visited
instanceKlass org/jetbrains/kotlin/utils/DFS
instanceKlass  @bci org/jetbrains/kotlin/backend/common/serialization/IrModuleDependencyTrackerImpl reverseTopoOrder (Lorg/jetbrains/kotlin/backend/common/IrModuleDependencies;)Lorg/jetbrains/kotlin/backend/common/IrModuleDependencies; 131 <appendix> member <vmtarget> ; # org/jetbrains/kotlin/backend/common/serialization/IrModuleDependencyTrackerImpl$$Lambda+0x00000000103d0438
instanceKlass org/jetbrains/kotlin/utils/DFS$Neighbors
instanceKlass  @bci org/jetbrains/kotlin/backend/wasm/WasmBackendContext <init> (Lorg/jetbrains/kotlin/descriptors/ModuleDescriptor;Lorg/jetbrains/kotlin/ir/IrBuiltIns;Lorg/jetbrains/kotlin/ir/util/SymbolTable;Lorg/jetbrains/kotlin/ir/declarations/IrModuleFragment;Lorg/jetbrains/kotlin/config/CompilerConfiguration;)V 449 <appendix> member <vmtarget> ; # org/jetbrains/kotlin/backend/wasm/WasmBackendContext$$Lambda+0x00000000103d0000
instanceKlass org/jetbrains/kotlin/ir/symbols/impl/DescriptorlessExternalPackageFragmentSymbol
instanceKlass org/jetbrains/kotlin/backend/common/linkage/partial/PartialLinkageSupportForLoweringsImplKt
instanceKlass org/jetbrains/kotlin/backend/wasm/utils/WasmInlineClassesUtils
instanceKlass org/jetbrains/kotlin/ir/backend/js/JsCommonInlineClassesUtils
instanceKlass org/jetbrains/kotlin/backend/common/InlineClassesUtils
instanceKlass org/jetbrains/kotlin/ir/backend/js/PropertyLazyInitialization
instanceKlass org/jetbrains/kotlin/backend/common/ir/SharedVariablesManager
instanceKlass  @bci org/jetbrains/kotlin/ir/SymbolFinderKt primaryConstructorSymbol (Lorg/jetbrains/kotlin/ir/SymbolFinderHolder;Lorg/jetbrains/kotlin/name/ClassId;)Lkotlin/Lazy; 20 <appendix> member <vmtarget> ; # org/jetbrains/kotlin/ir/SymbolFinderKt$$Lambda+0x00000000103cf950
instanceKlass  @bci org/jetbrains/kotlin/ir/IrBasedFunctionFactory kFunctionN (ILkotlin/jvm/functions/Function2;)Lorg/jetbrains/kotlin/ir/declarations/IrClass; 57 <adapter> ; # java/lang/invoke/LambdaForm$MH+0x00000000103ccc00
instanceKlass  @bci org/jetbrains/kotlin/ir/IrBasedFunctionFactory kFunctionN (ILkotlin/jvm/functions/Function2;)Lorg/jetbrains/kotlin/ir/declarations/IrClass; 57 <appendix> form vmentry <vmtarget> ; # java/lang/invoke/LambdaForm$DMH+0x00000000103cc800
instanceKlass  @bci org/jetbrains/kotlin/ir/IrBasedFunctionFactory kFunctionN (ILkotlin/jvm/functions/Function2;)Lorg/jetbrains/kotlin/ir/declarations/IrClass; 57 <appendix> member <vmtarget> ; # org/jetbrains/kotlin/ir/IrBasedFunctionFactory$$Lambda+0x00000000103cf720
instanceKlass  @bci org/jetbrains/kotlin/ir/IrAbstractFunctionFactory kFunctionN (I)Lorg/jetbrains/kotlin/ir/declarations/IrClass; 4 <appendix> member <vmtarget> ; # org/jetbrains/kotlin/ir/IrAbstractFunctionFactory$$Lambda+0x00000000103cf4f0
instanceKlass org/jetbrains/kotlin/backend/wasm/BackendWasmSymbols$CoroutinesStateMachineIntrinsics
instanceKlass  @bci org/jetbrains/kotlin/ir/IrBasedFunctionFactory suspendFunctionN (ILkotlin/jvm/functions/Function2;)Lorg/jetbrains/kotlin/ir/declarations/IrClass; 45 <appendix> member <vmtarget> ; # org/jetbrains/kotlin/ir/IrBasedFunctionFactory$$Lambda+0x00000000103ce000
instanceKlass  @bci org/jetbrains/kotlin/ir/IrAbstractFunctionFactory suspendFunctionN (I)Lorg/jetbrains/kotlin/ir/declarations/IrClass; 4 <appendix> member <vmtarget> ; # org/jetbrains/kotlin/ir/IrAbstractFunctionFactory$$Lambda+0x00000000103cbc18
instanceKlass  @bci org/jetbrains/kotlin/backend/wasm/BackendWasmSymbols <init> (Lorg/jetbrains/kotlin/ir/IrBuiltIns;Lorg/jetbrains/kotlin/config/CompilerConfiguration;)V 1228 <appendix> member <vmtarget> ; # org/jetbrains/kotlin/backend/wasm/BackendWasmSymbols$$Lambda+0x00000000103cb9e8
instanceKlass  @bci org/jetbrains/kotlin/backend/wasm/BackendWasmSymbols <init> (Lorg/jetbrains/kotlin/ir/IrBuiltIns;Lorg/jetbrains/kotlin/config/CompilerConfiguration;)V 819 <appendix> member <vmtarget> ; # org/jetbrains/kotlin/backend/wasm/BackendWasmSymbols$$Lambda+0x00000000103cb7b8
instanceKlass  @bci org/jetbrains/kotlin/backend/wasm/BackendWasmSymbols <init> (Lorg/jetbrains/kotlin/ir/IrBuiltIns;Lorg/jetbrains/kotlin/config/CompilerConfiguration;)V 757 <appendix> member <vmtarget> ; # org/jetbrains/kotlin/backend/wasm/BackendWasmSymbols$$Lambda+0x00000000103cb588
instanceKlass  @bci org/jetbrains/kotlin/backend/wasm/BackendWasmSymbols <init> (Lorg/jetbrains/kotlin/ir/IrBuiltIns;Lorg/jetbrains/kotlin/config/CompilerConfiguration;)V 695 <appendix> form vmentry <vmtarget> ; # java/lang/invoke/LambdaForm$DMH+0x00000000103cc400
instanceKlass  @bci org/jetbrains/kotlin/backend/wasm/BackendWasmSymbols <init> (Lorg/jetbrains/kotlin/ir/IrBuiltIns;Lorg/jetbrains/kotlin/config/CompilerConfiguration;)V 695 <appendix> member <vmtarget> ; # org/jetbrains/kotlin/backend/wasm/BackendWasmSymbols$$Lambda+0x00000000103cb358
instanceKlass  @cpi org/jetbrains/kotlin/backend/wasm/BackendWasmSymbols 425 form vmentry <vmtarget> ; # java/lang/invoke/LambdaForm$DMH+0x00000000103cc000
instanceKlass  @bci org/jetbrains/kotlin/ir/SymbolFinderKt defaultType (Lorg/jetbrains/kotlin/ir/SymbolFinderHolder;Lorg/jetbrains/kotlin/name/ClassId;)Lkotlin/Lazy; 19 <appendix> member <vmtarget> ; # org/jetbrains/kotlin/ir/SymbolFinderKt$$Lambda+0x00000000103cb128
instanceKlass org/jetbrains/kotlin/backend/common/serialization/proto/IrGetClassOrBuilder
instanceKlass  @bci org/jetbrains/kotlin/ir/SymbolFinderKt propertySymbol (Lorg/jetbrains/kotlin/ir/SymbolFinderHolder;Lorg/jetbrains/kotlin/name/CallableId;)Lkotlin/Lazy; 20 <appendix> member <vmtarget> ; # org/jetbrains/kotlin/ir/SymbolFinderKt$$Lambda+0x00000000103c9f50
instanceKlass org/jetbrains/kotlin/backend/wasm/ClassIds
instanceKlass org/jetbrains/kotlin/ir/expressions/IrStatementOrigin$COMPONENT_N$Companion
instanceKlass org/jetbrains/kotlin/ir/expressions/IrStatementOrigin$COMPONENT_N
instanceKlass org/jetbrains/kotlin/name/WasmStandardClassIds
instanceKlass org/jetbrains/kotlin/backend/wasm/BackendWasmSymbolsKt
instanceKlass org/jetbrains/kotlin/backend/wasm/CallableIds
instanceKlass org/jetbrains/kotlin/backend/wasm/BackendWasmSymbols$WasmReflectionSymbols
instanceKlass org/jetbrains/kotlin/ir/backend/js/ReflectionSymbols
instanceKlass org/jetbrains/kotlin/backend/common/ir/PreSerializationWasmSymbols$Impl$Companion$CallableIds
instanceKlass org/jetbrains/kotlin/backend/common/ir/PreSerializationWebSymbols$Impl$Companion$CallableIds
instanceKlass org/jetbrains/kotlin/backend/common/ir/PreSerializationKlibSymbols$Companion
instanceKlass org/jetbrains/kotlin/backend/common/ir/PreSerializationKlibSymbols$Companion$CallableIds
instanceKlass org/jetbrains/kotlin/backend/common/ir/PreSerializationKlibSymbols$Companion$ClassIds
instanceKlass org/jetbrains/kotlin/backend/common/ir/PreSerializationWasmSymbols$Impl$Companion
instanceKlass org/jetbrains/kotlin/backend/common/ir/PreSerializationWebSymbols$Impl$Companion
instanceKlass org/jetbrains/kotlin/ir/backend/js/BackendWebSymbols$special$$inlined$functionSymbol$1
instanceKlass  @bci org/jetbrains/kotlin/ir/SymbolFinderKt functionSymbolOrNull (Lorg/jetbrains/kotlin/ir/SymbolFinderHolder;Lorg/jetbrains/kotlin/name/CallableId;)Lkotlin/Lazy; 20 <appendix> member <vmtarget> ; # org/jetbrains/kotlin/ir/SymbolFinderKt$$Lambda+0x00000000103c6cc8
instanceKlass  @bci org/jetbrains/kotlin/ir/SymbolFinderKt setterSymbol (Lorg/jetbrains/kotlin/ir/SymbolFinderHolder;Lorg/jetbrains/kotlin/name/CallableId;)Lkotlin/Lazy; 20 <appendix> member <vmtarget> ; # org/jetbrains/kotlin/ir/SymbolFinderKt$$Lambda+0x00000000103c6a98
instanceKlass  @bci org/jetbrains/kotlin/ir/SymbolFinderKt propertySymbols (Lorg/jetbrains/kotlin/ir/SymbolFinderHolder;Lorg/jetbrains/kotlin/name/CallableId;)Lkotlin/Lazy; 41 <appendix> member <vmtarget> ; # org/jetbrains/kotlin/ir/SymbolFinderKt$$Lambda+0x00000000103c6868
instanceKlass  @bci org/jetbrains/kotlin/ir/SymbolFinderKt getterSymbol (Lorg/jetbrains/kotlin/ir/SymbolFinderHolder;Lorg/jetbrains/kotlin/name/CallableId;)Lkotlin/Lazy; 20 <appendix> member <vmtarget> ; # org/jetbrains/kotlin/ir/SymbolFinderKt$$Lambda+0x00000000103c6638
instanceKlass org/jetbrains/kotlin/name/CallableIdKt
instanceKlass org/jetbrains/kotlin/ir/backend/js/BackendJsSymbolsKt
instanceKlass org/jetbrains/kotlin/ir/backend/js/CallableIds
instanceKlass org/jetbrains/kotlin/name/JsStandardClassIdsKt
instanceKlass org/jetbrains/kotlin/name/JsStandardClassIds
instanceKlass org/jetbrains/kotlin/ir/backend/js/ClassIds
instanceKlass org/jetbrains/kotlin/backend/common/ir/BackendKlibSymbols$special$$inlined$functionSymbolAssociatedBy$1
instanceKlass  @bci org/jetbrains/kotlin/backend/common/ir/PreSerializationKlibSymbols$SharedVariableBoxClassInfo <init> (Lorg/jetbrains/kotlin/ir/symbols/IrClassSymbol;)V 43 <appendix> member <vmtarget> ; # org/jetbrains/kotlin/backend/common/ir/PreSerializationKlibSymbols$SharedVariableBoxClassInfo$$Lambda+0x00000000103c5578
instanceKlass  @bci org/jetbrains/kotlin/backend/common/ir/PreSerializationKlibSymbols$SharedVariableBoxClassInfo <init> (Lorg/jetbrains/kotlin/ir/symbols/IrClassSymbol;)V 30 <appendix> member <vmtarget> ; # org/jetbrains/kotlin/backend/common/ir/PreSerializationKlibSymbols$SharedVariableBoxClassInfo$$Lambda+0x00000000103c5348
instanceKlass  @bci org/jetbrains/kotlin/backend/common/ir/PreSerializationKlibSymbols$SharedVariableBoxClassInfo <init> (Lorg/jetbrains/kotlin/ir/symbols/IrClassSymbol;)V 17 <appendix> member <vmtarget> ; # org/jetbrains/kotlin/backend/common/ir/PreSerializationKlibSymbols$SharedVariableBoxClassInfo$$Lambda+0x00000000103c5118
instanceKlass org/jetbrains/kotlin/backend/common/ir/PreSerializationKlibSymbols$SharedVariableBoxClassInfo
instanceKlass org/jetbrains/kotlin/backend/common/ir/PreSerializationSymbolsKt
instanceKlass org/jetbrains/kotlin/backend/common/ir/BackendKlibSymbols$special$$inlined$functionSymbolAssociatedBy$default$1
instanceKlass org/jetbrains/kotlin/backend/common/ir/BackendSymbols$special$$inlined$functionSymbol$2
instanceKlass org/jetbrains/kotlin/backend/common/ir/BackendSymbols$special$$inlined$functionSymbol$1
instanceKlass  @bci org/jetbrains/kotlin/backend/common/ir/BackendSymbols <init> (Lorg/jetbrains/kotlin/ir/IrBuiltIns;)V 556 <appendix> member <vmtarget> ; # org/jetbrains/kotlin/backend/common/ir/BackendSymbols$$Lambda+0x00000000103c4430
instanceKlass org/jetbrains/kotlin/backend/common/ir/BackendSymbols$special$$inlined$functionSymbolAssociatedBy$default$2
instanceKlass org/jetbrains/kotlin/backend/common/ir/BackendSymbols$special$$inlined$functionSymbolAssociatedBy$default$1
instanceKlass org/jetbrains/kotlin/backend/common/ir/CallableIds
instanceKlass org/jetbrains/kotlin/backend/common/ir/ClassIds
instanceKlass org/jetbrains/kotlin/backend/common/ir/BackendKlibSymbols$Companion
instanceKlass org/jetbrains/kotlin/backend/common/ir/PreSerializationSymbols$Impl
instanceKlass org/jetbrains/kotlin/backend/common/ir/PreSerializationWasmSymbols
instanceKlass org/jetbrains/kotlin/backend/common/ir/PreSerializationWebSymbols
instanceKlass org/jetbrains/kotlin/backend/common/ir/PreSerializationKlibSymbols
instanceKlass org/jetbrains/kotlin/backend/common/ir/PreSerializationSymbols
instanceKlass org/jetbrains/kotlin/ir/backend/js/lower/JsInnerClassesSupport
instanceKlass org/jetbrains/kotlin/backend/common/lower/InnerClassesSupport
instanceKlass org/jetbrains/kotlin/backend/wasm/WasmBackendContext$Companion
instanceKlass org/jetbrains/kotlin/backend/wasm/WasmBackendContext
instanceKlass org/jetbrains/kotlin/ir/backend/js/JsCommonBackendContext
instanceKlass org/jetbrains/kotlin/backend/common/CommonBackendContext
instanceKlass org/jetbrains/kotlin/backend/common/phaser/BackendContextHolder
instanceKlass org/jetbrains/kotlin/backend/common/LoweringContext
instanceKlass org/jetbrains/kotlin/backend/common/ErrorReportingContext
instanceKlass org/jetbrains/kotlin/backend/wasm/WasmCompilerKt
instanceKlass org/jetbrains/kotlin/cli/pipeline/web/wasm/WasmCompilerBase
instanceKlass org/jetbrains/kotlin/cli/pipeline/web/wasm/WasmBackendPipelinePhase$WhenMappings
instanceKlass  @bci org/jetbrains/kotlin/util/PerformanceManager finishPhase (Lorg/jetbrains/kotlin/util/PhaseType;)V 28 <appendix> member <vmtarget> ; # org/jetbrains/kotlin/util/PerformanceManager$$Lambda+0x00000000103bec58
instanceKlass org/jetbrains/kotlin/backend/common/IrModuleInfo
instanceKlass org/jetbrains/kotlin/ir/symbols/impl/IrFakeOverrideSymbolBase
instanceKlass org/jetbrains/kotlin/ir/util/IrUtilsKt$special$$inlined$filterIsInstance$1
instanceKlass org/jetbrains/kotlin/ir/util/IrTypeUtilsKt
instanceKlass org/jetbrains/kotlin/ir/util/FunctionParameterShape
instanceKlass org/jetbrains/kotlin/ir/util/IrUtilsKt$WhenMappings
instanceKlass org/jetbrains/kotlin/backend/common/linkage/partial/PartiallyLinkedIrTreePatcher$ReturnTargetContext$InFunctionBody
instanceKlass  @bci org/jetbrains/kotlin/backend/common/linkage/partial/PartiallyLinkedIrTreePatcher$Companion eliminateDeadCodeStatements (Ljava/util/List;)V 10 <appendix> member <vmtarget> ; # org/jetbrains/kotlin/backend/common/linkage/partial/PartiallyLinkedIrTreePatcher$Companion$$Lambda+0x00000000103bd330
instanceKlass kotlin/jvm/internal/Ref$BooleanRef
instanceKlass  @bci org/jetbrains/kotlin/backend/common/linkage/partial/PartiallyLinkedIrTreePatcher$ExpressionTransformer visitConstructorCall (Lorg/jetbrains/kotlin/ir/expressions/IrConstructorCall;)Lorg/jetbrains/kotlin/ir/expressions/IrExpression; 171 <appendix> argL0 ; # org/jetbrains/kotlin/backend/common/linkage/partial/PartiallyLinkedIrTreePatcher$ExpressionTransformer$$Lambda+0x00000000103bd108
instanceKlass  @bci org/jetbrains/kotlin/backend/common/linkage/partial/PartiallyLinkedIrTreePatcher$ExpressionTransformer visitGetObjectValue (Lorg/jetbrains/kotlin/ir/expressions/IrGetObjectValue;)Lorg/jetbrains/kotlin/ir/expressions/IrExpression; 140 <appendix> argL0 ; # org/jetbrains/kotlin/backend/common/linkage/partial/PartiallyLinkedIrTreePatcher$ExpressionTransformer$$Lambda+0x00000000103bcee0
instanceKlass org/jetbrains/kotlin/backend/common/linkage/partial/PartiallyLinkedIrTreePatcher$ReturnTargetContext$InInlinedCall
instanceKlass org/jetbrains/kotlin/backend/common/linkage/partial/PartiallyLinkedIrTreePatcher$ReturnTargetContext$InFunction
instanceKlass org/jetbrains/kotlin/backend/common/linkage/partial/PartiallyLinkedIrTreePatcher$ReturnTargetContext$Default
instanceKlass org/jetbrains/kotlin/backend/common/linkage/partial/PartiallyLinkedIrTreePatcher$ReturnTargetContext$Companion
instanceKlass org/jetbrains/kotlin/backend/common/linkage/partial/PartiallyLinkedIrTreePatcher$ReturnTargetContext
instanceKlass org/jetbrains/kotlin/backend/common/linkage/partial/PartiallyLinkedIrTreePatcher$ExpressionTransformer$checkArgumentsAndValueParameters$functionsToCheckDefaultValues$2
instanceKlass  @bci org/jetbrains/kotlin/backend/common/linkage/partial/PartiallyLinkedIrTreePatcher$AnnotationChecker customConstructorCallChecks (Lorg/jetbrains/kotlin/ir/expressions/IrConstructorCall;)Lorg/jetbrains/kotlin/backend/common/linkage/partial/PartialLinkageCase; 1 <appendix> member <vmtarget> ; # org/jetbrains/kotlin/backend/common/linkage/partial/PartiallyLinkedIrTreePatcher$AnnotationChecker$$Lambda+0x00000000103bbdb8
instanceKlass  @bci org/jetbrains/kotlin/backend/common/linkage/partial/PartiallyLinkedIrTreePatcher$AnnotationChecker visitConstructorCall (Lorg/jetbrains/kotlin/ir/expressions/IrConstructorCall;)Lorg/jetbrains/kotlin/ir/expressions/IrExpression; 178 <appendix> argL0 ; # org/jetbrains/kotlin/backend/common/linkage/partial/PartiallyLinkedIrTreePatcher$AnnotationChecker$$Lambda+0x00000000103bbb90
instanceKlass org/jetbrains/kotlin/backend/common/linkage/partial/PartialLinkageCase$ExpressionWithUnusableClassifier
instanceKlass org/jetbrains/kotlin/backend/common/linkage/partial/PartialLinkageCase
instanceKlass org/jetbrains/kotlin/ir/overrides/IrVisibilityUtilKt
instanceKlass org/jetbrains/kotlin/backend/common/linkage/partial/PartialLinkageIssueSignificance$Companion
instanceKlass org/jetbrains/kotlin/backend/common/linkage/partial/PartialLinkageSupportForLoweringsImpl$Companion
instanceKlass org/jetbrains/kotlin/ir/util/TransformKt
instanceKlass org/jetbrains/kotlin/ir/visitors/IrElementTransformerVoidKt
instanceKlass org/jetbrains/kotlin/backend/common/linkage/partial/PartiallyLinkedIrTreePatcher$DeclarationTransformerContext
instanceKlass org/jetbrains/kotlin/backend/common/linkage/partial/PartialLinkageSources$File$SyntheticBuiltInFunctions
instanceKlass org/jetbrains/kotlin/backend/common/linkage/partial/PartialLinkageLogger$Location
instanceKlass org/jetbrains/kotlin/backend/common/linkage/partial/PartialLinkageSources$File$MissingDeclarations
instanceKlass org/jetbrains/kotlin/backend/common/linkage/partial/PartialLinkageSources$File$Companion
instanceKlass org/jetbrains/kotlin/backend/common/linkage/partial/PartialLinkageSources$File$IrBased
instanceKlass org/jetbrains/kotlin/backend/common/linkage/partial/PartialLinkageSources$File
instanceKlass org/jetbrains/kotlin/backend/common/linkage/partial/PartialLinkageUtilsKt
instanceKlass  @bci org/jetbrains/kotlin/ir/util/IrFakeOverrideUtilsKt collectAndFilterRealOverrides$default (Ljava/util/Collection;Lkotlin/jvm/functions/Function1;Lkotlin/jvm/functions/Function1;ILjava/lang/Object;)Ljava/util/Set; 19 <appendix> argL0 ; # org/jetbrains/kotlin/ir/util/IrFakeOverrideUtilsKt$$Lambda+0x00000000103b5100
instanceKlass org/jetbrains/kotlin/ir/util/IrFakeOverrideUtilsKt
instanceKlass org/jetbrains/kotlin/types/TypeSubstitution$Companion
instanceKlass org/jetbrains/kotlin/types/TypeProjection
instanceKlass org/jetbrains/kotlin/types/TypeSubstitution
instanceKlass org/jetbrains/kotlin/types/TypeSubstitutor
instanceKlass org/jetbrains/kotlin/ir/types/AbstractIrTypeSubstitutor$Companion
instanceKlass org/jetbrains/kotlin/ir/types/AbstractIrTypeSubstitutor
instanceKlass org/jetbrains/kotlin/types/model/TypeSubstitutorMarker
instanceKlass org/jetbrains/kotlin/types/AbstractTypeChecker$WhenMappings
instanceKlass org/jetbrains/kotlin/utils/SmartList$SingletonIteratorBase
instanceKlass org/jetbrains/kotlin/utils/SmartSet$Companion
instanceKlass org/jetbrains/kotlin/types/TypeCheckerState$SupertypesPolicy
instanceKlass org/jetbrains/kotlin/types/AbstractNullabilityChecker
instanceKlass org/jetbrains/kotlin/ir/overrides/IrFakeOverrideBuilderKt
instanceKlass org/jetbrains/kotlin/descriptors/Visibilities
instanceKlass org/jetbrains/kotlin/ir/declarations/IrDeclarationsKt
instanceKlass org/jetbrains/kotlin/ir/util/SymbolRemapper$Empty
instanceKlass org/jetbrains/kotlin/ir/util/SymbolRemapper$Companion
instanceKlass org/jetbrains/kotlin/ir/util/SymbolRemapper
instanceKlass org/jetbrains/kotlin/ir/util/ReferencedSymbolRemapper
instanceKlass org/jetbrains/kotlin/ir/util/DeclaredSymbolRemapper
instanceKlass org/jetbrains/kotlin/ir/visitors/IrElementTransformer
instanceKlass org/jetbrains/kotlin/ir/types/impl/IrCapturedType$Constructor
instanceKlass org/jetbrains/kotlin/types/model/CapturedTypeConstructorMarker
instanceKlass org/jetbrains/kotlin/types/model/TypeSystemContextContextualKt
instanceKlass org/jetbrains/kotlin/types/AbstractTypeChecker
instanceKlass org/jetbrains/kotlin/ir/types/IrTypesKt$WhenMappings
instanceKlass kotlin/ULongArray
instanceKlass org/jetbrains/kotlin/types/model/TypeSystemContextKt$WhenMappings
instanceKlass org/jetbrains/kotlin/types/model/TypeSystemContextKt
instanceKlass  @bci org/jetbrains/kotlin/backend/common/serialization/mangle/BaseKotlinMangleComputer mangleTypeArguments (Ljava/lang/StringBuilder;Lorg/jetbrains/kotlin/types/model/KotlinTypeMarker;Ljava/lang/Object;)V 89 <appendix> member <vmtarget> ; # org/jetbrains/kotlin/backend/common/serialization/mangle/BaseKotlinMangleComputer$$Lambda+0x00000000103a9e70
instanceKlass org/jetbrains/kotlin/resolve/OverridingUtil$OverrideCompatibilityInfo
instanceKlass org/jetbrains/kotlin/types/TypeCheckerState
instanceKlass org/jetbrains/kotlin/ir/types/IrTypeCheckerStateKt
instanceKlass org/jetbrains/kotlin/ir/types/IrTypeSystemContextWithAdditionalAxioms
instanceKlass org/jetbrains/kotlin/ir/overrides/MemberWithOriginal
instanceKlass org/jetbrains/kotlin/backend/common/serialization/signature/IdSignatureBuilder$PropertyAccessorIdHashAndDescription
instanceKlass  @bci org/jetbrains/kotlin/backend/common/overrides/IrLinkerFakeOverrideBuilderStrategy linkPropertyFakeOverride (Lorg/jetbrains/kotlin/ir/declarations/IrPropertyWithLateBinding;Z)V 142 <appendix> member <vmtarget> ; # org/jetbrains/kotlin/backend/common/overrides/IrLinkerFakeOverrideBuilderStrategy$$Lambda+0x00000000103a6918
instanceKlass  @bci org/jetbrains/kotlin/backend/common/overrides/IrLinkerFakeOverrideBuilderStrategy linkPropertyFakeOverride (Lorg/jetbrains/kotlin/ir/declarations/IrPropertyWithLateBinding;Z)V 134 <appendix> member <vmtarget> ; # org/jetbrains/kotlin/backend/common/overrides/IrLinkerFakeOverrideBuilderStrategy$$Lambda+0x00000000103a66e8
instanceKlass  @bci org/jetbrains/kotlin/backend/common/serialization/mangle/ir/IrMangleComputer$Visitor visitProperty (Lorg/jetbrains/kotlin/ir/declarations/IrProperty;)V 681 <appendix> member <vmtarget> ; # org/jetbrains/kotlin/backend/common/serialization/mangle/ir/IrMangleComputer$Visitor$$Lambda+0x00000000103a64b8
instanceKlass  @bci org/jetbrains/kotlin/backend/common/overrides/IrLinkerFakeOverrideBuilderStrategy linkFunctionFakeOverride (Lorg/jetbrains/kotlin/ir/declarations/IrFunctionWithLateBinding;Z)V 47 <appendix> member <vmtarget> ; # org/jetbrains/kotlin/backend/common/overrides/IrLinkerFakeOverrideBuilderStrategy$$Lambda+0x00000000103a6288
instanceKlass  @bci org/jetbrains/kotlin/backend/common/overrides/IrLinkerFakeOverrideBuilderStrategy linkFunctionFakeOverride (Lorg/jetbrains/kotlin/ir/declarations/IrFunctionWithLateBinding;Z)V 39 <appendix> member <vmtarget> ; # org/jetbrains/kotlin/backend/common/overrides/IrLinkerFakeOverrideBuilderStrategy$$Lambda+0x00000000103a6058
instanceKlass org/jetbrains/kotlin/backend/common/serialization/mangle/ir/IrExportCheckerVisitorKt
instanceKlass org/jetbrains/kotlin/backend/common/serialization/mangle/ir/IrExportCheckerVisitor
instanceKlass org/jetbrains/kotlin/ir/overrides/IrFakeOverrideBuilder$WhenMappings
instanceKlass org/jetbrains/kotlin/ir/declarations/IrPackageFragmentsKt
instanceKlass org/jetbrains/kotlin/ir/overrides/IrFakeOverrideBuilder$FakeOverride
instanceKlass org/jetbrains/kotlin/ir/util/AbstractTypeRemapper
instanceKlass org/jetbrains/kotlin/ir/util/TypeRemapper
instanceKlass org/jetbrains/kotlin/ir/overrides/FakeOverrideCopier
instanceKlass org/jetbrains/kotlin/ir/overrides/CopyIrTreeWithSymbolsForFakeOverrides$Companion
instanceKlass org/jetbrains/kotlin/ir/overrides/CopyIrTreeWithSymbolsForFakeOverrides
instanceKlass org/jetbrains/kotlin/ir/types/IrTypeSystemContextKt
instanceKlass org/jetbrains/kotlin/ir/overrides/FakeOverrideBuilderStrategyKt
instanceKlass  @bci org/jetbrains/kotlin/ir/overrides/IrFakeOverrideBuilder buildFakeOverridesForClass (Lorg/jetbrains/kotlin/ir/declarations/IrClass;Z)V 20 <appendix> member <vmtarget> ; # org/jetbrains/kotlin/ir/overrides/IrFakeOverrideBuilder$$Lambda+0x00000000103a2278
instanceKlass org/jetbrains/kotlin/ir/overrides/IrOverrideChecker
instanceKlass org/jetbrains/kotlin/ir/overrides/FakeOverrideBuilderStrategy
instanceKlass org/jetbrains/kotlin/ir/overrides/IrFakeOverrideBuilder
instanceKlass org/jetbrains/kotlin/ir/types/IrTypeSystemContextImpl
instanceKlass org/jetbrains/kotlin/ir/symbols/IrTypeAliasSymbol
instanceKlass org/jetbrains/kotlin/mpp/TypeAliasSymbolMarker
instanceKlass org/jetbrains/kotlin/backend/common/linkage/partial/PartialLinkageSupportForLoweringsKt
instanceKlass org/jetbrains/kotlin/backend/common/linkage/partial/ClassifierPartialLinkageStatus$Unusable
instanceKlass org/jetbrains/kotlin/backend/common/linkage/partial/ClassifierPartialLinkageStatus$Usable
instanceKlass org/jetbrains/kotlin/backend/common/linkage/partial/ClassifierPartialLinkageStatus
instanceKlass org/jetbrains/kotlin/backend/common/linkage/partial/PartialLinkageSources$Module$Real
instanceKlass org/jetbrains/kotlin/backend/common/linkage/partial/PartiallyLinkedDeclarationOrigin
instanceKlass org/jetbrains/kotlin/backend/common/linkage/partial/PartialLinkageSources$Module$SyntheticBuiltInFunctions
instanceKlass org/jetbrains/kotlin/backend/common/linkage/partial/PartialLinkageSources$Module$MissingDeclarations
instanceKlass org/jetbrains/kotlin/backend/common/linkage/partial/PartialLinkageSources
instanceKlass org/jetbrains/kotlin/backend/common/linkage/partial/PartialLinkageSources$Module$Companion
instanceKlass org/jetbrains/kotlin/ir/declarations/lazy/IrLazyClassBase
instanceKlass org/jetbrains/kotlin/ir/declarations/lazy/IrLazyDeclarationBase
instanceKlass org/jetbrains/kotlin/backend/common/serialization/proto/IrCatchOrBuilder
instanceKlass  @bci org/jetbrains/kotlin/backend/common/serialization/IrBodyDeserializer deserializeContinue (Lorg/jetbrains/kotlin/backend/common/serialization/proto/IrContinue;IILorg/jetbrains/kotlin/ir/types/IrType;)Lorg/jetbrains/kotlin/ir/expressions/IrContinue; 33 <appendix> argL0 ; # org/jetbrains/kotlin/backend/common/serialization/IrBodyDeserializer$$Lambda+0x000000001039bb98
instanceKlass org/jetbrains/kotlin/backend/common/serialization/proto/IrContinueOrBuilder
instanceKlass org/jetbrains/kotlin/backend/common/serialization/proto/IrTryOrBuilder
instanceKlass  @bci org/jetbrains/kotlin/backend/common/serialization/IrBodyDeserializer deserializeBreak (Lorg/jetbrains/kotlin/backend/common/serialization/proto/IrBreak;IILorg/jetbrains/kotlin/ir/types/IrType;)Lorg/jetbrains/kotlin/ir/expressions/IrBreak; 33 <appendix> argL0 ; # org/jetbrains/kotlin/backend/common/serialization/IrBodyDeserializer$$Lambda+0x0000000010399678
instanceKlass org/jetbrains/kotlin/backend/common/serialization/proto/IrBreakOrBuilder
instanceKlass  @bci org/jetbrains/kotlin/backend/common/serialization/IrBodyDeserializer deserializeDoWhile (Lorg/jetbrains/kotlin/backend/common/serialization/proto/IrDoWhile;IILorg/jetbrains/kotlin/ir/types/IrType;)Lorg/jetbrains/kotlin/ir/expressions/IrLoop; 25 <appendix> member <vmtarget> ; # org/jetbrains/kotlin/backend/common/serialization/IrBodyDeserializer$$Lambda+0x0000000010391c00
instanceKlass org/jetbrains/kotlin/backend/common/serialization/proto/IrCompositeOrBuilder
instanceKlass org/jetbrains/kotlin/backend/common/serialization/proto/IrDoWhileOrBuilder
instanceKlass org/jetbrains/kotlin/ir/util/IrElementConstructorIndicator
instanceKlass org/jetbrains/kotlin/backend/common/serialization/encodings/RichFunctionReferenceFlags$Companion
instanceKlass org/jetbrains/kotlin/backend/common/serialization/encodings/RichFunctionReferenceFlags
instanceKlass org/jetbrains/kotlin/backend/common/serialization/proto/IrRichFunctionReferenceOrBuilder
instanceKlass kotlin/jvm/internal/DoubleCompanionObject
instanceKlass kotlin/jvm/internal/FloatCompanionObject
instanceKlass org/jetbrains/kotlin/ir/symbols/IrAnonymousInitializerSymbol
instanceKlass org/jetbrains/kotlin/backend/common/serialization/proto/IrAnonymousInitOrBuilder
instanceKlass org/jetbrains/kotlin/ir/types/impl/IrStarProjectionImpl
instanceKlass org/jetbrains/kotlin/ir/types/IrStarProjection
instanceKlass org/jetbrains/kotlin/backend/common/serialization/proto/IrThrowOrBuilder
instanceKlass  @bci org/jetbrains/kotlin/ir/IrBasedFunctionFactory createTypeParameters$createTypeParameter (Lorg/jetbrains/kotlin/ir/IrBasedFunctionFactory;Lorg/jetbrains/kotlin/ir/declarations/IrTypeParametersContainer;Ljava/util/ArrayList;ILorg/jetbrains/kotlin/name/Name;Lorg/jetbrains/kotlin/types/Variance;)Lorg/jetbrains/kotlin/ir/declarations/IrTypeParameter; 89 <adapter> ; # java/lang/invoke/LambdaForm$MH+0x0000000010391800
# instanceKlass java/lang/invoke/LambdaForm$DMH+0x0000000010391400
instanceKlass  @bci org/jetbrains/kotlin/ir/IrBasedFunctionFactory createTypeParameters$createTypeParameter (Lorg/jetbrains/kotlin/ir/IrBasedFunctionFactory;Lorg/jetbrains/kotlin/ir/declarations/IrTypeParametersContainer;Ljava/util/ArrayList;ILorg/jetbrains/kotlin/name/Name;Lorg/jetbrains/kotlin/types/Variance;)Lorg/jetbrains/kotlin/ir/declarations/IrTypeParameter; 89 <appendix> form vmentry <vmtarget> ; # java/lang/invoke/LambdaForm$DMH+0x0000000010391000
instanceKlass  @bci org/jetbrains/kotlin/ir/IrBasedFunctionFactory createTypeParameters$createTypeParameter (Lorg/jetbrains/kotlin/ir/IrBasedFunctionFactory;Lorg/jetbrains/kotlin/ir/declarations/IrTypeParametersContainer;Ljava/util/ArrayList;ILorg/jetbrains/kotlin/name/Name;Lorg/jetbrains/kotlin/types/Variance;)Lorg/jetbrains/kotlin/ir/declarations/IrTypeParameter; 89 <appendix> member <vmtarget> ; # org/jetbrains/kotlin/ir/IrBasedFunctionFactory$$Lambda+0x000000001038f9d0
instanceKlass  @cpi org/jetbrains/kotlin/ir/IrBasedFunctionFactory 284 form vmentry <vmtarget> ; # java/lang/invoke/LambdaForm$DMH+0x0000000010390c00
instanceKlass  @bci org/jetbrains/kotlin/ir/IrBasedFunctionFactory createTypeParameters$createTypeParameter (Lorg/jetbrains/kotlin/ir/IrBasedFunctionFactory;Lorg/jetbrains/kotlin/ir/declarations/IrTypeParametersContainer;Ljava/util/ArrayList;ILorg/jetbrains/kotlin/name/Name;Lorg/jetbrains/kotlin/types/Variance;)Lorg/jetbrains/kotlin/ir/declarations/IrTypeParameter; 78 <appendix> member <vmtarget> ; # org/jetbrains/kotlin/ir/IrBasedFunctionFactory$$Lambda+0x000000001038f7a0
instanceKlass  @bci org/jetbrains/kotlin/ir/util/RenderIrElementKt renderTypeParameter (Lorg/jetbrains/kotlin/ir/declarations/IrTypeParameter;Lorg/jetbrains/kotlin/ir/util/RenderIrElementVisitor;Lorg/jetbrains/kotlin/ir/util/DumpIrTreeOptions;)Ljava/lang/String; 135 <appendix> member <vmtarget> ; # org/jetbrains/kotlin/ir/util/RenderIrElementKt$$Lambda+0x000000001038f2c8
instanceKlass org/jetbrains/kotlin/ir/util/VariableNameData
instanceKlass org/jetbrains/kotlin/ir/util/FlagsRenderer
instanceKlass org/jetbrains/kotlin/ir/util/DumpIrTreeOptions$ReferenceRenderingStrategy$Default
instanceKlass org/jetbrains/kotlin/ir/util/DumpIrTreeOptions$ReferenceRenderingStrategy
instanceKlass  @bci org/jetbrains/kotlin/ir/util/DumpIrTreeOptions <init> (ZZZZZLorg/jetbrains/kotlin/ir/util/DumpIrTreeOptions$FlagsFilter;ZZZZZZZZZZZLorg/jetbrains/kotlin/name/Name;Lkotlin/jvm/functions/Function1;Lkotlin/jvm/functions/Function2;ZLorg/jetbrains/kotlin/ir/util/DumpIrTreeOptions$ReferenceRenderingStrategy;ILkotlin/jvm/internal/DefaultConstructorMarker;)V 228 <appendix> argL0 ; # org/jetbrains/kotlin/ir/util/DumpIrTreeOptions$$Lambda+0x000000001038e178
instanceKlass  @bci org/jetbrains/kotlin/ir/util/DumpIrTreeOptions <init> (ZZZZZLorg/jetbrains/kotlin/ir/util/DumpIrTreeOptions$FlagsFilter;ZZZZZZZZZZZLorg/jetbrains/kotlin/name/Name;Lkotlin/jvm/functions/Function1;Lkotlin/jvm/functions/Function2;ZLorg/jetbrains/kotlin/ir/util/DumpIrTreeOptions$ReferenceRenderingStrategy;ILkotlin/jvm/internal/DefaultConstructorMarker;)V 213 <appendix> argL0 ; # org/jetbrains/kotlin/ir/util/DumpIrTreeOptions$$Lambda+0x000000001038df50
instanceKlass  @bci org/jetbrains/kotlin/ir/util/DumpIrTreeOptions$FlagsFilter$Companion <clinit> ()V 18 <appendix> argL0 ; # org/jetbrains/kotlin/ir/util/DumpIrTreeOptions$FlagsFilter$Companion$$Lambda+0x000000001038dd28
instanceKlass  @bci org/jetbrains/kotlin/ir/util/DumpIrTreeOptions$FlagsFilter$Companion <clinit> ()V 10 <appendix> argL0 ; # org/jetbrains/kotlin/ir/util/DumpIrTreeOptions$FlagsFilter$Companion$$Lambda+0x000000001038db00
instanceKlass  @cpi org/jetbrains/kotlin/ir/util/DumpIrTreeOptions$FlagsFilter$Companion 30 form vmentry <vmtarget> ; # java/lang/invoke/LambdaForm$DMH+0x0000000010390800
instanceKlass org/jetbrains/kotlin/ir/util/DumpIrTreeOptions$FlagsFilter$Companion
instanceKlass org/jetbrains/kotlin/ir/util/DumpIrTreeOptions$FlagsFilter
instanceKlass org/jetbrains/kotlin/ir/util/DumpIrTreeOptions
instanceKlass org/jetbrains/kotlin/ir/util/RenderIrElementKt
instanceKlass org/jetbrains/kotlin/ir/IrBasedFunctionFactoryKt
instanceKlass  @bci org/jetbrains/kotlin/ir/IrAbstractFunctionFactory declare (Lorg/jetbrains/kotlin/ir/util/SymbolTable;Lorg/jetbrains/kotlin/builtins/functions/FunctionClassDescriptor;Lorg/jetbrains/kotlin/ir/util/IdSignature;Lkotlin/jvm/functions/Function1;)Lorg/jetbrains/kotlin/ir/declarations/IrClass; 37 <appendix> member <vmtarget> ; # org/jetbrains/kotlin/ir/IrAbstractFunctionFactory$$Lambda+0x000000001038ce80
instanceKlass  @bci org/jetbrains/kotlin/ir/IrAbstractFunctionFactory declare (Lorg/jetbrains/kotlin/ir/util/SymbolTable;Lorg/jetbrains/kotlin/builtins/functions/FunctionClassDescriptor;Lorg/jetbrains/kotlin/ir/util/IdSignature;Lkotlin/jvm/functions/Function1;)Lorg/jetbrains/kotlin/ir/declarations/IrClass; 30 <appendix> member <vmtarget> ; # org/jetbrains/kotlin/ir/IrAbstractFunctionFactory$$Lambda+0x000000001038cc50
instanceKlass  @bci org/jetbrains/kotlin/ir/IrBasedFunctionFactory functionN (ILkotlin/jvm/functions/Function2;)Lorg/jetbrains/kotlin/ir/declarations/IrClass; 45 <appendix> member <vmtarget> ; # org/jetbrains/kotlin/ir/IrBasedFunctionFactory$$Lambda+0x000000001038ca20
instanceKlass  @cpi org/jetbrains/kotlin/ir/IrBasedFunctionFactory 285 form vmentry <vmtarget> ; # java/lang/invoke/LambdaForm$DMH+0x0000000010390400
instanceKlass  @bci org/jetbrains/kotlin/ir/IrAbstractFunctionFactory functionN (I)Lorg/jetbrains/kotlin/ir/declarations/IrClass; 4 <appendix> member <vmtarget> ; # org/jetbrains/kotlin/ir/IrAbstractFunctionFactory$$Lambda+0x000000001038c7f0
instanceKlass  @cpi org/jetbrains/kotlin/ir/IrAbstractFunctionFactory 80 form vmentry <vmtarget> ; # java/lang/invoke/LambdaForm$DMH+0x0000000010390000
instanceKlass org/jetbrains/kotlin/descriptors/ValueClassRepresentation
instanceKlass  @bci org/jetbrains/kotlin/backend/common/serialization/IrDeclarationDeserializer deserializeIrTypeParameter (Lorg/jetbrains/kotlin/backend/common/serialization/proto/IrTypeParameter;IZLjava/lang/Integer;Z)Lorg/jetbrains/kotlin/ir/declarations/IrTypeParameter; 134 <appendix> member <vmtarget> ; # org/jetbrains/kotlin/backend/common/serialization/IrDeclarationDeserializer$$Lambda+0x000000001038c168
instanceKlass org/jetbrains/kotlin/backend/common/serialization/proto/IrStringConcatOrBuilder
instanceKlass org/jetbrains/kotlin/backend/common/serialization/proto/IrBranchOrBuilder
instanceKlass org/jetbrains/kotlin/backend/common/serialization/proto/IrWhenOrBuilder
instanceKlass org/jetbrains/kotlin/backend/common/serialization/proto/IrSetFieldOrBuilder
instanceKlass org/jetbrains/kotlin/backend/common/serialization/proto/FileLocalIdSignatureOrBuilder
instanceKlass  @bci org/jetbrains/kotlin/backend/common/serialization/IrBodyDeserializer deserializeDoWhile (Lorg/jetbrains/kotlin/backend/common/serialization/proto/IrDoWhile;IILorg/jetbrains/kotlin/ir/types/IrType;)Lorg/jetbrains/kotlin/ir/expressions/IrLoop; 25 <adapter> ; # java/lang/invoke/LambdaForm$MH+0x0000000010381c00
# instanceKlass java/lang/invoke/LambdaForm$DMH+0x0000000010381800
instanceKlass  @bci org/jetbrains/kotlin/backend/common/serialization/IrBodyDeserializer deserializeDoWhile (Lorg/jetbrains/kotlin/backend/common/serialization/proto/IrDoWhile;IILorg/jetbrains/kotlin/ir/types/IrType;)Lorg/jetbrains/kotlin/ir/expressions/IrLoop; 25 <appendix> form vmentry <vmtarget> ; # java/lang/invoke/LambdaForm$DMH+0x0000000010381400
instanceKlass  @bci org/jetbrains/kotlin/backend/common/serialization/IrBodyDeserializer deserializeWhile (Lorg/jetbrains/kotlin/backend/common/serialization/proto/IrWhile;IILorg/jetbrains/kotlin/ir/types/IrType;)Lorg/jetbrains/kotlin/ir/expressions/IrLoop; 25 <appendix> member <vmtarget> ; # org/jetbrains/kotlin/backend/common/serialization/IrBodyDeserializer$$Lambda+0x0000000010387a40
instanceKlass  @cpi org/jetbrains/kotlin/backend/common/serialization/IrBodyDeserializer 974 form vmentry <vmtarget> ; # java/lang/invoke/LambdaForm$DMH+0x0000000010381000
instanceKlass org/jetbrains/kotlin/backend/common/serialization/proto/IrGetObjectOrBuilder
instanceKlass org/jetbrains/kotlin/backend/common/serialization/proto/IrSetValueOrBuilder
instanceKlass org/jetbrains/kotlin/backend/common/serialization/proto/LoopOrBuilder
instanceKlass org/jetbrains/kotlin/backend/common/serialization/proto/IrWhileOrBuilder
instanceKlass org/jetbrains/kotlin/backend/common/serialization/proto/IrSyntheticBodyOrBuilder
instanceKlass  @bci org/jetbrains/kotlin/backend/common/serialization/IrDeclarationDeserializer deserializeIrEnumEntry (Lorg/jetbrains/kotlin/backend/common/serialization/proto/IrEnumEntry;Ljava/lang/Integer;Z)Lorg/jetbrains/kotlin/ir/declarations/IrEnumEntry; 148 <adapter> ; # java/lang/invoke/LambdaForm$MH+0x0000000010380c00
# instanceKlass java/lang/invoke/LambdaForm$DMH+0x0000000010380800
instanceKlass  @bci org/jetbrains/kotlin/backend/common/serialization/IrDeclarationDeserializer deserializeIrEnumEntry (Lorg/jetbrains/kotlin/backend/common/serialization/proto/IrEnumEntry;Ljava/lang/Integer;Z)Lorg/jetbrains/kotlin/ir/declarations/IrEnumEntry; 148 <appendix> form vmentry <vmtarget> ; # java/lang/invoke/LambdaForm$DMH+0x0000000010380400
instanceKlass  @bci org/jetbrains/kotlin/backend/common/serialization/IrDeclarationDeserializer deserializeIrEnumEntry (Lorg/jetbrains/kotlin/backend/common/serialization/proto/IrEnumEntry;Ljava/lang/Integer;Z)Lorg/jetbrains/kotlin/ir/declarations/IrEnumEntry; 148 <appendix> member <vmtarget> ; # org/jetbrains/kotlin/backend/common/serialization/IrDeclarationDeserializer$$Lambda+0x000000001037f140
instanceKlass  @cpi org/jetbrains/kotlin/backend/common/serialization/IrDeclarationDeserializer 763 form vmentry <vmtarget> ; # java/lang/invoke/LambdaForm$DMH+0x0000000010380000
instanceKlass  @bci org/jetbrains/kotlin/backend/common/serialization/IrDeclarationDeserializer deserializeIrEnumEntry (Lorg/jetbrains/kotlin/backend/common/serialization/proto/IrEnumEntry;Ljava/lang/Integer;Z)Lorg/jetbrains/kotlin/ir/declarations/IrEnumEntry; 135 <appendix> member <vmtarget> ; # org/jetbrains/kotlin/backend/common/serialization/IrDeclarationDeserializer$$Lambda+0x000000001037eb10
instanceKlass org/jetbrains/kotlin/ir/expressions/impl/IrEnumConstructorCallImpl$Companion
instanceKlass org/jetbrains/kotlin/backend/common/serialization/proto/IrEnumConstructorCallOrBuilder
instanceKlass org/jetbrains/kotlin/backend/common/serialization/proto/IrEnumEntryOrBuilder
instanceKlass org/jetbrains/kotlin/ir/symbols/IrEnumEntrySymbol
instanceKlass org/jetbrains/kotlin/mpp/EnumEntrySymbolMarker
instanceKlass org/jetbrains/kotlin/backend/common/serialization/proto/IrGetEnumValueOrBuilder
instanceKlass org/jetbrains/kotlin/backend/common/serialization/proto/IrTypeOpOrBuilder
instanceKlass org/jetbrains/kotlin/ir/symbols/IrReturnableBlockSymbol
instanceKlass org/jetbrains/kotlin/ir/declarations/impl/BuildersKt
instanceKlass org/jetbrains/kotlin/backend/common/serialization/encodings/LocalVariableFlags$Companion
instanceKlass org/jetbrains/kotlin/backend/common/serialization/encodings/LocalVariableFlags
instanceKlass org/jetbrains/kotlin/ir/symbols/IrVariableSymbol
instanceKlass org/jetbrains/kotlin/backend/common/serialization/proto/IrInlinedFunctionBlockOrBuilder
instanceKlass org/jetbrains/kotlin/backend/common/serialization/proto/IrReturnableBlockOrBuilder
instanceKlass org/jetbrains/kotlin/backend/common/serialization/proto/IrVariableOrBuilder
instanceKlass org/jetbrains/kotlin/backend/common/serialization/proto/IrBlockOrBuilder
instanceKlass  @bci org/jetbrains/kotlin/ir/overrides/IrFakeOverrideBuilder buildFakeOverridesForClass (Lorg/jetbrains/kotlin/ir/declarations/IrClass;Z)V 20 <adapter> ; # java/lang/invoke/LambdaForm$MH+0x0000000010375400
instanceKlass  @bci org/jetbrains/kotlin/ir/overrides/IrFakeOverrideBuilder buildFakeOverridesForClass (Lorg/jetbrains/kotlin/ir/declarations/IrClass;Z)V 20 <appendix> form vmentry <vmtarget> ; # java/lang/invoke/LambdaForm$DMH+0x0000000010375000
instanceKlass  @bci org/jetbrains/kotlin/backend/common/serialization/IrDeclarationDeserializer deserializeIrField (Lorg/jetbrains/kotlin/backend/common/serialization/proto/IrField;ZLjava/lang/Integer;Z)Lorg/jetbrains/kotlin/ir/declarations/IrField; 262 <appendix> member <vmtarget> ; # org/jetbrains/kotlin/backend/common/serialization/IrDeclarationDeserializer$$Lambda+0x0000000010371728
instanceKlass  @bci org/jetbrains/kotlin/backend/common/serialization/IrDeclarationDeserializer deserializeIrField (Lorg/jetbrains/kotlin/backend/common/serialization/proto/IrField;ZLjava/lang/Integer;Z)Lorg/jetbrains/kotlin/ir/declarations/IrField; 188 <adapter> ; # java/lang/invoke/LambdaForm$MH+0x0000000010374c00
# instanceKlass java/lang/invoke/LambdaForm$DMH+0x0000000010374800
instanceKlass  @bci org/jetbrains/kotlin/backend/common/serialization/IrDeclarationDeserializer deserializeIrField (Lorg/jetbrains/kotlin/backend/common/serialization/proto/IrField;ZLjava/lang/Integer;Z)Lorg/jetbrains/kotlin/ir/declarations/IrField; 188 <appendix> form vmentry <vmtarget> ; # java/lang/invoke/LambdaForm$DMH+0x0000000010374400
instanceKlass  @bci org/jetbrains/kotlin/backend/common/serialization/IrDeclarationDeserializer deserializeIrField (Lorg/jetbrains/kotlin/backend/common/serialization/proto/IrField;ZLjava/lang/Integer;Z)Lorg/jetbrains/kotlin/ir/declarations/IrField; 188 <appendix> member <vmtarget> ; # org/jetbrains/kotlin/backend/common/serialization/IrDeclarationDeserializer$$Lambda+0x0000000010371028
instanceKlass  @cpi org/jetbrains/kotlin/backend/common/serialization/IrDeclarationDeserializer 765 form vmentry <vmtarget> ; # java/lang/invoke/LambdaForm$DMH+0x0000000010374000
instanceKlass  @bci org/jetbrains/kotlin/backend/common/serialization/IrDeclarationDeserializer deserializeIrField (Lorg/jetbrains/kotlin/backend/common/serialization/proto/IrField;ZLjava/lang/Integer;Z)Lorg/jetbrains/kotlin/ir/declarations/IrField; 170 <appendix> member <vmtarget> ; # org/jetbrains/kotlin/backend/common/serialization/IrDeclarationDeserializer$$Lambda+0x0000000010370df8
instanceKlass org/jetbrains/kotlin/backend/common/serialization/encodings/FieldFlags$Companion
instanceKlass org/jetbrains/kotlin/backend/common/serialization/encodings/FieldFlags
instanceKlass org/jetbrains/kotlin/ir/symbols/IrFieldSymbol
instanceKlass org/jetbrains/kotlin/mpp/FieldSymbolMarker
instanceKlass org/jetbrains/kotlin/backend/common/serialization/proto/FieldAccessCommonOrBuilder
instanceKlass org/jetbrains/kotlin/backend/common/serialization/proto/IrGetFieldOrBuilder
instanceKlass org/jetbrains/kotlin/ir/types/impl/IrTypeProjectionImpl
instanceKlass org/jetbrains/kotlin/ir/expressions/impl/IrConstructorCallImpl$Companion
instanceKlass org/jetbrains/kotlin/ir/expressions/IrConstKind
instanceKlass org/jetbrains/kotlin/ir/expressions/impl/IrConstImpl$Companion
instanceKlass org/jetbrains/kotlin/ir/expressions/impl/IrCallImpl$Companion
instanceKlass org/jetbrains/kotlin/backend/common/serialization/proto/IrGetValueOrBuilder
instanceKlass org/jetbrains/kotlin/backend/common/serialization/proto/IrCallOrBuilder
instanceKlass org/jetbrains/kotlin/backend/common/serialization/proto/IrReturnOrBuilder
instanceKlass  @bci org/jetbrains/kotlin/ir/declarations/IrFactoryHelpersKt createBlockBody (Lorg/jetbrains/kotlin/ir/declarations/IrFactory;IILjava/util/List;)Lorg/jetbrains/kotlin/ir/expressions/IrBlockBody; 16 <appendix> member <vmtarget> ; # org/jetbrains/kotlin/ir/declarations/IrFactoryHelpersKt$$Lambda+0x0000000010368ff8
instanceKlass org/jetbrains/kotlin/ir/expressions/IrStatementContainer
instanceKlass org/jetbrains/kotlin/ir/declarations/IrFactoryHelpersKt
instanceKlass org/jetbrains/kotlin/ir/expressions/impl/IrDelegatingConstructorCallImpl$Companion
instanceKlass org/jetbrains/kotlin/backend/common/serialization/proto/IrDynamicOperatorExpression$IrDynamicOperator$1
instanceKlass org/jetbrains/kotlin/backend/common/serialization/proto/IrTypeOperator$1
instanceKlass org/jetbrains/kotlin/backend/common/serialization/proto/IrSyntheticBodyKind$1
instanceKlass org/jetbrains/kotlin/backend/common/serialization/IrBodyDeserializer$WhenMappings
instanceKlass org/jetbrains/kotlin/backend/common/serialization/proto/IrInstanceInitializerCallOrBuilder
instanceKlass org/jetbrains/kotlin/backend/common/serialization/proto/IrDelegatingConstructorCallOrBuilder
instanceKlass org/jetbrains/kotlin/backend/common/serialization/proto/IrBlockBodyOrBuilder
instanceKlass org/jetbrains/kotlin/backend/common/serialization/proto/IrStatementOrBuilder
instanceKlass  @bci org/jetbrains/kotlin/backend/common/serialization/IrDeclarationDeserializer deserializeIrConstructor (Lorg/jetbrains/kotlin/backend/common/serialization/proto/IrConstructor;Ljava/lang/Integer;Z)Lorg/jetbrains/kotlin/ir/declarations/IrConstructor; 369 <adapter> ; # java/lang/invoke/LambdaForm$MH+0x0000000010364c00
# instanceKlass java/lang/invoke/LambdaForm$DMH+0x0000000010364800
instanceKlass  @bci org/jetbrains/kotlin/backend/common/serialization/IrDeclarationDeserializer deserializeIrConstructor (Lorg/jetbrains/kotlin/backend/common/serialization/proto/IrConstructor;Ljava/lang/Integer;Z)Lorg/jetbrains/kotlin/ir/declarations/IrConstructor; 369 <appendix> form vmentry <vmtarget> ; # java/lang/invoke/LambdaForm$DMH+0x0000000010364400
instanceKlass  @bci org/jetbrains/kotlin/backend/common/serialization/IrDeclarationDeserializer deserializeIrConstructor (Lorg/jetbrains/kotlin/backend/common/serialization/proto/IrConstructor;Ljava/lang/Integer;Z)Lorg/jetbrains/kotlin/ir/declarations/IrConstructor; 369 <appendix> member <vmtarget> ; # org/jetbrains/kotlin/backend/common/serialization/IrDeclarationDeserializer$$Lambda+0x00000000103605b0
instanceKlass  @cpi org/jetbrains/kotlin/backend/common/serialization/IrDeclarationDeserializer 761 form vmentry <vmtarget> ; # java/lang/invoke/LambdaForm$DMH+0x0000000010364000
instanceKlass  @bci org/jetbrains/kotlin/backend/common/serialization/IrDeclarationDeserializer deserializeIrConstructor (Lorg/jetbrains/kotlin/backend/common/serialization/proto/IrConstructor;Ljava/lang/Integer;Z)Lorg/jetbrains/kotlin/ir/declarations/IrConstructor; 353 <appendix> member <vmtarget> ; # org/jetbrains/kotlin/backend/common/serialization/IrDeclarationDeserializer$$Lambda+0x000000001035bdd0
instanceKlass org/jetbrains/kotlin/backend/common/serialization/proto/IrMissingExpressionOrBuilder
instanceKlass org/jetbrains/kotlin/backend/common/serialization/proto/IrConstructorCallOrBuilder
instanceKlass org/jetbrains/kotlin/backend/common/serialization/proto/IrConstructorOrBuilder
instanceKlass org/jetbrains/kotlin/backend/common/serialization/encodings/BinaryTypeProjection$Companion
instanceKlass org/jetbrains/kotlin/backend/common/serialization/encodings/BinaryTypeProjection
instanceKlass  @bci org/jetbrains/kotlin/backend/common/serialization/IrDeclarationDeserializer deserializeIrTypeParameter (Lorg/jetbrains/kotlin/backend/common/serialization/proto/IrTypeParameter;IZLjava/lang/Integer;Z)Lorg/jetbrains/kotlin/ir/declarations/IrTypeParameter; 99 <adapter> ; # java/lang/invoke/LambdaForm$MH+0x000000001035ac00
# instanceKlass java/lang/invoke/LambdaForm$DMH+0x000000001035a800
instanceKlass  @bci org/jetbrains/kotlin/backend/common/serialization/IrDeclarationDeserializer deserializeIrTypeParameter (Lorg/jetbrains/kotlin/backend/common/serialization/proto/IrTypeParameter;IZLjava/lang/Integer;Z)Lorg/jetbrains/kotlin/ir/declarations/IrTypeParameter; 99 <appendix> form vmentry <vmtarget> ; # java/lang/invoke/LambdaForm$DMH+0x000000001035a400
instanceKlass  @bci org/jetbrains/kotlin/backend/common/serialization/IrDeclarationDeserializer deserializeIrTypeParameter (Lorg/jetbrains/kotlin/backend/common/serialization/proto/IrTypeParameter;IZLjava/lang/Integer;Z)Lorg/jetbrains/kotlin/ir/declarations/IrTypeParameter; 99 <appendix> member <vmtarget> ; # org/jetbrains/kotlin/backend/common/serialization/IrDeclarationDeserializer$$Lambda+0x000000001035e5c8
instanceKlass  @cpi org/jetbrains/kotlin/backend/common/serialization/IrDeclarationDeserializer 774 form vmentry <vmtarget> ; # java/lang/invoke/LambdaForm$DMH+0x000000001035a000
instanceKlass  @bci org/jetbrains/kotlin/backend/common/serialization/IrDeclarationDeserializer deserializeIrTypeParameter (Lorg/jetbrains/kotlin/backend/common/serialization/proto/IrTypeParameter;IZLjava/lang/Integer;Z)Lorg/jetbrains/kotlin/ir/declarations/IrTypeParameter; 83 <appendix> member <vmtarget> ; # org/jetbrains/kotlin/backend/common/serialization/IrDeclarationDeserializer$$Lambda+0x000000001035e398
instanceKlass org/jetbrains/kotlin/backend/common/serialization/encodings/TypeParameterFlags$Companion
instanceKlass org/jetbrains/kotlin/backend/common/serialization/encodings/TypeParameterFlags
instanceKlass org/jetbrains/kotlin/backend/common/serialization/IrDeclarationDeserializer$withDeserializedIrFunctionBase$1$1$1$1
instanceKlass  @bci org/jetbrains/kotlin/backend/common/serialization/IrDeclarationDeserializer deserializeIrFunction$org_jetbrains_kotlin_ir_serialization_common (Lorg/jetbrains/kotlin/backend/common/serialization/proto/IrFunction;Ljava/lang/Integer;Z)Lorg/jetbrains/kotlin/ir/declarations/IrSimpleFunction; 359 <adapter> ; # java/lang/invoke/LambdaForm$MH+0x0000000010359c00
# instanceKlass java/lang/invoke/LambdaForm$DMH+0x0000000010359800
instanceKlass  @bci org/jetbrains/kotlin/backend/common/serialization/IrDeclarationDeserializer deserializeIrFunction$org_jetbrains_kotlin_ir_serialization_common (Lorg/jetbrains/kotlin/backend/common/serialization/proto/IrFunction;Ljava/lang/Integer;Z)Lorg/jetbrains/kotlin/ir/declarations/IrSimpleFunction; 359 <appendix> form vmentry <vmtarget> ; # java/lang/invoke/LambdaForm$DMH+0x0000000010359400
instanceKlass  @bci org/jetbrains/kotlin/backend/common/serialization/IrDeclarationDeserializer deserializeIrFunction$org_jetbrains_kotlin_ir_serialization_common (Lorg/jetbrains/kotlin/backend/common/serialization/proto/IrFunction;Ljava/lang/Integer;Z)Lorg/jetbrains/kotlin/ir/declarations/IrSimpleFunction; 359 <appendix> member <vmtarget> ; # org/jetbrains/kotlin/backend/common/serialization/IrDeclarationDeserializer$$Lambda+0x000000001035d498
instanceKlass  @cpi org/jetbrains/kotlin/backend/common/serialization/IrDeclarationDeserializer 768 form vmentry <vmtarget> ; # java/lang/invoke/LambdaForm$DMH+0x0000000010359000
instanceKlass  @bci org/jetbrains/kotlin/backend/common/serialization/IrDeclarationDeserializer deserializeIrFunction$org_jetbrains_kotlin_ir_serialization_common (Lorg/jetbrains/kotlin/backend/common/serialization/proto/IrFunction;Ljava/lang/Integer;Z)Lorg/jetbrains/kotlin/ir/declarations/IrSimpleFunction; 344 <appendix> member <vmtarget> ; # org/jetbrains/kotlin/backend/common/serialization/IrDeclarationDeserializer$$Lambda+0x000000001035d268
instanceKlass org/jetbrains/kotlin/backend/common/serialization/encodings/FunctionFlags$Companion
instanceKlass org/jetbrains/kotlin/backend/common/serialization/encodings/FunctionFlags
instanceKlass org/jetbrains/kotlin/ir/util/SymbolTableSlice$Scoped$SliceScope
instanceKlass org/jetbrains/kotlin/backend/common/serialization/proto/AccessorIdSignatureOrBuilder
instanceKlass  @bci org/jetbrains/kotlin/backend/common/serialization/IrDeclarationDeserializer deserializeIrProperty (Lorg/jetbrains/kotlin/backend/common/serialization/proto/IrProperty;Ljava/lang/Integer;Z)Lorg/jetbrains/kotlin/ir/declarations/IrProperty; 254 <adapter> ; # java/lang/invoke/LambdaForm$MH+0x0000000010358c00
# instanceKlass java/lang/invoke/LambdaForm$DMH+0x0000000010358800
instanceKlass  @bci org/jetbrains/kotlin/backend/common/serialization/IrDeclarationDeserializer deserializeIrProperty (Lorg/jetbrains/kotlin/backend/common/serialization/proto/IrProperty;Ljava/lang/Integer;Z)Lorg/jetbrains/kotlin/ir/declarations/IrProperty; 254 <appendix> form vmentry <vmtarget> ; # java/lang/invoke/LambdaForm$DMH+0x0000000010358400
instanceKlass  @bci org/jetbrains/kotlin/backend/common/serialization/IrDeclarationDeserializer deserializeIrProperty (Lorg/jetbrains/kotlin/backend/common/serialization/proto/IrProperty;Ljava/lang/Integer;Z)Lorg/jetbrains/kotlin/ir/declarations/IrProperty; 254 <appendix> member <vmtarget> ; # org/jetbrains/kotlin/backend/common/serialization/IrDeclarationDeserializer$$Lambda+0x0000000010355650
instanceKlass  @cpi org/jetbrains/kotlin/backend/common/serialization/IrDeclarationDeserializer 770 form vmentry <vmtarget> ; # java/lang/invoke/LambdaForm$DMH+0x0000000010358000
instanceKlass  @bci org/jetbrains/kotlin/backend/common/serialization/IrDeclarationDeserializer deserializeIrProperty (Lorg/jetbrains/kotlin/backend/common/serialization/proto/IrProperty;Ljava/lang/Integer;Z)Lorg/jetbrains/kotlin/ir/declarations/IrProperty; 239 <appendix> member <vmtarget> ; # org/jetbrains/kotlin/backend/common/serialization/IrDeclarationDeserializer$$Lambda+0x0000000010355420
instanceKlass org/jetbrains/kotlin/backend/common/serialization/encodings/PropertyFlags$Companion
instanceKlass org/jetbrains/kotlin/backend/common/serialization/encodings/PropertyFlags
instanceKlass org/jetbrains/kotlin/ir/symbols/IrPropertySymbol
instanceKlass org/jetbrains/kotlin/mpp/PropertySymbolMarker
instanceKlass org/jetbrains/kotlin/ir/symbols/IrDeclarationWithAccessorsSymbol
instanceKlass org/jetbrains/kotlin/backend/common/serialization/proto/IrFieldOrBuilder
instanceKlass org/jetbrains/kotlin/backend/common/serialization/proto/IrPropertyOrBuilder
instanceKlass org/jetbrains/kotlin/backend/common/serialization/encodings/BinaryNameAndType$Companion
instanceKlass org/jetbrains/kotlin/backend/common/serialization/encodings/BinaryNameAndType
instanceKlass org/jetbrains/kotlin/backend/common/serialization/encodings/ValueParameterFlags$Companion
instanceKlass org/jetbrains/kotlin/backend/common/serialization/encodings/ValueParameterFlags
instanceKlass  @bci org/jetbrains/kotlin/backend/common/serialization/IrDeclarationDeserializer deserializeIrClass (Lorg/jetbrains/kotlin/backend/common/serialization/proto/IrClass;Ljava/lang/Integer;Z)Lorg/jetbrains/kotlin/ir/declarations/IrClass; 473 <appendix> member <vmtarget> ; # org/jetbrains/kotlin/backend/common/serialization/IrDeclarationDeserializer$$Lambda+0x0000000010353360
instanceKlass  @bci org/jetbrains/kotlin/backend/common/serialization/IrDeclarationDeserializer deserializeIrClass (Lorg/jetbrains/kotlin/backend/common/serialization/proto/IrClass;Ljava/lang/Integer;Z)Lorg/jetbrains/kotlin/ir/declarations/IrClass; 462 <appendix> member <vmtarget> ; # org/jetbrains/kotlin/backend/common/serialization/IrDeclarationDeserializer$$Lambda+0x0000000010353130
instanceKlass org/jetbrains/kotlin/backend/common/serialization/proto/IrSimpleTypeOrBuilder
instanceKlass org/jetbrains/kotlin/backend/common/serialization/proto/IrTypeOrBuilder
instanceKlass org/jetbrains/kotlin/backend/common/serialization/encodings/BinaryFlagsKt
instanceKlass  @bci org/jetbrains/kotlin/backend/common/serialization/IrDeclarationDeserializer deserializeIrClass (Lorg/jetbrains/kotlin/backend/common/serialization/proto/IrClass;Ljava/lang/Integer;Z)Lorg/jetbrains/kotlin/ir/declarations/IrClass; 190 <adapter> ; # java/lang/invoke/LambdaForm$MH+0x0000000010354c00
# instanceKlass java/lang/invoke/LambdaForm$DMH+0x0000000010354800
instanceKlass  @bci org/jetbrains/kotlin/backend/common/serialization/IrDeclarationDeserializer deserializeIrClass (Lorg/jetbrains/kotlin/backend/common/serialization/proto/IrClass;Ljava/lang/Integer;Z)Lorg/jetbrains/kotlin/ir/declarations/IrClass; 190 <appendix> form vmentry <vmtarget> ; # java/lang/invoke/LambdaForm$DMH+0x0000000010354400
instanceKlass  @bci org/jetbrains/kotlin/backend/common/serialization/IrDeclarationDeserializer deserializeIrClass (Lorg/jetbrains/kotlin/backend/common/serialization/proto/IrClass;Ljava/lang/Integer;Z)Lorg/jetbrains/kotlin/ir/declarations/IrClass; 190 <appendix> member <vmtarget> ; # org/jetbrains/kotlin/backend/common/serialization/IrDeclarationDeserializer$$Lambda+0x0000000010350f20
instanceKlass  @cpi org/jetbrains/kotlin/backend/common/serialization/IrDeclarationDeserializer 757 form vmentry <vmtarget> ; # java/lang/invoke/LambdaForm$DMH+0x0000000010354000
instanceKlass  @bci org/jetbrains/kotlin/backend/common/serialization/IrDeclarationDeserializer deserializeIrClass (Lorg/jetbrains/kotlin/backend/common/serialization/proto/IrClass;Ljava/lang/Integer;Z)Lorg/jetbrains/kotlin/ir/declarations/IrClass; 173 <appendix> member <vmtarget> ; # org/jetbrains/kotlin/backend/common/serialization/IrDeclarationDeserializer$$Lambda+0x0000000010350cf0
instanceKlass org/jetbrains/kotlin/metadata/ProtoBuf$Type$Argument$Projection$1
instanceKlass org/jetbrains/kotlin/resolve/ReturnValueStatus$Companion
instanceKlass org/jetbrains/kotlin/serialization/deserialization/ProtoEnumFlags$WhenMappings
instanceKlass org/jetbrains/kotlin/metadata/ProtoBuf$MemberKind$1
instanceKlass org/jetbrains/kotlin/metadata/ProtoBuf$ReturnValueStatus$1
instanceKlass org/jetbrains/kotlin/metadata/ProtoBuf$Class$Kind$1
instanceKlass org/jetbrains/kotlin/metadata/ProtoBuf$Modality$1
instanceKlass org/jetbrains/kotlin/metadata/ProtoBuf$Visibility$1
instanceKlass org/jetbrains/kotlin/metadata/deserialization/Flags$FlagField
instanceKlass org/jetbrains/kotlin/metadata/deserialization/Flags
instanceKlass org/jetbrains/kotlin/serialization/deserialization/ProtoEnumFlags
instanceKlass org/jetbrains/kotlin/backend/common/serialization/encodings/ClassFlags$Companion
instanceKlass org/jetbrains/kotlin/backend/common/serialization/encodings/ClassFlags
instanceKlass kotlin/reflect/jvm/internal/impl/km/KmVersion
instanceKlass kotlin/reflect/jvm/internal/impl/metadata/deserialization/VersionRequirement$Companion$WhenMappings
instanceKlass kotlin/reflect/jvm/internal/impl/metadata/deserialization/VersionRequirement$Version$Companion
instanceKlass kotlin/reflect/jvm/internal/impl/metadata/deserialization/VersionRequirement$Version
instanceKlass kotlin/reflect/jvm/internal/impl/metadata/deserialization/VersionRequirement$Companion
instanceKlass kotlin/reflect/jvm/internal/impl/metadata/deserialization/VersionRequirement
instanceKlass kotlin/reflect/jvm/internal/impl/km/KmVersionRequirement
instanceKlass org/jetbrains/kotlin/ir/declarations/IrDeclarationOrigin$GeneratedByPlugin$Companion
instanceKlass org/jetbrains/kotlin/ir/declarations/IrDeclarationOrigin$GeneratedByPlugin
instanceKlass org/jetbrains/kotlin/backend/common/serialization/proto/IrSimpleTypeNullability$1
instanceKlass org/jetbrains/kotlin/backend/common/serialization/IrDeclarationDeserializer$WhenMappings
instanceKlass org/jetbrains/kotlin/backend/common/serialization/proto/IrInlineClassRepresentationOrBuilder
instanceKlass org/jetbrains/kotlin/backend/common/serialization/proto/IrClassOrBuilder
instanceKlass org/jetbrains/kotlin/ir/util/IrAnnotationArgsView
instanceKlass org/jetbrains/kotlin/ir/expressions/impl/IrAnnotationImpl$Companion
instanceKlass org/jetbrains/kotlin/ir/expressions/IrVarargElement
instanceKlass org/jetbrains/kotlin/types/model/AnnotationMarker
instanceKlass org/jetbrains/kotlin/ir/expressions/impl/BuildersKt
instanceKlass org/jetbrains/kotlin/ir/symbols/IrConstructorSymbol
instanceKlass org/jetbrains/kotlin/mpp/ConstructorSymbolMarker
instanceKlass org/jetbrains/kotlin/backend/common/serialization/encodings/IrElementCoordinates
instanceKlass org/jetbrains/kotlin/backend/common/serialization/encodings/BinaryLattice$Companion
instanceKlass org/jetbrains/kotlin/backend/common/serialization/encodings/BinaryLattice
instanceKlass org/jetbrains/kotlin/backend/common/serialization/encodings/BinaryCoordinatesEncoding
instanceKlass  @bci org/jetbrains/kotlin/backend/common/serialization/IrBodyDeserializer$IrAnnotationType <init> ()V 6 <appendix> member <vmtarget> ; # org/jetbrains/kotlin/backend/common/serialization/IrBodyDeserializer$IrAnnotationType$$Lambda+0x0000000010342580
instanceKlass org/jetbrains/kotlin/backend/common/serialization/IrModuleDeserializerKt
instanceKlass org/jetbrains/kotlin/ir/util/DeclarationStubGenerator
instanceKlass org/jetbrains/kotlin/ir/util/ExternalDependenciesGenerator
instanceKlass org/jetbrains/kotlin/ir/IrBuiltInsOverSymbolFinder$special$$inlined$functionSymbolAssociatedBy$default$5
instanceKlass org/jetbrains/kotlin/ir/IrBuiltInsOverSymbolFinder$special$$inlined$functionSymbolAssociatedBy$default$4
instanceKlass org/jetbrains/kotlin/ir/IrBuiltInsOverSymbolFinder$special$$inlined$functionSymbolAssociatedBy$default$3
instanceKlass org/jetbrains/kotlin/ir/IrBuiltInsOverSymbolFinder$special$$inlined$functionSymbolAssociatedBy$default$2
instanceKlass org/jetbrains/kotlin/ir/IrBuiltInsOverSymbolFinder$special$$inlined$functionSymbolAssociatedBy$default$1
instanceKlass org/jetbrains/kotlin/backend/common/serialization/IrFileDeserializerImpl$WhenMappings
instanceKlass org/jetbrains/kotlin/backend/common/serialization/proto/IrTypeParameterOrBuilder
instanceKlass org/jetbrains/kotlin/backend/common/serialization/proto/IrValueParameterOrBuilder
instanceKlass org/jetbrains/kotlin/backend/common/serialization/proto/IrDeclarationBaseOrBuilder
instanceKlass org/jetbrains/kotlin/backend/common/serialization/proto/IrFunctionBaseOrBuilder
instanceKlass org/jetbrains/kotlin/backend/common/serialization/proto/IrFunctionOrBuilder
instanceKlass org/jetbrains/kotlin/backend/common/serialization/proto/IrDeclarationOrBuilder
instanceKlass org/jetbrains/kotlin/library/impl/DeclarationCoordinates
instanceKlass org/jetbrains/kotlin/library/impl/DeclarationId
instanceKlass org/jetbrains/kotlin/library/impl/DeclarationIdMultiTableReader
instanceKlass org/jetbrains/kotlin/resolve/ArrayFqNames
instanceKlass org/jetbrains/kotlin/ir/IrBuiltInsOverSymbolFinder$special$$inlined$functionSymbol$4
instanceKlass org/jetbrains/kotlin/ir/IrBuiltInsOverSymbolFinder$special$$inlined$functionSymbol$3
instanceKlass org/jetbrains/kotlin/ir/IrBuiltInsOverSymbolFinder$special$$inlined$functionSymbol$2
instanceKlass org/jetbrains/kotlin/ir/IrBuiltInsOverSymbolFinder$special$$inlined$functionSymbol$1
instanceKlass  @bci org/jetbrains/kotlin/ir/SymbolFinderKt functionSymbol (Lorg/jetbrains/kotlin/ir/SymbolFinderHolder;Lorg/jetbrains/kotlin/name/CallableId;)Lkotlin/Lazy; 20 <appendix> member <vmtarget> ; # org/jetbrains/kotlin/ir/SymbolFinderKt$$Lambda+0x000000001033afc8
instanceKlass  @bci org/jetbrains/kotlin/ir/SymbolFinderKt functionSymbols (Lorg/jetbrains/kotlin/ir/SymbolFinderHolder;Lorg/jetbrains/kotlin/name/CallableId;)Lkotlin/Lazy; 53 <appendix> member <vmtarget> ; # org/jetbrains/kotlin/ir/SymbolFinderKt$$Lambda+0x000000001033ad98
instanceKlass org/jetbrains/kotlin/util/OperatorNameConventions
instanceKlass org/jetbrains/kotlin/ir/symbols/FqNameEqualityChecker
instanceKlass org/jetbrains/kotlin/ir/symbols/IrClassifierEqualityChecker
instanceKlass  @bci org/jetbrains/kotlin/ir/IrBuiltInsOverSymbolFinder <init> (Lorg/jetbrains/kotlin/ir/SymbolFinder;)V 383 <appendix> member <vmtarget> ; # org/jetbrains/kotlin/ir/IrBuiltInsOverSymbolFinder$$Lambda+0x0000000010339520
instanceKlass  @bci org/jetbrains/kotlin/ir/IrBuiltInsOverSymbolFinder <init> (Lorg/jetbrains/kotlin/ir/SymbolFinder;)V 353 <appendix> member <vmtarget> ; # org/jetbrains/kotlin/ir/IrBuiltInsOverSymbolFinder$$Lambda+0x00000000103392f0
instanceKlass  @bci org/jetbrains/kotlin/ir/IrBuiltInsOverSymbolFinder <init> (Lorg/jetbrains/kotlin/ir/SymbolFinder;)V 323 <appendix> member <vmtarget> ; # org/jetbrains/kotlin/ir/IrBuiltInsOverSymbolFinder$$Lambda+0x00000000103390c0
instanceKlass  @bci org/jetbrains/kotlin/ir/IrBuiltInsOverSymbolFinder <init> (Lorg/jetbrains/kotlin/ir/SymbolFinder;)V 293 <appendix> member <vmtarget> ; # org/jetbrains/kotlin/ir/IrBuiltInsOverSymbolFinder$$Lambda+0x0000000010338e90
instanceKlass org/jetbrains/kotlin/backend/common/serialization/IrSymbolDeserializerKt$WhenMappings
instanceKlass org/jetbrains/kotlin/backend/common/serialization/IrSymbolDeserializerKt
instanceKlass org/jetbrains/kotlin/backend/common/serialization/KotlinIrLinker$WhenMappings
instanceKlass org/jetbrains/kotlin/backend/common/serialization/FunctionalInterfacesUtilsKt
instanceKlass org/jetbrains/kotlin/ir/SymbolFinderKt
instanceKlass org/jetbrains/kotlin/ir/SymbolFinder
instanceKlass org/jetbrains/kotlin/backend/common/IrModuleDependencies
instanceKlass  @bci org/jetbrains/kotlin/ir/backend/js/KlibKt deserializeDependencies (Lorg/jetbrains/kotlin/backend/common/LoadedKlibs;Lorg/jetbrains/kotlin/ir/backend/js/lower/serialization/ir/JsIrLinker;Ljava/util/Set;Lkotlin/jvm/functions/Function1;)Lorg/jetbrains/kotlin/backend/common/IrModuleDependencies; 190 <appendix> argL0 ; # org/jetbrains/kotlin/ir/backend/js/KlibKt$$Lambda+0x0000000010336810
instanceKlass org/jetbrains/kotlin/backend/common/serialization/KotlinIrLinkerKt
instanceKlass org/jetbrains/kotlin/utils/CollectionUtilKt
instanceKlass  @bci org/jetbrains/kotlin/backend/common/serialization/IrModuleDeserializerWithBuiltIns <init> (Lorg/jetbrains/kotlin/ir/util/SymbolTable;Lorg/jetbrains/kotlin/ir/util/KotlinMangler$IrMangler;Lkotlin/jvm/functions/Function2;Lorg/jetbrains/kotlin/backend/common/serialization/IrModuleDeserializer;)V 519 <appendix> member <vmtarget> ; # org/jetbrains/kotlin/backend/common/serialization/IrModuleDeserializerWithBuiltIns$$Lambda+0x00000000103361c0
instanceKlass org/jetbrains/kotlin/ir/util/IrUtilsKt
instanceKlass  @bci org/jetbrains/kotlin/ir/IrBasedFunctionFactory <init> (Lorg/jetbrains/kotlin/ir/declarations/IrModuleFragment;Lorg/jetbrains/kotlin/ir/symbols/IrClassSymbol;Lorg/jetbrains/kotlin/ir/symbols/IrClassSymbol;Lorg/jetbrains/kotlin/ir/symbols/IrClassSymbol;Lorg/jetbrains/kotlin/ir/util/SymbolTable;Lkotlin/jvm/functions/Function1;Lkotlin/jvm/functions/Function2;)V 126 <appendix> member <vmtarget> ; # org/jetbrains/kotlin/ir/IrBasedFunctionFactory$$Lambda+0x0000000010335d80
instanceKlass  @bci org/jetbrains/kotlin/ir/IrBasedFunctionFactory <init> (Lorg/jetbrains/kotlin/ir/declarations/IrModuleFragment;Lorg/jetbrains/kotlin/ir/symbols/IrClassSymbol;Lorg/jetbrains/kotlin/ir/symbols/IrClassSymbol;Lorg/jetbrains/kotlin/ir/symbols/IrClassSymbol;Lorg/jetbrains/kotlin/ir/util/SymbolTable;Lkotlin/jvm/functions/Function1;Lkotlin/jvm/functions/Function2;)V 113 <appendix> member <vmtarget> ; # org/jetbrains/kotlin/ir/IrBasedFunctionFactory$$Lambda+0x0000000010335b50
instanceKlass  @bci org/jetbrains/kotlin/ir/IrBasedFunctionFactory <init> (Lorg/jetbrains/kotlin/ir/declarations/IrModuleFragment;Lorg/jetbrains/kotlin/ir/symbols/IrClassSymbol;Lorg/jetbrains/kotlin/ir/symbols/IrClassSymbol;Lorg/jetbrains/kotlin/ir/symbols/IrClassSymbol;Lorg/jetbrains/kotlin/ir/util/SymbolTable;Lkotlin/jvm/functions/Function1;Lkotlin/jvm/functions/Function2;)V 100 <appendix> member <vmtarget> ; # org/jetbrains/kotlin/ir/IrBasedFunctionFactory$$Lambda+0x0000000010335920
instanceKlass org/jetbrains/kotlin/ir/IrBasedFunctionFactory$Companion
instanceKlass org/jetbrains/kotlin/ir/IrAbstractFunctionFactory$Companion
instanceKlass org/jetbrains/kotlin/ir/IrAbstractFunctionFactory
instanceKlass  @bci org/jetbrains/kotlin/backend/common/serialization/mangle/BaseKotlinMangleComputer mangleTypeParameter (Ljava/lang/StringBuilder;Lorg/jetbrains/kotlin/types/model/TypeParameterMarker;ILjava/lang/Object;)V 55 <appendix> member <vmtarget> ; # org/jetbrains/kotlin/backend/common/serialization/mangle/BaseKotlinMangleComputer$$Lambda+0x0000000010334a08
instanceKlass org/jetbrains/kotlin/ir/symbols/IrSimpleFunctionSymbol
instanceKlass org/jetbrains/kotlin/mpp/SimpleFunctionSymbolMarker
instanceKlass org/jetbrains/kotlin/ir/symbols/IrFunctionSymbol
instanceKlass org/jetbrains/kotlin/ir/symbols/IrReturnTargetSymbol
instanceKlass kotlin/ULong$Companion
instanceKlass kotlin/ULong
instanceKlass org/jetbrains/kotlin/backend/common/serialization/CityHashKt
instanceKlass org/jetbrains/kotlin/ir/types/IdSignatureValues
instanceKlass  @bci org/jetbrains/kotlin/backend/common/serialization/mangle/BaseKotlinMangleComputer mangleSignature (Ljava/lang/Object;ZZLjava/lang/Object;Ljava/lang/Object;)V 274 <appendix> member <vmtarget> ; # org/jetbrains/kotlin/backend/common/serialization/mangle/BaseKotlinMangleComputer$$Lambda+0x0000000010332c28
instanceKlass org/jetbrains/kotlin/ir/types/IrTypePredicatesKt
instanceKlass org/jetbrains/kotlin/backend/common/serialization/mangle/ir/IrMangleComputer$getTypeSystemContext$1
instanceKlass org/jetbrains/kotlin/ir/types/IrTypeSystemContext
instanceKlass org/jetbrains/kotlin/types/model/TypeSystemCommonSuperTypesContext
instanceKlass org/jetbrains/kotlin/types/model/TypeSystemTypeFactoryContext
instanceKlass org/jetbrains/kotlin/types/model/TypeSystemBuiltInsContext
instanceKlass org/jetbrains/kotlin/types/model/TypeCheckerProviderContext
instanceKlass org/jetbrains/kotlin/types/TypeSystemCommonBackendContext
instanceKlass org/jetbrains/kotlin/types/model/TypeSystemContext
instanceKlass org/jetbrains/kotlin/types/model/TypeSystemOptimizationContext
instanceKlass org/jetbrains/kotlin/backend/common/serialization/mangle/MangleUtilsKt
instanceKlass  @bci org/jetbrains/kotlin/backend/common/serialization/mangle/BaseKotlinMangleComputer mangleSignature (Ljava/lang/Object;ZZLjava/lang/Object;Ljava/lang/Object;)V 249 <appendix> member <vmtarget> ; # org/jetbrains/kotlin/backend/common/serialization/mangle/BaseKotlinMangleComputer$$Lambda+0x000000001032f6d8
instanceKlass org/jetbrains/kotlin/backend/common/serialization/mangle/MangleConstant$Companion
instanceKlass org/jetbrains/kotlin/backend/common/serialization/mangle/PlatformSpecificFunctionNameMangleComputer$Default
instanceKlass org/jetbrains/kotlin/backend/common/serialization/mangle/PlatformSpecificFunctionNameMangleComputer
instanceKlass org/jetbrains/kotlin/backend/common/serialization/mangle/BaseKotlinMangleComputer
instanceKlass org/jetbrains/kotlin/backend/common/serialization/mangle/KotlinMangleComputer
instanceKlass org/jetbrains/kotlin/ir/visitors/IrVisitorsKt
instanceKlass org/jetbrains/kotlin/utils/addToStdlib/AddToStdlibKt
instanceKlass org/jetbrains/kotlin/ir/declarations/IrValueDeclaration
instanceKlass org/jetbrains/kotlin/ir/symbols/IrValueParameterSymbol
instanceKlass org/jetbrains/kotlin/ir/symbols/IrValueSymbol
instanceKlass org/jetbrains/kotlin/ir/builders/IrElementBuilder
instanceKlass org/jetbrains/kotlin/ir/builders/declarations/DeclarationBuildersKt
instanceKlass org/jetbrains/kotlin/ir/declarations/IrReturnTarget
instanceKlass org/jetbrains/kotlin/ir/declarations/IrMemberWithContainerSource
instanceKlass org/jetbrains/kotlin/descriptors/Modality$Companion
instanceKlass org/jetbrains/kotlin/cli/common/ModuleVisibilityHelperImpl
instanceKlass org/jetbrains/kotlin/descriptors/DescriptorVisibilities$12
instanceKlass org/jetbrains/kotlin/descriptors/DescriptorVisibilities$11
instanceKlass org/jetbrains/kotlin/descriptors/DescriptorVisibilities$10
instanceKlass org/jetbrains/kotlin/util/ModuleVisibilityHelper
instanceKlass org/jetbrains/kotlin/resolve/scopes/receivers/ReceiverValue
instanceKlass org/jetbrains/kotlin/resolve/scopes/receivers/Receiver
instanceKlass org/jetbrains/kotlin/descriptors/DescriptorVisibility
instanceKlass org/jetbrains/kotlin/descriptors/Visibility
instanceKlass org/jetbrains/kotlin/descriptors/DescriptorVisibilities
instanceKlass  @bci org/jetbrains/kotlin/ir/declarations/IrDeclarationOriginImpl$Synthetic provideDelegate (Ljava/lang/Object;Lkotlin/reflect/KProperty;)Lkotlin/Lazy; 7 <appendix> member <vmtarget> ; # org/jetbrains/kotlin/ir/declarations/IrDeclarationOriginImpl$Synthetic$$Lambda+0x0000000010323de0
instanceKlass org/jetbrains/kotlin/ir/declarations/IrDeclarationOriginImpl$Synthetic
instanceKlass  @bci org/jetbrains/kotlin/ir/declarations/IrDeclarationOriginImpl$Regular provideDelegate (Ljava/lang/Object;Lkotlin/reflect/KProperty;)Lkotlin/Lazy; 7 <appendix> member <vmtarget> ; # org/jetbrains/kotlin/ir/declarations/IrDeclarationOriginImpl$Regular$$Lambda+0x00000000103239a0
instanceKlass org/jetbrains/kotlin/ir/declarations/IrDeclarationOriginImpl$Regular
instanceKlass org/jetbrains/kotlin/ir/declarations/IrDeclarationOrigin$Companion
instanceKlass org/jetbrains/kotlin/ir/declarations/IrDeclarationOriginImpl
instanceKlass org/jetbrains/kotlin/ir/declarations/IrDeclarationOrigin
instanceKlass org/jetbrains/kotlin/ir/IrBuiltIns$Companion
instanceKlass org/jetbrains/kotlin/ir/IrBuiltIns
instanceKlass org/jetbrains/kotlin/ir/SymbolFinderHolder
instanceKlass org/jetbrains/kotlin/name/StandardClassIds$Annotations
instanceKlass org/jetbrains/kotlin/types/model/CapturedTypeMarker
instanceKlass org/jetbrains/kotlin/ir/types/impl/IrSimpleTypeBuilder
instanceKlass org/jetbrains/kotlin/ir/symbols/IrExternalPackageFragmentSymbol
instanceKlass org/jetbrains/kotlin/ir/descriptors/IrBuiltinsPackageFragmentDescriptorImpl
instanceKlass org/jetbrains/kotlin/ir/IrSyntheticProvider$Companion
instanceKlass org/jetbrains/kotlin/ir/IrSyntheticProvider
instanceKlass  @bci org/jetbrains/kotlin/backend/common/serialization/KotlinIrLinker maybeWrapWithBuiltIn (Lorg/jetbrains/kotlin/descriptors/ModuleDescriptor;Lorg/jetbrains/kotlin/backend/common/serialization/IrModuleDeserializer;)Lorg/jetbrains/kotlin/backend/common/serialization/IrModuleDeserializer; 22 <appendix> member <vmtarget> ; # org/jetbrains/kotlin/backend/common/serialization/KotlinIrLinker$$Lambda+0x00000000103206f8
instanceKlass org/jetbrains/kotlin/backend/common/serialization/proto/IrClassReferenceOrBuilder
instanceKlass org/jetbrains/kotlin/backend/common/serialization/proto/LocalSignatureOrBuilder
instanceKlass org/jetbrains/kotlin/backend/common/serialization/encodings/BinarySymbolData$Companion
instanceKlass org/jetbrains/kotlin/backend/common/serialization/encodings/BinarySymbolData
instanceKlass org/jetbrains/kotlin/backend/common/serialization/proto/IrConstOrBuilder
instanceKlass org/jetbrains/kotlin/backend/common/serialization/proto/IrVarargElementOrBuilder
instanceKlass org/jetbrains/kotlin/backend/common/serialization/proto/IrVarargOrBuilder
instanceKlass org/jetbrains/kotlin/name/SpecialNames
instanceKlass org/jetbrains/kotlin/name/CallableId$Companion
instanceKlass org/jetbrains/kotlin/name/CallableId
instanceKlass org/jetbrains/kotlin/backend/common/serialization/proto/FileSignatureOrBuilder
instanceKlass org/jetbrains/kotlin/backend/common/serialization/proto/CompositeSignatureOrBuilder
instanceKlass org/jetbrains/kotlin/backend/common/serialization/IdSignatureDeserializer$WhenMappings
instanceKlass org/jetbrains/kotlin/backend/common/serialization/proto/CommonIdSignatureOrBuilder
instanceKlass org/jetbrains/kotlin/backend/common/serialization/proto/IdSignatureOrBuilder
instanceKlass org/jetbrains/kotlin/backend/common/serialization/IrFileDeserializer
instanceKlass org/jetbrains/kotlin/types/model/DynamicTypeMarker
instanceKlass org/jetbrains/kotlin/types/model/FlexibleTypeMarker
instanceKlass kotlin/reflect/jvm/internal/calls/CallerKt
instanceKlass kotlin/reflect/jvm/internal/impl/km/jvm/internal/JvmFunctionExtension$Companion
instanceKlass kotlin/reflect/jvm/internal/impl/km/jvm/internal/JvmFunctionExtension
instanceKlass kotlin/reflect/jvm/internal/impl/km/internal/extensions/KmFunctionExtension
instanceKlass kotlin/reflect/jvm/internal/impl/km/KmTypeProjection$Companion
instanceKlass kotlin/reflect/jvm/internal/impl/km/KmTypeProjection
instanceKlass kotlin/reflect/jvm/internal/impl/metadata/ProtoBuf$Expression$ConstantValue$1
instanceKlass kotlin/reflect/jvm/internal/impl/metadata/ProtoBuf$Effect$InvocationKind$1
instanceKlass kotlin/reflect/jvm/internal/impl/metadata/ProtoBuf$Effect$EffectType$1
instanceKlass kotlin/reflect/jvm/internal/impl/km/internal/ReadersKt$WhenMappings
instanceKlass kotlin/reflect/KTypeProjection$Companion
instanceKlass kotlin/reflect/KTypeProjection
instanceKlass kotlin/reflect/jvm/internal/types/KTypeSubstitutor$Companion
instanceKlass kotlin/reflect/jvm/internal/types/KTypeSubstitutor
instanceKlass kotlin/reflect/jvm/internal/DescriptorKProperty$$Lambda$2
instanceKlass kotlin/reflect/jvm/internal/ReflectKPropertyKt
instanceKlass kotlin/reflect/jvm/internal/impl/km/KmEffectExpression
instanceKlass kotlin/reflect/jvm/internal/impl/km/KmTypeParameter
instanceKlass kotlin/reflect/jvm/internal/impl/km/internal/EnumFlagDelegate
instanceKlass kotlin/reflect/jvm/internal/impl/km/KmTypeAlias
instanceKlass kotlin/reflect/jvm/internal/impl/km/KmValueParameter
instanceKlass kotlin/reflect/jvm/internal/impl/km/KmFunction
instanceKlass kotlin/reflect/jvm/internal/impl/km/Attributes
instanceKlass kotlin/reflect/jvm/internal/impl/types/IntersectionTypeConstructor
instanceKlass kotlin/reflect/jvm/internal/impl/types/model/IntersectionTypeConstructorMarker
instanceKlass kotlin/reflect/jvm/internal/impl/types/checker/NewTypeVariableConstructor
instanceKlass kotlin/reflect/jvm/internal/impl/types/SpecialTypesKt
instanceKlass kotlin/reflect/jvm/internal/impl/types/FlexibleTypesKt
instanceKlass kotlin/reflect/jvm/internal/types/DescriptorKType$$Lambda$2
instanceKlass kotlin/reflect/jvm/internal/types/DescriptorKType$$Lambda$1
instanceKlass kotlin/reflect/jvm/internal/types/DescriptorKType$$Lambda$0
instanceKlass kotlin/reflect/jvm/internal/DescriptorKParameter$$Lambda$1
instanceKlass kotlin/reflect/jvm/internal/impl/types/CustomTypeParameter
instanceKlass kotlin/reflect/jvm/internal/types/AbstractKType
instanceKlass kotlin/reflect/jvm/internal/impl/types/model/DefinitelyNotNullTypeMarker
instanceKlass kotlin/jvm/internal/KTypeBase
instanceKlass kotlin/reflect/jvm/internal/calls/ValueClassAwareCallerKt
instanceKlass kotlin/reflect/jvm/internal/calls/CallerImpl$Companion
instanceKlass kotlin/reflect/jvm/internal/calls/CallerImpl
instanceKlass kotlin/reflect/jvm/internal/calls/Caller
instanceKlass kotlin/reflect/jvm/internal/FunctionJvmDescriptorLoaded
instanceKlass kotlin/reflect/jvm/internal/FunctionJvmDescriptor
instanceKlass kotlin/reflect/jvm/internal/DescriptorKPropertyKt
instanceKlass kotlin/reflect/jvm/internal/DescriptorKProperty$Getter$$Lambda$1
instanceKlass kotlin/reflect/jvm/internal/DescriptorKProperty$Getter$$Lambda$0
instanceKlass kotlin/reflect/KProperty1$Getter
instanceKlass org/jetbrains/kotlin/ir/expressions/IrStatementOriginImpl$Companion
instanceKlass kotlin/properties/PropertyDelegateProvider
instanceKlass kotlin/reflect/jvm/internal/DescriptorKParameter$$Lambda$0
instanceKlass kotlin/reflect/jvm/internal/ReflectKParameter$$Lambda$0
instanceKlass kotlin/reflect/jvm/internal/DescriptorKCallable$$Lambda$5
instanceKlass kotlin/reflect/jvm/internal/ReflectKParameter
instanceKlass kotlin/reflect/KParameter
instanceKlass kotlin/reflect/jvm/internal/ReflectKFunction
instanceKlass kotlin/reflect/jvm/internal/FunctionWithAllInvokes
instanceKlass  @bci kotlin/comparisons/ComparisonsKt__ComparisonsKt compareBy ([Lkotlin/jvm/functions/Function1;)Ljava/util/Comparator; 35 <appendix> member <vmtarget> ; # kotlin/comparisons/ComparisonsKt__ComparisonsKt$$Lambda+0x0000000010300840
instanceKlass kotlin/comparisons/ComparisonsKt__ComparisonsKt
instanceKlass kotlin/reflect/jvm/internal/FakeOverridesKt$$Lambda$1
instanceKlass kotlin/reflect/jvm/internal/FakeOverridesKt$$Lambda$0
instanceKlass kotlin/reflect/jvm/internal/FakeOverridesKt
instanceKlass kotlin/reflect/jvm/internal/impl/descriptors/impl/FunctionDescriptorImpl$CopyConfiguration
instanceKlass kotlin/reflect/jvm/internal/impl/builtins/jvm/JvmBuiltInsCustomizer$$Lambda$4
instanceKlass kotlin/reflect/jvm/internal/impl/builtins/jvm/CloneableClassScope$Companion
instanceKlass kotlin/reflect/jvm/internal/impl/name/CallableId$Companion
instanceKlass kotlin/reflect/jvm/internal/impl/name/CallableId
instanceKlass kotlin/reflect/jvm/internal/impl/serialization/deserialization/SuspendFunctionTypeUtilKt
instanceKlass kotlin/reflect/jvm/internal/impl/builtins/jvm/JvmBuiltIns$Settings
instanceKlass kotlin/reflect/jvm/internal/impl/resolve/MemberComparator$NameAndTypeMemberComparator
instanceKlass org/jetbrains/kotlin/ir/expressions/IrStatementOriginImpl
instanceKlass kotlin/reflect/jvm/internal/impl/resolve/scopes/MemberScope$Companion$$Lambda$0
instanceKlass kotlin/reflect/jvm/internal/impl/resolve/scopes/MemberScope$Companion
instanceKlass kotlin/reflect/jvm/internal/impl/resolve/scopes/ResolutionScope$DefaultImpls
instanceKlass kotlin/reflect/jvm/internal/impl/descriptors/impl/DeclarationDescriptorVisitorEmptyBodies
instanceKlass kotlin/reflect/jvm/internal/impl/km/jvm/internal/JvmPropertyExtension$Companion
instanceKlass kotlin/reflect/jvm/internal/impl/km/jvm/internal/JvmPropertyExtension
instanceKlass kotlin/reflect/jvm/internal/impl/km/internal/extensions/KmPropertyExtension
instanceKlass kotlin/reflect/jvm/internal/impl/km/KmPropertyAccessorAttributes
instanceKlass kotlin/reflect/jvm/internal/impl/km/internal/BooleanFlagDelegate
instanceKlass kotlin/reflect/jvm/internal/impl/km/internal/FlagDelegatesImplKt
instanceKlass kotlin/reflect/jvm/internal/impl/km/internal/FlagImpl
instanceKlass kotlin/reflect/jvm/internal/impl/km/KmProperty
instanceKlass kotlin/reflect/jvm/internal/impl/km/jvm/JvmMemberSignature
instanceKlass kotlin/reflect/jvm/internal/impl/km/jvm/JvmMemberSignatureKt
instanceKlass kotlin/reflect/jvm/internal/impl/km/jvm/internal/JvmConstructorExtension$Companion
instanceKlass kotlin/reflect/jvm/internal/impl/km/jvm/internal/JvmConstructorExtension
instanceKlass kotlin/reflect/jvm/internal/impl/km/internal/extensions/KmConstructorExtension
instanceKlass kotlin/reflect/jvm/internal/impl/km/KmConstructor
instanceKlass kotlin/reflect/jvm/internal/impl/km/internal/extensions/ExtensionNodesKt
instanceKlass kotlin/reflect/jvm/internal/impl/km/jvm/internal/JvmExtensionNodesKt
instanceKlass kotlin/reflect/jvm/internal/impl/km/KmClassifier
instanceKlass kotlin/reflect/jvm/internal/impl/km/jvm/internal/JvmTypeExtension$Companion
instanceKlass kotlin/reflect/jvm/internal/impl/km/jvm/internal/JvmTypeExtension
instanceKlass kotlin/reflect/jvm/internal/impl/km/internal/extensions/KmTypeExtension
instanceKlass kotlin/reflect/jvm/internal/impl/km/KmType
instanceKlass kotlin/reflect/jvm/internal/impl/km/internal/ReadUtilsKt
instanceKlass kotlin/reflect/jvm/internal/impl/km/internal/ReadContext
instanceKlass kotlin/reflect/jvm/internal/impl/km/internal/extensions/KmExtensionType
instanceKlass kotlin/reflect/jvm/internal/impl/km/jvm/internal/JvmClassExtension$Companion
instanceKlass kotlin/reflect/jvm/internal/impl/km/jvm/internal/JvmClassExtension
instanceKlass kotlin/reflect/jvm/internal/impl/km/internal/extensions/KmClassExtension
instanceKlass kotlin/reflect/jvm/internal/impl/km/internal/extensions/KmExtension
instanceKlass kotlin/reflect/jvm/internal/impl/km/jvm/internal/JvmMetadataExtensions
instanceKlass kotlin/reflect/jvm/internal/impl/km/internal/extensions/MetadataExtensions$Companion$$Lambda$0
instanceKlass kotlin/reflect/jvm/internal/impl/km/internal/extensions/MetadataExtensions$Companion
instanceKlass kotlin/reflect/jvm/internal/impl/km/internal/extensions/MetadataExtensions
instanceKlass kotlin/reflect/jvm/internal/impl/km/KmClass
instanceKlass kotlin/reflect/jvm/internal/impl/km/KmDeclarationContainer
instanceKlass kotlin/reflect/jvm/internal/impl/km/internal/ReadersKt
instanceKlass kotlin/reflect/jvm/internal/impl/load/kotlin/KotlinClassFinderKt
instanceKlass kotlin/reflect/jvm/internal/impl/metadata/ProtoBuf$VersionRequirement$VersionKind$1
instanceKlass kotlin/reflect/jvm/internal/impl/metadata/ProtoBuf$VersionRequirement$Level$1
instanceKlass kotlin/reflect/jvm/internal/impl/metadata/ProtoBuf$VersionRequirementOrBuilder
instanceKlass org/jetbrains/kotlin/ir/expressions/IrStatementOrigin
instanceKlass kotlin/reflect/full/KClasses
instanceKlass org/jetbrains/kotlin/ir/expressions/IrStatementOrigin$Companion
instanceKlass org/jetbrains/kotlin/backend/common/serialization/IrBodyDeserializer$Companion
instanceKlass org/jetbrains/kotlin/backend/common/serialization/IrBodyDeserializer
instanceKlass  @bci org/jetbrains/kotlin/backend/common/serialization/IrDeclarationDeserializer <clinit> ()V 11 <appendix> argL0 ; # org/jetbrains/kotlin/backend/common/serialization/IrDeclarationDeserializer$$Lambda+0x00000000102f6f98
instanceKlass org/jetbrains/kotlin/backend/common/serialization/IrDeclarationDeserializer$Companion
instanceKlass org/jetbrains/kotlin/backend/common/serialization/IrDeclarationDeserializer
instanceKlass  @bci org/jetbrains/kotlin/backend/common/serialization/FileDeserializationStateImpl <init> (Lorg/jetbrains/kotlin/backend/common/serialization/KotlinIrLinker;ILorg/jetbrains/kotlin/ir/declarations/IrFile;Lorg/jetbrains/kotlin/backend/common/serialization/IrLibraryFileFromBytes;Lorg/jetbrains/kotlin/backend/common/serialization/proto/IrFile;Lorg/jetbrains/kotlin/backend/common/serialization/IrDeserializationSettings;Lorg/jetbrains/kotlin/backend/common/serialization/IrModuleDeserializer;)V 290 <appendix> member <vmtarget> ; # org/jetbrains/kotlin/backend/common/serialization/FileDeserializationStateImpl$$Lambda+0x00000000102f66d8
instanceKlass  @bci org/jetbrains/kotlin/backend/common/serialization/FileDeserializationStateImpl <init> (Lorg/jetbrains/kotlin/backend/common/serialization/KotlinIrLinker;ILorg/jetbrains/kotlin/ir/declarations/IrFile;Lorg/jetbrains/kotlin/backend/common/serialization/IrLibraryFileFromBytes;Lorg/jetbrains/kotlin/backend/common/serialization/proto/IrFile;Lorg/jetbrains/kotlin/backend/common/serialization/IrDeserializationSettings;Lorg/jetbrains/kotlin/backend/common/serialization/IrModuleDeserializer;)V 237 <appendix> member <vmtarget> ; # org/jetbrains/kotlin/backend/common/serialization/FileDeserializationStateImpl$$Lambda+0x00000000102f64a8
instanceKlass  @bci org/jetbrains/kotlin/backend/common/serialization/FileDeserializationStateImpl <init> (Lorg/jetbrains/kotlin/backend/common/serialization/KotlinIrLinker;ILorg/jetbrains/kotlin/ir/declarations/IrFile;Lorg/jetbrains/kotlin/backend/common/serialization/IrLibraryFileFromBytes;Lorg/jetbrains/kotlin/backend/common/serialization/proto/IrFile;Lorg/jetbrains/kotlin/backend/common/serialization/IrDeserializationSettings;Lorg/jetbrains/kotlin/backend/common/serialization/IrModuleDeserializer;)V 231 <appendix> member <vmtarget> ; # org/jetbrains/kotlin/backend/common/serialization/FileDeserializationStateImpl$$Lambda+0x00000000102f6278
instanceKlass org/jetbrains/kotlin/ir/declarations/IrTypeParametersContainer
instanceKlass org/jetbrains/kotlin/ir/declarations/IrPossiblyExternalDeclaration
instanceKlass org/jetbrains/kotlin/backend/common/serialization/IdSignatureDeserializer
instanceKlass  @bci org/jetbrains/kotlin/backend/common/serialization/FileDeserializationStateImpl <init> (Lorg/jetbrains/kotlin/backend/common/serialization/KotlinIrLinker;ILorg/jetbrains/kotlin/ir/declarations/IrFile;Lorg/jetbrains/kotlin/backend/common/serialization/IrLibraryFileFromBytes;Lorg/jetbrains/kotlin/backend/common/serialization/proto/IrFile;Lorg/jetbrains/kotlin/backend/common/serialization/IrDeserializationSettings;Lorg/jetbrains/kotlin/backend/common/serialization/IrModuleDeserializer;)V 150 <appendix> member <vmtarget> ; # org/jetbrains/kotlin/backend/common/serialization/FileDeserializationStateImpl$$Lambda+0x00000000102f4e70
instanceKlass org/jetbrains/kotlin/backend/common/serialization/IrSymbolDeserializer
instanceKlass org/jetbrains/kotlin/backend/common/serialization/CompatibilityMode$Companion
instanceKlass org/jetbrains/kotlin/backend/common/serialization/CompatibilityMode
instanceKlass org/jetbrains/kotlin/backend/common/serialization/IrDeserializationSettings
instanceKlass org/jetbrains/kotlin/backend/common/serialization/FileDeserializationState
instanceKlass org/jetbrains/kotlin/ir/declarations/IrMetadataSourceOwner
instanceKlass org/jetbrains/kotlin/backend/common/serialization/IrInterningService$fileEntries$2$1
instanceKlass org/jetbrains/kotlin/ir/AbstractIrFileEntry
instanceKlass org/jetbrains/kotlin/ir/IrFileEntry
instanceKlass  @bci it/unimi/dsi/fastutil/objects/ObjectOpenHashSet <clinit> ()V 10 <appendix> argL0 ; # it/unimi/dsi/fastutil/objects/ObjectOpenHashSet$$Lambda+0x00000000102ed208
instanceKlass  @bci it/unimi/dsi/fastutil/objects/ObjectOpenHashSet <clinit> ()V 5 <appendix> argL0 ; # it/unimi/dsi/fastutil/objects/ObjectOpenHashSet$$Lambda+0x00000000102ecfd0
instanceKlass  @cpi it/unimi/dsi/fastutil/objects/ObjectOpenHashSet 98 form vmentry <vmtarget> ; # java/lang/invoke/LambdaForm$DMH+0x00000000102f0000
instanceKlass  @bci it/unimi/dsi/fastutil/objects/ObjectOpenHashSet <clinit> ()V 0 <appendix> argL0 ; # it/unimi/dsi/fastutil/objects/ObjectOpenHashSet$$Lambda+0x00000000102ecda8
instanceKlass it/unimi/dsi/fastutil/objects/ObjectSpliterator
instanceKlass it/unimi/dsi/fastutil/objects/ObjectIterator
instanceKlass org/jetbrains/kotlin/library/encodings/WobblyTF8
instanceKlass kotlin/UInt$Companion
instanceKlass kotlin/UInt
instanceKlass org/jetbrains/kotlin/utils/Leb128Kt
instanceKlass org/jetbrains/kotlin/library/impl/IrMultiArrayReader
instanceKlass org/jetbrains/kotlin/backend/common/serialization/FileEntryDeserializer$ProtoCacheKey
instanceKlass org/jetbrains/kotlin/backend/common/serialization/IrFileDeserializerKt
instanceKlass org/jetbrains/kotlin/backend/common/serialization/IrLibraryBytesSource
instanceKlass org/jetbrains/kotlin/backend/common/serialization/IrLibraryFileFromBytes$Companion
instanceKlass org/jetbrains/kotlin/backend/common/serialization/IrLibraryFile
instanceKlass org/jetbrains/kotlin/backend/common/serialization/proto/IrOperationPre_2_4_0OrBuilder
instanceKlass org/jetbrains/kotlin/backend/common/serialization/proto/IrExpressionOrBuilder
instanceKlass org/jetbrains/kotlin/backend/common/serialization/proto/MemberAccessCommonPre_2_4_0OrBuilder
instanceKlass org/jetbrains/kotlin/backend/common/serialization/proto/IrAnnotationOrBuilder
instanceKlass org/jetbrains/kotlin/backend/common/serialization/proto/FileEntryOrBuilder
instanceKlass org/jetbrains/kotlin/backend/common/serialization/proto/IrFileOrBuilder
instanceKlass org/jetbrains/kotlin/backend/common/serialization/BasicIrModuleDeserializerKt
instanceKlass org/jetbrains/kotlin/library/impl/ReadByteBufferProvider
instanceKlass org/jetbrains/kotlin/library/impl/IrArrayReader
instanceKlass org/jetbrains/kotlin/library/impl/LowLevelReadersKt
instanceKlass org/jetbrains/kotlin/backend/common/serialization/BasicIrModuleDeserializer$ModuleDeserializationState
instanceKlass  @bci org/jetbrains/kotlin/backend/common/serialization/IrModuleDeserializer <init> (Lorg/jetbrains/kotlin/descriptors/ModuleDescriptor;Lorg/jetbrains/kotlin/library/KotlinAbiVersion;)V 21 <appendix> argL0 ; # org/jetbrains/kotlin/backend/common/serialization/IrModuleDeserializer$$Lambda+0x00000000102e4088
instanceKlass org/jetbrains/kotlin/backend/common/serialization/IrModuleDeserializer
instanceKlass  @bci org/jetbrains/kotlin/ir/backend/js/KlibKt deserializeDependencies (Lorg/jetbrains/kotlin/backend/common/LoadedKlibs;Lorg/jetbrains/kotlin/ir/backend/js/lower/serialization/ir/JsIrLinker;Ljava/util/Set;Lkotlin/jvm/functions/Function1;)Lorg/jetbrains/kotlin/backend/common/IrModuleDependencies; 213 <appendix> argL0 ; # org/jetbrains/kotlin/ir/backend/js/KlibKt$$Lambda+0x00000000102e3678
instanceKlass org/jetbrains/kotlin/backend/common/serialization/IrModuleDependencyTrackerImpl
instanceKlass org/jetbrains/kotlin/backend/common/serialization/IrModuleDependencyTracker
instanceKlass  @bci org/jetbrains/kotlin/backend/common/overrides/IrLinkerFakeOverrideProvider <init> (Lorg/jetbrains/kotlin/backend/common/overrides/FileLocalAwareLinker;Lorg/jetbrains/kotlin/ir/util/SymbolTable;Lorg/jetbrains/kotlin/ir/util/KotlinMangler$IrMangler;Ljava/util/Map;Lorg/jetbrains/kotlin/backend/common/linkage/partial/PartialLinkageSupportForLinker;Lorg/jetbrains/kotlin/backend/common/overrides/FakeOverrideClassFilter;Lorg/jetbrains/kotlin/backend/common/serialization/DeclarationTable;Ljava/util/List;Lkotlin/jvm/functions/Function1;ILkotlin/jvm/internal/DefaultConstructorMarker;)V 67 <appendix> argL0 ; # org/jetbrains/kotlin/backend/common/overrides/IrLinkerFakeOverrideProvider$$Lambda+0x00000000102e2db8
instanceKlass org/jetbrains/kotlin/ir/declarations/IrOverridableDeclaration
instanceKlass org/jetbrains/kotlin/ir/declarations/IrOverridableMember
instanceKlass org/jetbrains/kotlin/ir/declarations/IrDeclarationWithVisibility
instanceKlass org/jetbrains/kotlin/ir/declarations/IrDeclarationWithName
instanceKlass  @bci org/jetbrains/kotlin/backend/common/serialization/DeclarationTable <init> (Lorg/jetbrains/kotlin/backend/common/serialization/GlobalDeclarationTable;)V 50 <appendix> member <vmtarget> ; # org/jetbrains/kotlin/backend/common/serialization/DeclarationTable$$Lambda+0x00000000102e2368
instanceKlass org/jetbrains/kotlin/ir/declarations/IrDeclaration
instanceKlass org/jetbrains/kotlin/ir/declarations/IrMutableAnnotationContainer
instanceKlass org/jetbrains/kotlin/ir/IrStatement
instanceKlass org/jetbrains/kotlin/backend/common/serialization/signature/FileLocalIdSignatureComputer$Companion
instanceKlass org/jetbrains/kotlin/backend/common/serialization/signature/FileLocalIdSignatureComputer
instanceKlass org/jetbrains/kotlin/backend/common/linkage/issues/SignatureClashDetector
instanceKlass org/jetbrains/kotlin/ir/visitors/IrVisitor
instanceKlass org/jetbrains/kotlin/backend/common/serialization/signature/IdSignatureBuilder
instanceKlass org/jetbrains/kotlin/backend/common/serialization/signature/PublicIdSignatureComputer
instanceKlass org/jetbrains/kotlin/backend/common/serialization/signature/IdSignatureComputer
instanceKlass org/jetbrains/kotlin/backend/common/serialization/GlobalDeclarationTable
instanceKlass org/jetbrains/kotlin/backend/common/serialization/DeclarationTable
instanceKlass org/jetbrains/kotlin/backend/common/overrides/DefaultFakeOverrideClassFilter
instanceKlass org/jetbrains/kotlin/backend/common/overrides/FakeOverrideClassFilter
instanceKlass org/jetbrains/kotlin/backend/common/overrides/IrLinkerFakeOverrideProvider
instanceKlass org/jetbrains/kotlin/ir/util/KotlinMangler$IrMangler
instanceKlass  @bci org/jetbrains/kotlin/backend/common/linkage/partial/PartiallyLinkedIrTreePatcher <init> (Lorg/jetbrains/kotlin/ir/declarations/IrFactory;Lorg/jetbrains/kotlin/ir/symbols/IrClassSymbol;Lorg/jetbrains/kotlin/ir/types/IrType;Lorg/jetbrains/kotlin/backend/common/linkage/partial/ClassifierExplorer;Lorg/jetbrains/kotlin/backend/common/linkage/partial/MissingDeclarationStubGenerator;Lorg/jetbrains/kotlin/backend/common/linkage/partial/PartialLinkageLogger;)V 86 <appendix> member <vmtarget> ; # org/jetbrains/kotlin/backend/common/linkage/partial/PartiallyLinkedIrTreePatcher$$Lambda+0x00000000102dcbf0
instanceKlass org/jetbrains/kotlin/backend/common/linkage/partial/PartialLinkageSupportForLoweringsImpl
instanceKlass org/jetbrains/kotlin/backend/common/linkage/partial/PartialLinkageSupportForLowerings
instanceKlass  @bci org/jetbrains/kotlin/backend/common/linkage/partial/PartiallyLinkedIrTreePatcher <init> (Lorg/jetbrains/kotlin/ir/declarations/IrFactory;Lorg/jetbrains/kotlin/ir/symbols/IrClassSymbol;Lorg/jetbrains/kotlin/ir/types/IrType;Lorg/jetbrains/kotlin/backend/common/linkage/partial/ClassifierExplorer;Lorg/jetbrains/kotlin/backend/common/linkage/partial/MissingDeclarationStubGenerator;Lorg/jetbrains/kotlin/backend/common/linkage/partial/PartialLinkageLogger;)V 72 <appendix> member <vmtarget> ; # org/jetbrains/kotlin/backend/common/linkage/partial/PartiallyLinkedIrTreePatcher$$Lambda+0x00000000102dc578
instanceKlass org/jetbrains/kotlin/backend/common/linkage/partial/PartiallyLinkedIrTreePatcher$Companion
instanceKlass org/jetbrains/kotlin/backend/common/linkage/partial/PartiallyLinkedIrTreePatcher
instanceKlass  @bci org/jetbrains/kotlin/backend/common/linkage/partial/ClassifierExplorer <init> (Lorg/jetbrains/kotlin/ir/symbols/IrClassSymbol;Lorg/jetbrains/kotlin/backend/common/linkage/partial/MissingDeclarationStubGenerator;)V 28 <appendix> member <vmtarget> ; # org/jetbrains/kotlin/backend/common/linkage/partial/ClassifierExplorer$$Lambda+0x00000000102dbf20
instanceKlass org/jetbrains/kotlin/backend/common/linkage/partial/PartialLinkageSources$Module
instanceKlass org/jetbrains/kotlin/backend/common/linkage/partial/ClassifierExplorer$Companion
instanceKlass org/jetbrains/kotlin/backend/common/linkage/partial/ClassifierExplorer
instanceKlass  @bci org/jetbrains/kotlin/backend/common/linkage/partial/MissingDeclarationStubGenerator <init> (Lorg/jetbrains/kotlin/ir/declarations/IrFactory;Lorg/jetbrains/kotlin/ir/types/IrType;)V 27 <appendix> argL0 ; # org/jetbrains/kotlin/backend/common/linkage/partial/MissingDeclarationStubGenerator$$Lambda+0x00000000102db6c8
instanceKlass org/jetbrains/kotlin/ir/IrElementBase
instanceKlass org/jetbrains/kotlin/ir/declarations/IrSymbolOwner
instanceKlass org/jetbrains/kotlin/ir/declarations/IrDeclarationContainer
instanceKlass org/jetbrains/kotlin/ir/declarations/IrDeclarationParent
instanceKlass org/jetbrains/kotlin/ir/IrElement
instanceKlass org/jetbrains/kotlin/ir/types/IrType
instanceKlass org/jetbrains/kotlin/mpp/TypeRefMarker
instanceKlass org/jetbrains/kotlin/ir/types/IrTypeProjection
instanceKlass org/jetbrains/kotlin/ir/types/IrTypeArgument
instanceKlass org/jetbrains/kotlin/types/model/TypeArgumentMarker
instanceKlass org/jetbrains/kotlin/ir/declarations/IrAnnotationContainer
instanceKlass org/jetbrains/kotlin/ir/symbols/IrTypeParameterSymbol
instanceKlass org/jetbrains/kotlin/types/model/TypeParameterMarker
instanceKlass org/jetbrains/kotlin/mpp/TypeParameterSymbolMarker
instanceKlass org/jetbrains/kotlin/ir/types/impl/IrSimpleTypeImplKt
instanceKlass org/jetbrains/kotlin/ir/types/SimpleTypeNullability$Companion
instanceKlass org/jetbrains/kotlin/ir/types/IrTypesKt
instanceKlass org/jetbrains/kotlin/backend/common/linkage/partial/MissingDeclarationStubGenerator
instanceKlass org/jetbrains/kotlin/backend/common/linkage/partial/PartialLinkageLogger
instanceKlass org/jetbrains/kotlin/backend/common/linkage/partial/PartialLinkageSupportForLinkerImpl
instanceKlass org/jetbrains/kotlin/backend/common/linkage/partial/PartialLinkageSupportForLinker
instanceKlass org/jetbrains/kotlin/backend/common/linkage/partial/PartialLinkageSupportForLinkerImplKt
instanceKlass org/jetbrains/kotlin/backend/common/serialization/FileEntryDeserializer
instanceKlass  @bci org/jetbrains/kotlin/backend/common/serialization/IrInterningService <init> ()V 29 <appendix> argL0 ; # org/jetbrains/kotlin/backend/common/serialization/IrInterningService$$Lambda+0x00000000102d7050
instanceKlass  @bci org/jetbrains/kotlin/backend/common/serialization/IrInterningService <init> ()V 17 <appendix> argL0 ; # org/jetbrains/kotlin/backend/common/serialization/IrInterningService$$Lambda+0x00000000102d6890
instanceKlass  @bci org/jetbrains/kotlin/backend/common/serialization/IrInterningService <init> ()V 5 <appendix> argL0 ; # org/jetbrains/kotlin/backend/common/serialization/IrInterningService$$Lambda+0x00000000102d6668
instanceKlass org/jetbrains/kotlin/backend/common/serialization/IrInterningService
instanceKlass org/jetbrains/kotlin/ir/symbols/IrSymbolKt
instanceKlass org/jetbrains/kotlin/ir/symbols/impl/IrSymbolBase
instanceKlass org/jetbrains/kotlin/ir/symbols/IrClassSymbol
instanceKlass org/jetbrains/kotlin/ir/symbols/IrClassifierSymbol
instanceKlass org/jetbrains/kotlin/types/model/TypeConstructorMarker
instanceKlass org/jetbrains/kotlin/ir/IrAttribute$Flag
instanceKlass org/jetbrains/kotlin/ir/IrAttribute
instanceKlass org/jetbrains/kotlin/ir/IrAttribute$Delegate
instanceKlass org/jetbrains/kotlin/ir/IrAttribute$Flag$Delegate
instanceKlass org/jetbrains/kotlin/ir/IrAttributeKt
instanceKlass org/jetbrains/kotlin/ir/util/AdditionalIrUtilsKt
instanceKlass org/jetbrains/kotlin/name/StandardClassIdsKt
instanceKlass org/jetbrains/kotlin/name/StandardClassIds
instanceKlass  @bci org/jetbrains/kotlin/backend/common/serialization/KotlinIrLinker <init> (Lorg/jetbrains/kotlin/descriptors/ModuleDescriptor;Lorg/jetbrains/kotlin/config/CompilerConfiguration;Lorg/jetbrains/kotlin/ir/util/SymbolTable;Ljava/util/List;Lkotlin/jvm/functions/Function3;)V 32 <appendix> member <vmtarget> ; # org/jetbrains/kotlin/backend/common/serialization/KotlinIrLinker$$Lambda+0x00000000102d2d58
instanceKlass  @bci org/jetbrains/kotlin/ir/backend/js/lower/serialization/ir/JsIrLinker <init> (Lorg/jetbrains/kotlin/config/CompilerConfiguration;Lorg/jetbrains/kotlin/ir/util/SymbolTable;Lorg/jetbrains/kotlin/config/PartialLinkageConfig;Lorg/jetbrains/kotlin/ir/IrDiagnosticReporter;Ljava/util/Map;)V 39 <appendix> argL0 ; # org/jetbrains/kotlin/ir/backend/js/lower/serialization/ir/JsIrLinker$$Lambda+0x00000000102d2b30
instanceKlass org/jetbrains/kotlin/ir/symbols/IrFileSymbol
instanceKlass org/jetbrains/kotlin/ir/symbols/IrPackageFragmentSymbol
instanceKlass org/jetbrains/kotlin/backend/common/serialization/KotlinIrLinker
instanceKlass org/jetbrains/kotlin/backend/common/overrides/FileLocalAwareLinker
instanceKlass org/jetbrains/kotlin/backend/common/linkage/IrDeserializer
instanceKlass org/jetbrains/kotlin/ir/IrProvider
instanceKlass com/intellij/util/containers/ConcurrentRefValueHashMap$ValueReference
instanceKlass com/intellij/util/containers/ConcurrentRefValueHashMap
instanceKlass org/jetbrains/kotlin/diagnostics/AbstractKotlinSuppressCache$Companion
instanceKlass org/jetbrains/kotlin/diagnostics/AbstractKotlinSuppressCache
instanceKlass org/jetbrains/kotlin/diagnostics/impl/DeduplicatingDiagnosticReporterKt
instanceKlass org/jetbrains/kotlin/ir/IrDiagnosticReporter
instanceKlass  @bci org/jetbrains/kotlin/ir/backend/js/KlibKt loadIr (Lorg/jetbrains/kotlin/ir/backend/js/ModulesStructure;Lorg/jetbrains/kotlin/ir/declarations/IrFactory;)Lorg/jetbrains/kotlin/backend/common/IrModuleInfo; 252 <appendix> member <vmtarget> ; # org/jetbrains/kotlin/ir/backend/js/KlibKt$$Lambda+0x00000000102cf758
instanceKlass  @bci org/jetbrains/kotlin/ir/util/DescriptorSymbolTableExtension <init> (Lorg/jetbrains/kotlin/ir/util/SymbolTable;)V 60 <appendix> member <vmtarget> ; # org/jetbrains/kotlin/ir/util/DescriptorSymbolTableExtension$$Lambda+0x00000000102cf528
instanceKlass  @bci org/jetbrains/kotlin/ir/util/DescriptorSymbolTableExtension <init> (Lorg/jetbrains/kotlin/ir/util/SymbolTable;)V 47 <appendix> member <vmtarget> ; # org/jetbrains/kotlin/ir/util/DescriptorSymbolTableExtension$$Lambda+0x00000000102cf2f8
instanceKlass  @bci org/jetbrains/kotlin/ir/util/DescriptorSymbolTableExtension <init> (Lorg/jetbrains/kotlin/ir/util/SymbolTable;)V 34 <appendix> member <vmtarget> ; # org/jetbrains/kotlin/ir/util/DescriptorSymbolTableExtension$$Lambda+0x00000000102cf0c8
instanceKlass  @bci org/jetbrains/kotlin/ir/util/SymbolTableExtension <init> (Lorg/jetbrains/kotlin/ir/util/SymbolTable;)V 195 <appendix> member <vmtarget> ; # org/jetbrains/kotlin/ir/util/SymbolTableExtension$$Lambda+0x00000000102cee98
instanceKlass org/jetbrains/kotlin/utils/ThreadLocalDelegate
instanceKlass org/jetbrains/kotlin/utils/ThreadLocalKt
instanceKlass  @bci org/jetbrains/kotlin/ir/util/SymbolTableExtension <init> (Lorg/jetbrains/kotlin/ir/util/SymbolTable;)V 179 <appendix> member <vmtarget> ; # org/jetbrains/kotlin/ir/util/SymbolTableExtension$$Lambda+0x00000000102ce808
instanceKlass  @bci org/jetbrains/kotlin/ir/util/SymbolTableSlice$Flat <init> (Lorg/jetbrains/kotlin/ir/IrLock;Lkotlin/jvm/functions/Function2;ILkotlin/jvm/internal/DefaultConstructorMarker;)V 6 <appendix> argL0 ; # org/jetbrains/kotlin/ir/util/SymbolTableSlice$Flat$$Lambda+0x00000000102ce3b8
instanceKlass org/jetbrains/kotlin/ir/util/ReferenceSymbolTableExtension
instanceKlass org/jetbrains/kotlin/ir/declarations/lazy/IrLazySymbolTable
instanceKlass  @bci org/jetbrains/kotlin/ir/util/SymbolTableKt IdSignatureSymbolTableSlice (Lorg/jetbrains/kotlin/ir/IrLock;)Lorg/jetbrains/kotlin/ir/util/SymbolTableSlice$Flat; 5 <appendix> argL0 ; # org/jetbrains/kotlin/ir/util/SymbolTableKt$$Lambda+0x00000000102cd0f8
instanceKlass org/jetbrains/kotlin/ir/symbols/IrBindableSymbol
instanceKlass org/jetbrains/kotlin/ir/symbols/IrSymbol
instanceKlass org/jetbrains/kotlin/ir/util/IdSignature
instanceKlass org/jetbrains/kotlin/ir/util/SymbolTableSlice
instanceKlass org/jetbrains/kotlin/ir/util/SymbolTableKt
instanceKlass org/jetbrains/kotlin/ir/IrLock
instanceKlass org/jetbrains/kotlin/ir/util/NameProvider$DEFAULT
instanceKlass org/jetbrains/kotlin/ir/util/NameProvider
instanceKlass org/jetbrains/kotlin/ir/util/SymbolTable
instanceKlass org/jetbrains/kotlin/ir/util/ReferenceSymbolTable
instanceKlass org/jetbrains/kotlin/backend/common/serialization/mangle/descriptor/DescriptorExportCheckerVisitor
instanceKlass org/jetbrains/kotlin/backend/common/serialization/mangle/KotlinExportChecker
instanceKlass org/jetbrains/kotlin/ir/backend/js/lower/serialization/ir/AbstractJsDescriptorMangler$Companion
instanceKlass org/jetbrains/kotlin/backend/common/serialization/mangle/AbstractKotlinMangler
instanceKlass org/jetbrains/kotlin/ir/util/KotlinMangler$DescriptorMangler
instanceKlass org/jetbrains/kotlin/ir/util/KotlinMangler
instanceKlass org/jetbrains/kotlin/backend/common/serialization/signature/IdSignatureDescriptor
instanceKlass org/jetbrains/kotlin/ir/util/IdSignatureComposer
instanceKlass org/jetbrains/kotlin/cli/pipeline/web/wasm/WasmIrLoadingPipelinePhase$WhenMappings
instanceKlass org/jetbrains/kotlin/cli/pipeline/web/wasm/WasmCompilationMode$Companion
instanceKlass org/jetbrains/kotlin/ir/declarations/StageController
instanceKlass org/jetbrains/kotlin/ir/declarations/IrFactory
instanceKlass org/jetbrains/kotlin/ir/declarations/IdSignatureRetriever
instanceKlass org/jetbrains/kotlin/descriptors/impl/ModuleDependenciesImpl
instanceKlass org/jetbrains/kotlin/descriptors/impl/ModuleDependencies
instanceKlass  @bci org/jetbrains/kotlin/serialization/deserialization/ClassDeserializer <init> (Lorg/jetbrains/kotlin/serialization/deserialization/DeserializationComponents;)V 24 <appendix> member <vmtarget> ; # org/jetbrains/kotlin/serialization/deserialization/ClassDeserializer$$Lambda+0x00000000102c7c20
instanceKlass org/jetbrains/kotlin/serialization/deserialization/ClassDeserializer$ClassKey
instanceKlass org/jetbrains/kotlin/utils/CollectionsKt
instanceKlass org/jetbrains/kotlin/builtins/PrimitiveType$Companion
instanceKlass  @bci org/jetbrains/kotlin/builtins/PrimitiveType <init> (Ljava/lang/String;ILjava/lang/String;)V 73 <appendix> member <vmtarget> ; # org/jetbrains/kotlin/builtins/PrimitiveType$$Lambda+0x00000000102c71b8
instanceKlass  @bci org/jetbrains/kotlin/builtins/PrimitiveType <init> (Ljava/lang/String;ILjava/lang/String;)V 57 <appendix> member <vmtarget> ; # org/jetbrains/kotlin/builtins/PrimitiveType$$Lambda+0x00000000102c6f88
instanceKlass org/jetbrains/kotlin/builtins/StandardNames$FqNames
instanceKlass org/jetbrains/kotlin/serialization/deserialization/ClassDeserializer$Companion
instanceKlass org/jetbrains/kotlin/serialization/deserialization/ClassDeserializer
instanceKlass org/jetbrains/kotlin/types/DefaultTypeAttributeTranslator
instanceKlass org/jetbrains/kotlin/types/TypeAttributeTranslator
instanceKlass org/jetbrains/kotlin/resolve/OverridingUtil$1
instanceKlass org/jetbrains/kotlin/load/java/JavaIncompatibilityRulesOverridabilityCondition$Companion
instanceKlass org/jetbrains/kotlin/load/java/JavaIncompatibilityRulesOverridabilityCondition
instanceKlass org/jetbrains/kotlin/load/java/ErasedOverridabilityCondition
instanceKlass org/jetbrains/kotlin/load/java/FieldOverridabilityCondition
instanceKlass org/jetbrains/kotlin/resolve/ExternalOverridabilityCondition
instanceKlass org/jetbrains/kotlin/descriptors/PropertyAccessorDescriptor
instanceKlass org/jetbrains/kotlin/descriptors/VariableAccessorDescriptor
instanceKlass org/jetbrains/kotlin/descriptors/FunctionDescriptor
instanceKlass org/jetbrains/kotlin/mpp/FunctionSymbolMarker
instanceKlass org/jetbrains/kotlin/descriptors/CallableMemberDescriptor
instanceKlass org/jetbrains/kotlin/types/checker/KotlinTypeChecker$TypeConstructorEquality
instanceKlass org/jetbrains/kotlin/resolve/OverridingUtil
instanceKlass org/jetbrains/kotlin/types/AbstractTypePreparator
instanceKlass org/jetbrains/kotlin/types/AbstractTypeRefiner
instanceKlass org/jetbrains/kotlin/types/checker/NewKotlinTypeCheckerImpl
instanceKlass org/jetbrains/kotlin/types/checker/NewKotlinTypeChecker$Companion
instanceKlass org/jetbrains/kotlin/types/checker/NewKotlinTypeChecker
instanceKlass org/jetbrains/kotlin/types/checker/KotlinTypeChecker
instanceKlass org/jetbrains/kotlin/descriptors/deserialization/PlatformDependentDeclarationFilter$All
instanceKlass org/jetbrains/kotlin/storage/LockBasedStorageManager$CacheWithNullableValuesBasedOnMemoizedFunction$1
instanceKlass org/jetbrains/kotlin/resolve/sam/SamConversionResolverImpl
instanceKlass org/jetbrains/kotlin/resolve/sam/SamConversionResolver
instanceKlass org/jetbrains/kotlin/container/PlatformSpecificExtension
instanceKlass org/jetbrains/kotlin/contracts/ContractDeserializerImpl
instanceKlass org/jetbrains/kotlin/serialization/deserialization/ContractDeserializer
instanceKlass org/jetbrains/kotlin/serialization/deserialization/ErrorReporter$1
instanceKlass org/jetbrains/kotlin/serialization/deserialization/ErrorReporter
instanceKlass org/jetbrains/kotlin/serialization/deserialization/LocalClassifierTypeSettings$Default
instanceKlass org/jetbrains/kotlin/serialization/deserialization/LocalClassifierTypeSettings
instanceKlass org/jetbrains/kotlin/serialization/deserialization/DeserializedClassDataFinder
instanceKlass org/jetbrains/kotlin/serialization/deserialization/DeserializationComponents
instanceKlass org/jetbrains/kotlin/library/metadata/impl/KlibMetadataModuleDescriptorFactoryImpl$initializePackageFragmentProvider$enumEntriesDeserializationSupport$1
instanceKlass org/jetbrains/kotlin/serialization/deserialization/EnumEntriesDeserializationSupport
instanceKlass org/jetbrains/kotlin/resolve/constants/ConstantValue
instanceKlass org/jetbrains/kotlin/serialization/deserialization/AnnotationDeserializer
instanceKlass org/jetbrains/kotlin/serialization/deserialization/AbstractAnnotationLoader
instanceKlass org/jetbrains/kotlin/serialization/deserialization/AnnotationAndConstantLoader
instanceKlass org/jetbrains/kotlin/serialization/deserialization/AnnotationLoader
instanceKlass  @bci org/jetbrains/kotlin/descriptors/NotFoundClasses <init> (Lorg/jetbrains/kotlin/storage/StorageManager;Lorg/jetbrains/kotlin/descriptors/ModuleDescriptor;)V 51 <appendix> member <vmtarget> ; # org/jetbrains/kotlin/descriptors/NotFoundClasses$$Lambda+0x00000000102be528
instanceKlass org/jetbrains/kotlin/descriptors/ClassDescriptor
instanceKlass org/jetbrains/kotlin/mpp/RegularClassSymbolMarker
instanceKlass org/jetbrains/kotlin/descriptors/ClassifierDescriptorWithTypeParameters
instanceKlass org/jetbrains/kotlin/mpp/ClassLikeSymbolMarker
instanceKlass org/jetbrains/kotlin/descriptors/MemberDescriptor
instanceKlass org/jetbrains/kotlin/descriptors/NotFoundClasses$ClassRequest
instanceKlass  @bci org/jetbrains/kotlin/descriptors/NotFoundClasses <init> (Lorg/jetbrains/kotlin/storage/StorageManager;Lorg/jetbrains/kotlin/descriptors/ModuleDescriptor;)V 32 <appendix> member <vmtarget> ; # org/jetbrains/kotlin/descriptors/NotFoundClasses$$Lambda+0x00000000102bd6b8
instanceKlass org/jetbrains/kotlin/descriptors/NotFoundClasses
instanceKlass org/jetbrains/kotlin/name/FqNamesUtilKt
instanceKlass  @bci org/jetbrains/kotlin/library/metadata/KlibMetadataPackageFragment <init> (Lorg/jetbrains/kotlin/name/FqName;Lorg/jetbrains/kotlin/storage/StorageManager;Lorg/jetbrains/kotlin/descriptors/ModuleDescriptor;Lorg/jetbrains/kotlin/library/metadata/KlibDeserializedContainerSource;)V 59 <appendix> member <vmtarget> ; # org/jetbrains/kotlin/library/metadata/KlibMetadataPackageFragment$$Lambda+0x00000000102bd060
instanceKlass  @bci org/jetbrains/kotlin/library/metadata/KlibMetadataPackageFragment <init> (Lorg/jetbrains/kotlin/name/FqName;Lorg/jetbrains/kotlin/storage/StorageManager;Lorg/jetbrains/kotlin/descriptors/ModuleDescriptor;Lorg/jetbrains/kotlin/library/metadata/KlibDeserializedContainerSource;)V 46 <appendix> member <vmtarget> ; # org/jetbrains/kotlin/library/metadata/KlibMetadataPackageFragment$$Lambda+0x00000000102bc7a8
instanceKlass org/jetbrains/kotlin/library/metadata/KlibMetadataClassDataFinder
instanceKlass org/jetbrains/kotlin/serialization/deserialization/ClassDataFinder
instanceKlass  @bci org/jetbrains/kotlin/library/metadata/KlibMetadataPackageFragment <init> (Lorg/jetbrains/kotlin/name/FqName;Lorg/jetbrains/kotlin/storage/StorageManager;Lorg/jetbrains/kotlin/descriptors/ModuleDescriptor;Lorg/jetbrains/kotlin/library/metadata/KlibDeserializedContainerSource;)V 33 <appendix> member <vmtarget> ; # org/jetbrains/kotlin/library/metadata/KlibMetadataPackageFragment$$Lambda+0x00000000102bc140
instanceKlass org/jetbrains/kotlin/metadata/deserialization/NameResolverImpl
instanceKlass org/jetbrains/kotlin/metadata/deserialization/NameResolver
instanceKlass java/util/TreeMap$PrivateEntryIterator
instanceKlass jdk/nio/zipfs/ZipDirectoryStream$1
instanceKlass jdk/nio/zipfs/ZipDirectoryStream
instanceKlass java/nio/file/Files$AcceptAllFilter
instanceKlass kotlin/io/path/PathsKt__PathReadWriteKt
instanceKlass org/jetbrains/kotlin/serialization/deserialization/descriptors/PreReleaseInfo$Companion
instanceKlass org/jetbrains/kotlin/serialization/deserialization/descriptors/PreReleaseInfo
instanceKlass org/jetbrains/kotlin/library/metadata/KlibDeserializedContainerSource
instanceKlass org/jetbrains/kotlin/serialization/deserialization/descriptors/DeserializedContainerSource
instanceKlass org/jetbrains/kotlin/protobuf/UnmodifiableLazyStringList$2
instanceKlass kotlin/collections/builders/SetBuilder$Companion
instanceKlass org/jetbrains/kotlin/descriptors/PackageFragmentProviderImpl
instanceKlass org/jetbrains/kotlin/resolve/scopes/MemberScopeImpl
instanceKlass org/jetbrains/kotlin/resolve/scopes/MemberScope
instanceKlass org/jetbrains/kotlin/resolve/scopes/ResolutionScope
instanceKlass org/jetbrains/kotlin/renderer/KeywordStringsGenerated
instanceKlass org/jetbrains/kotlin/name/NameRenderingUtils
instanceKlass org/jetbrains/kotlin/descriptors/ModuleDescriptor$DefaultImpls
instanceKlass org/jetbrains/kotlin/renderer/DescriptorRendererImpl$RenderDeclarationDescriptorVisitor
instanceKlass org/jetbrains/kotlin/descriptors/DeclarationDescriptorVisitor
instanceKlass  @bci org/jetbrains/kotlin/renderer/DescriptorRenderer <clinit> ()V 154 <appendix> argL0 ; # org/jetbrains/kotlin/renderer/DescriptorRenderer$$Lambda+0x00000000102b8450
instanceKlass org/jetbrains/kotlin/renderer/ClassifierNamePolicy$FULLY_QUALIFIED
instanceKlass  @bci org/jetbrains/kotlin/renderer/DescriptorRenderer <clinit> ()V 140 <appendix> argL0 ; # org/jetbrains/kotlin/renderer/DescriptorRenderer$$Lambda+0x00000000102b8000
instanceKlass  @bci org/jetbrains/kotlin/renderer/DescriptorRenderer <clinit> ()V 126 <appendix> argL0 ; # org/jetbrains/kotlin/renderer/DescriptorRenderer$$Lambda+0x00000000102b7c58
instanceKlass  @bci org/jetbrains/kotlin/renderer/DescriptorRenderer <clinit> ()V 112 <appendix> argL0 ; # org/jetbrains/kotlin/renderer/DescriptorRenderer$$Lambda+0x00000000102b7a30
instanceKlass  @bci org/jetbrains/kotlin/renderer/DescriptorRenderer <clinit> ()V 98 <appendix> argL0 ; # org/jetbrains/kotlin/renderer/DescriptorRenderer$$Lambda+0x00000000102b7808
instanceKlass  @bci org/jetbrains/kotlin/renderer/DescriptorRenderer <clinit> ()V 84 <appendix> argL0 ; # org/jetbrains/kotlin/renderer/DescriptorRenderer$$Lambda+0x00000000102b75e0
instanceKlass org/jetbrains/kotlin/renderer/ClassifierNamePolicy$SHORT
instanceKlass  @bci org/jetbrains/kotlin/renderer/DescriptorRenderer <clinit> ()V 70 <appendix> argL0 ; # org/jetbrains/kotlin/renderer/DescriptorRenderer$$Lambda+0x00000000102b7190
instanceKlass  @bci org/jetbrains/kotlin/renderer/DescriptorRenderer <clinit> ()V 56 <appendix> argL0 ; # org/jetbrains/kotlin/renderer/DescriptorRenderer$$Lambda+0x00000000102b6f68
instanceKlass  @bci org/jetbrains/kotlin/renderer/DescriptorRenderer <clinit> ()V 42 <appendix> argL0 ; # org/jetbrains/kotlin/renderer/DescriptorRenderer$$Lambda+0x00000000102b6d40
instanceKlass  @bci org/jetbrains/kotlin/renderer/DescriptorRenderer <clinit> ()V 28 <appendix> argL0 ; # org/jetbrains/kotlin/renderer/DescriptorRenderer$$Lambda+0x00000000102b6b18
instanceKlass  @bci org/jetbrains/kotlin/renderer/DescriptorRendererImpl <init> (Lorg/jetbrains/kotlin/renderer/DescriptorRendererOptionsImpl;)V 49 <appendix> member <vmtarget> ; # org/jetbrains/kotlin/renderer/DescriptorRendererImpl$$Lambda+0x00000000102b68e8
instanceKlass org/jetbrains/kotlin/renderer/ExcludedTypeAnnotations
instanceKlass org/jetbrains/kotlin/renderer/DescriptorRenderer$ValueParametersHandler$DEFAULT
instanceKlass org/jetbrains/kotlin/renderer/DescriptorRenderer$ValueParametersHandler
instanceKlass  @bci org/jetbrains/kotlin/renderer/DescriptorRendererOptionsImpl <init> ()V 290 <appendix> argL0 ; # org/jetbrains/kotlin/renderer/DescriptorRendererOptionsImpl$$Lambda+0x00000000102b4068
instanceKlass org/jetbrains/kotlin/descriptors/ValueParameterDescriptor
instanceKlass org/jetbrains/kotlin/mpp/ValueParameterSymbolMarker
instanceKlass org/jetbrains/kotlin/descriptors/VariableDescriptor
instanceKlass org/jetbrains/kotlin/descriptors/ParameterDescriptor
instanceKlass org/jetbrains/kotlin/descriptors/ValueDescriptor
instanceKlass org/jetbrains/kotlin/descriptors/CallableDescriptor
instanceKlass org/jetbrains/kotlin/mpp/CallableSymbolMarker
instanceKlass org/jetbrains/kotlin/descriptors/Substitutable
instanceKlass org/jetbrains/kotlin/descriptors/DeclarationDescriptorWithVisibility
instanceKlass  @bci org/jetbrains/kotlin/renderer/DescriptorRendererOptionsImpl <init> ()V 277 <appendix> argL0 ; # org/jetbrains/kotlin/renderer/DescriptorRendererOptionsImpl$$Lambda+0x00000000102b2bf8
instanceKlass org/jetbrains/kotlin/renderer/DescriptorRendererModifier$Companion
instanceKlass org/jetbrains/kotlin/renderer/ClassifierNamePolicy$SOURCE_CODE_QUALIFIED
instanceKlass org/jetbrains/kotlin/renderer/ClassifierNamePolicy
instanceKlass org/jetbrains/kotlin/renderer/DescriptorRendererOptionsImpl
instanceKlass  @bci org/jetbrains/kotlin/renderer/DescriptorRenderer <clinit> ()V 14 <appendix> argL0 ; # org/jetbrains/kotlin/renderer/DescriptorRenderer$$Lambda+0x00000000102b1778
instanceKlass org/jetbrains/kotlin/renderer/DescriptorRendererOptions
instanceKlass org/jetbrains/kotlin/renderer/DescriptorRenderer$Companion
instanceKlass org/jetbrains/kotlin/renderer/DescriptorRenderer
instanceKlass org/jetbrains/kotlin/descriptors/SourceElement$1
instanceKlass org/jetbrains/kotlin/descriptors/SourceElement
instanceKlass org/jetbrains/kotlin/builtins/FunctionInterfacePackageFragment
instanceKlass org/jetbrains/kotlin/builtins/BuiltInsPackageFragment
instanceKlass org/jetbrains/kotlin/descriptors/PackageFragmentDescriptor
instanceKlass org/jetbrains/kotlin/descriptors/ClassOrPackageFragmentDescriptor
instanceKlass org/jetbrains/kotlin/builtins/StandardNames
instanceKlass org/jetbrains/kotlin/builtins/functions/BuiltInFictitiousFunctionClassFactory
instanceKlass org/jetbrains/kotlin/descriptors/deserialization/ClassDescriptorFactory
instanceKlass org/jetbrains/kotlin/builtins/functions/FunctionInterfaceFactoryKt
instanceKlass java/util/Collections$UnmodifiableMap$UnmodifiableEntrySet$UnmodifiableEntry
instanceKlass java/util/Collections$UnmodifiableMap$UnmodifiableEntrySet$1
instanceKlass kotlin/collections/MapWithDefault
instanceKlass org/jetbrains/kotlin/util/MetadataHelpersKt
instanceKlass org/jetbrains/kotlin/resolve/CommonCompilerDeserializationConfiguration
instanceKlass org/jetbrains/kotlin/serialization/deserialization/DeserializationConfiguration
instanceKlass org/jetbrains/kotlin/builtins/KotlinBuiltIns$4
instanceKlass  @bci org/jetbrains/kotlin/descriptors/impl/ModuleDescriptorImpl <init> (Lorg/jetbrains/kotlin/name/Name;Lorg/jetbrains/kotlin/storage/StorageManager;Lorg/jetbrains/kotlin/builtins/KotlinBuiltIns;Lorg/jetbrains/kotlin/platform/TargetPlatform;Ljava/util/Map;Lorg/jetbrains/kotlin/name/Name;)V 154 <appendix> member <vmtarget> ; # org/jetbrains/kotlin/descriptors/impl/ModuleDescriptorImpl$$Lambda+0x00000000102adf08
instanceKlass org/jetbrains/kotlin/descriptors/impl/CompositePackageFragmentProvider
instanceKlass org/jetbrains/kotlin/descriptors/PackageFragmentProviderOptimized
instanceKlass org/jetbrains/kotlin/descriptors/PackageFragmentProvider
instanceKlass  @bci org/jetbrains/kotlin/descriptors/impl/ModuleDescriptorImpl <init> (Lorg/jetbrains/kotlin/name/Name;Lorg/jetbrains/kotlin/storage/StorageManager;Lorg/jetbrains/kotlin/builtins/KotlinBuiltIns;Lorg/jetbrains/kotlin/platform/TargetPlatform;Ljava/util/Map;Lorg/jetbrains/kotlin/name/Name;)V 139 <appendix> member <vmtarget> ; # org/jetbrains/kotlin/descriptors/impl/ModuleDescriptorImpl$$Lambda+0x00000000102ad670
instanceKlass org/jetbrains/kotlin/descriptors/PackageViewDescriptor
instanceKlass org/jetbrains/kotlin/descriptors/impl/PackageViewDescriptorFactory$Default
instanceKlass org/jetbrains/kotlin/descriptors/impl/PackageViewDescriptorFactory$Companion
instanceKlass org/jetbrains/kotlin/descriptors/impl/PackageViewDescriptorFactory
instanceKlass org/jetbrains/kotlin/descriptors/annotations/Annotations$Companion$EMPTY$1
instanceKlass org/jetbrains/kotlin/descriptors/annotations/Annotations$Companion
instanceKlass org/jetbrains/kotlin/descriptors/annotations/Annotations
instanceKlass org/jetbrains/kotlin/descriptors/annotations/AnnotatedImpl
instanceKlass org/jetbrains/kotlin/konan/target/KonanTarget$Companion
instanceKlass org/jetbrains/kotlin/konan/target/KonanTarget
instanceKlass org/jetbrains/kotlin/konan/util/Named
instanceKlass org/jetbrains/kotlin/platform/konan/NativePlatforms
instanceKlass org/jetbrains/kotlin/library/metadata/UtilsKt
instanceKlass org/jetbrains/kotlin/library/metadata/KlibModuleOriginKt
instanceKlass org/jetbrains/kotlin/resolve/ImplicitIntegerCoercion
instanceKlass org/jetbrains/kotlin/storage/LockBasedStorageManager$MapBasedMemoizedFunction
instanceKlass org/jetbrains/kotlin/builtins/KotlinBuiltIns$3
instanceKlass org/jetbrains/kotlin/builtins/KotlinBuiltIns$2
instanceKlass org/jetbrains/kotlin/storage/LockBasedStorageManager$LockBasedLazyValue
instanceKlass org/jetbrains/kotlin/builtins/KotlinBuiltIns$1
instanceKlass org/jetbrains/kotlin/descriptors/deserialization/PlatformDependentDeclarationFilter
instanceKlass org/jetbrains/kotlin/incremental/components/LookupLocation
instanceKlass org/jetbrains/kotlin/types/model/TypeArgumentListMarker
instanceKlass org/jetbrains/kotlin/types/model/SimpleTypeMarker
instanceKlass org/jetbrains/kotlin/types/model/RigidTypeMarker
instanceKlass org/jetbrains/kotlin/types/KotlinType
instanceKlass org/jetbrains/kotlin/descriptors/ModuleDescriptor
instanceKlass org/jetbrains/kotlin/descriptors/ClassifierDescriptor
instanceKlass org/jetbrains/kotlin/mpp/ClassifierSymbolMarker
instanceKlass org/jetbrains/kotlin/descriptors/DeclarationDescriptorNonRoot
instanceKlass org/jetbrains/kotlin/descriptors/DeclarationDescriptorWithSource
instanceKlass org/jetbrains/kotlin/descriptors/DeclarationDescriptor
instanceKlass org/jetbrains/kotlin/mpp/DeclarationSymbolMarker
instanceKlass org/jetbrains/kotlin/descriptors/annotations/Annotated
instanceKlass org/jetbrains/kotlin/descriptors/ValidateableDescriptor
instanceKlass org/jetbrains/kotlin/descriptors/Named
instanceKlass org/jetbrains/kotlin/builtins/KotlinBuiltIns
instanceKlass org/jetbrains/kotlin/descriptors/ModuleCapability
instanceKlass org/jetbrains/kotlin/library/metadata/KlibModuleOrigin$Companion
instanceKlass org/jetbrains/kotlin/library/metadata/KlibModuleOrigin
instanceKlass org/jetbrains/kotlin/protobuf/Utf8
instanceKlass org/jetbrains/kotlin/protobuf/WireFormat
instanceKlass org/jetbrains/kotlin/protobuf/CodedOutputStream
instanceKlass org/jetbrains/kotlin/protobuf/CodedInputStream
instanceKlass org/jetbrains/kotlin/library/metadata/KlibMetadataProtoBuf$HeaderOrBuilder
instanceKlass org/jetbrains/kotlin/metadata/SerializationPluginMetadataExtensions
instanceKlass org/jetbrains/kotlin/protobuf/ExtensionRegistryLite$ObjectIntPair
instanceKlass org/jetbrains/kotlin/metadata/ProtoBuf$QualifiedNameTableOrBuilder
instanceKlass org/jetbrains/kotlin/protobuf/LazyStringList
instanceKlass org/jetbrains/kotlin/protobuf/ProtocolStringList
instanceKlass org/jetbrains/kotlin/metadata/ProtoBuf$StringTableOrBuilder
instanceKlass org/jetbrains/kotlin/metadata/ProtoBuf$PackageFragmentOrBuilder
instanceKlass org/jetbrains/kotlin/metadata/ProtoBuf$TypeParameter$Variance$1
instanceKlass org/jetbrains/kotlin/metadata/ProtoBuf$TypeParameterOrBuilder
instanceKlass org/jetbrains/kotlin/metadata/ProtoBuf$EnumEntryOrBuilder
instanceKlass org/jetbrains/kotlin/metadata/ProtoBuf$Annotation$Argument$Value$Type$1
instanceKlass org/jetbrains/kotlin/protobuf/Internal$EnumLiteMap
instanceKlass org/jetbrains/kotlin/metadata/ProtoBuf$Annotation$Argument$ValueOrBuilder
instanceKlass org/jetbrains/kotlin/metadata/ProtoBuf$ValueParameterOrBuilder
instanceKlass org/jetbrains/kotlin/metadata/ProtoBuf$PropertyOrBuilder
instanceKlass org/jetbrains/kotlin/metadata/ProtoBuf$ContractOrBuilder
instanceKlass org/jetbrains/kotlin/metadata/ProtoBuf$FunctionOrBuilder
instanceKlass org/jetbrains/kotlin/metadata/ProtoBuf$ConstructorOrBuilder
instanceKlass org/jetbrains/kotlin/metadata/ProtoBuf$AnnotationOrBuilder
instanceKlass org/jetbrains/kotlin/metadata/ProtoBuf$TypeOrBuilder
instanceKlass org/jetbrains/kotlin/metadata/ProtoBuf$ClassOrBuilder
instanceKlass org/jetbrains/kotlin/protobuf/Internal$EnumLite
instanceKlass org/jetbrains/kotlin/protobuf/GeneratedMessageLite$ExtensionDescriptor
instanceKlass org/jetbrains/kotlin/protobuf/GeneratedMessageLite$GeneratedExtension
instanceKlass org/jetbrains/kotlin/metadata/ProtoBuf$VersionRequirementTableOrBuilder
instanceKlass org/jetbrains/kotlin/metadata/ProtoBuf$TypeTableOrBuilder
instanceKlass org/jetbrains/kotlin/protobuf/ByteString$ByteIterator
instanceKlass org/jetbrains/kotlin/protobuf/ByteString
instanceKlass org/jetbrains/kotlin/protobuf/SmallSortedMap$EmptySet$2
instanceKlass org/jetbrains/kotlin/protobuf/SmallSortedMap$EmptySet$1
instanceKlass org/jetbrains/kotlin/protobuf/SmallSortedMap$EmptySet
instanceKlass org/jetbrains/kotlin/protobuf/LazyFieldLite
instanceKlass org/jetbrains/kotlin/protobuf/FieldSet
instanceKlass org/jetbrains/kotlin/protobuf/AbstractParser
instanceKlass org/jetbrains/kotlin/protobuf/MessageLite$Builder
instanceKlass org/jetbrains/kotlin/protobuf/Parser
instanceKlass org/jetbrains/kotlin/protobuf/FieldSet$FieldDescriptorLite
instanceKlass org/jetbrains/kotlin/protobuf/AbstractMessageLite
instanceKlass org/jetbrains/kotlin/metadata/ProtoBuf$PackageOrBuilder
instanceKlass org/jetbrains/kotlin/protobuf/GeneratedMessageLite$ExtendableMessageOrBuilder
instanceKlass org/jetbrains/kotlin/protobuf/MessageLite
instanceKlass org/jetbrains/kotlin/protobuf/MessageLiteOrBuilder
instanceKlass org/jetbrains/kotlin/library/metadata/KlibMetadataProtoBuf
instanceKlass org/jetbrains/kotlin/metadata/ExtensionRegistryLiteKt
instanceKlass  @bci org/jetbrains/kotlin/library/metadata/KlibMetadataSerializerProtocol <init> ()V 1 <appendix> argL0 ; # org/jetbrains/kotlin/library/metadata/KlibMetadataSerializerProtocol$$Lambda+0x000000001028b960
instanceKlass org/jetbrains/kotlin/protobuf/ExtensionRegistryLite
instanceKlass org/jetbrains/kotlin/serialization/SerializerExtensionProtocol
instanceKlass org/jetbrains/kotlin/library/metadata/KlibMetadataDeserializationUtilsKt
instanceKlass org/jetbrains/kotlin/library/impl/KlibMetadataComponentImpl
instanceKlass org/jetbrains/kotlin/library/components/KlibMetadataComponent$Kind
instanceKlass org/jetbrains/kotlin/library/components/KlibMetadataComponent
instanceKlass org/jetbrains/kotlin/library/metadata/impl/KlibResolvedModuleDescriptorsFactoryImpl$Companion
instanceKlass org/jetbrains/kotlin/library/metadata/impl/KlibResolvedModuleDescriptorsFactoryImpl
instanceKlass org/jetbrains/kotlin/library/metadata/KlibResolvedModuleDescriptorsFactory
instanceKlass org/jetbrains/kotlin/library/metadata/impl/KlibMetadataModuleDescriptorFactoryImpl
instanceKlass org/jetbrains/kotlin/library/metadata/KlibMetadataModuleDescriptorFactory
instanceKlass org/jetbrains/kotlin/library/metadata/impl/KlibMetadataDeserializedPackageFragmentsFactoryImpl
instanceKlass org/jetbrains/kotlin/library/metadata/KlibMetadataDeserializedPackageFragmentsFactory
instanceKlass org/jetbrains/kotlin/library/metadata/impl/KlibModuleDescriptorFactoryImpl
instanceKlass org/jetbrains/kotlin/library/metadata/KlibModuleDescriptorFactory
instanceKlass org/jetbrains/kotlin/descriptors/deserialization/AdditionalClassPartsProvider$None
instanceKlass org/jetbrains/kotlin/descriptors/deserialization/AdditionalClassPartsProvider
instanceKlass org/jetbrains/kotlin/backend/common/serialization/metadata/DynamicTypeDeserializer
instanceKlass org/jetbrains/kotlin/serialization/deserialization/FlexibleTypeDeserializer
instanceKlass org/jetbrains/kotlin/library/metadata/KlibMetadataFactories
instanceKlass org/jetbrains/kotlin/ir/backend/js/KlibKt
instanceKlass org/jetbrains/kotlin/incremental/components/LookupTracker$DO_NOTHING
instanceKlass org/jetbrains/kotlin/storage/DefaultSimpleLock
instanceKlass org/jetbrains/kotlin/storage/SimpleLock$Companion
instanceKlass org/jetbrains/kotlin/storage/EmptySimpleLock
instanceKlass org/jetbrains/kotlin/storage/LockBasedStorageManager$ExceptionHandlingStrategy$1
instanceKlass org/jetbrains/kotlin/storage/LockBasedStorageManager$ExceptionHandlingStrategy
instanceKlass org/jetbrains/kotlin/storage/CacheWithNotNullValues
instanceKlass org/jetbrains/kotlin/storage/MemoizedFunctionToNullable
instanceKlass org/jetbrains/kotlin/storage/CacheWithNullableValues
instanceKlass org/jetbrains/kotlin/storage/MemoizedFunctionToNotNull
instanceKlass org/jetbrains/kotlin/storage/NotNullLazyValue
instanceKlass org/jetbrains/kotlin/storage/NullableLazyValue
instanceKlass org/jetbrains/kotlin/storage/SimpleLock
instanceKlass org/jetbrains/kotlin/storage/LockBasedStorageManager
instanceKlass org/jetbrains/kotlin/storage/StorageManager
instanceKlass org/jetbrains/kotlin/ir/backend/js/ModulesStructure
instanceKlass sun/nio/ch/SelChImpl
instanceKlass java/nio/channels/NetworkChannel
instanceKlass sun/nio/ch/Streams
instanceKlass java/nio/channels/Channels
instanceKlass jdk/nio/zipfs/ByteArrayChannel
instanceKlass  @bci org/jetbrains/kotlin/backend/common/diagnostics/JarManifestComponent getJarManifest ()Ljava/util/jar/Manifest; 5 <appendix> argL0 ; # org/jetbrains/kotlin/backend/common/diagnostics/JarManifestComponent$$Lambda+0x0000000010286658
instanceKlass org/jetbrains/kotlin/backend/common/diagnostics/JarManifestComponent
instanceKlass  @bci org/jetbrains/kotlin/backend/common/diagnostics/JarManifestComponent$Kind createComponentIfDataInKlibIsAvailable (Lorg/jetbrains/kotlin/library/KlibLayoutReader;)Lorg/jetbrains/kotlin/backend/common/diagnostics/JarManifestComponent; 11 <appendix> argL0 ; # org/jetbrains/kotlin/backend/common/diagnostics/JarManifestComponent$Kind$$Lambda+0x0000000010286218
instanceKlass org/jetbrains/kotlin/backend/common/diagnostics/JarManifestComponent$Kind
instanceKlass org/jetbrains/kotlin/backend/common/diagnostics/LibrarySpecialCompatibilityChecker$CheckedLibrary
instanceKlass kotlin/text/DelimitedRangesSequence$iterator$1
instanceKlass kotlin/sequences/SequencesKt___SequencesKt$asIterable$$inlined$Iterable$1
instanceKlass  @bci org/jetbrains/kotlin/ir/IrAbstractFunctionFactory kFunctionN (I)Lorg/jetbrains/kotlin/ir/declarations/IrClass; 4 <appendix> form vmentry <vmtarget> ; # java/lang/invoke/LambdaForm$DMH+0x0000000010284c00
instanceKlass  @bci kotlin/text/StringsKt__StringsKt rangesDelimitedBy$StringsKt__StringsKt (Ljava/lang/CharSequence;[Ljava/lang/String;IZI)Lkotlin/sequences/Sequence; 22 <appendix> member <vmtarget> ; # kotlin/text/StringsKt__StringsKt$$Lambda+0x0000000010268d50
instanceKlass  @cpi kotlin/text/StringsKt__StringsKt 781 form vmentry <vmtarget> ; # java/lang/invoke/LambdaForm$DMH+0x0000000010284800
instanceKlass kotlin/text/DelimitedRangesSequence
instanceKlass org/jetbrains/kotlin/config/KotlinCompilerVersion
instanceKlass org/jetbrains/kotlin/backend/common/diagnostics/LibrarySpecialCompatibilityChecker$Version$Companion
instanceKlass org/jetbrains/kotlin/backend/common/diagnostics/LibrarySpecialCompatibilityChecker$Version
instanceKlass org/jetbrains/kotlin/backend/common/diagnostics/LibrarySpecialCompatibilityChecker$Companion
instanceKlass org/jetbrains/kotlin/backend/common/diagnostics/LibrarySpecialCompatibilityChecker
instanceKlass org/jetbrains/kotlin/io/PathUtilsKt
instanceKlass org/jetbrains/kotlin/backend/common/LoadedKlibs
instanceKlass org/jetbrains/kotlin/library/loader/KlibLoaderResultKt
instanceKlass  @bci org/jetbrains/kotlin/backend/common/KlibLoaderExtensionsKt reportLoadingProblemsIfAny (Lorg/jetbrains/kotlin/library/loader/KlibLoaderResult;Lorg/jetbrains/kotlin/config/CompilerConfiguration;Z)V 15 <appendix> form vmentry <vmtarget> ; # java/lang/invoke/LambdaForm$DMH+0x0000000010284400
instanceKlass  @bci org/jetbrains/kotlin/backend/common/KlibLoaderExtensionsKt reportLoadingProblemsIfAny (Lorg/jetbrains/kotlin/library/loader/KlibLoaderResult;Lorg/jetbrains/kotlin/config/CompilerConfiguration;Z)V 15 <appendix> member <vmtarget> ; # org/jetbrains/kotlin/backend/common/KlibLoaderExtensionsKt$$Lambda+0x00000000102825d8
instanceKlass  @cpi org/jetbrains/kotlin/backend/common/KlibLoaderExtensionsKt 127 form vmentry <vmtarget> ; # java/lang/invoke/LambdaForm$DMH+0x0000000010284000
instanceKlass org/jetbrains/kotlin/backend/common/KlibLoaderExtensionsKt
instanceKlass org/jetbrains/kotlin/library/loader/KlibLoaderResult
instanceKlass org/jetbrains/kotlin/library/loader/KlibLoaderImpl$LibraryStatus$SuccessfullyLoaded
instanceKlass org/jetbrains/kotlin/library/loader/KlibLoaderImpl$LibraryStatus
instanceKlass org/jetbrains/kotlin/library/impl/KlibIrComponentImpl
instanceKlass org/jetbrains/kotlin/library/components/KlibIrComponent
instanceKlass org/jetbrains/kotlin/library/KlibComponent
instanceKlass org/jetbrains/kotlin/library/components/KlibIrComponentLayout$Companion
instanceKlass org/jetbrains/kotlin/library/components/KlibIrComponent$Kind
instanceKlass org/jetbrains/kotlin/library/KlibComponent$Kind
instanceKlass  @bci java/util/regex/CharPredicates ASCII_SPACE ()Ljava/util/regex/Pattern$BmpCharPredicate; 0 <appendix> argL0 ; # java/util/regex/CharPredicates$$Lambda+0x800000025
instanceKlass org/jetbrains/kotlin/library/KotlinLibraryKt
instanceKlass org/jetbrains/kotlin/library/impl/BuiltInsPlatform$Companion
instanceKlass org/jetbrains/kotlin/library/loader/KlibPlatformChecker$Companion
instanceKlass org/jetbrains/kotlin/library/KlibAttributes
instanceKlass org/jetbrains/kotlin/library/KotlinLibraryVersioning
instanceKlass org/jetbrains/kotlin/library/KotlinIrSignatureVersion$Companion
instanceKlass org/jetbrains/kotlin/library/KotlinIrSignatureVersion
instanceKlass org/jetbrains/kotlin/library/KotlinIrSignatureVersionKt
instanceKlass org/jetbrains/kotlin/metadata/deserialization/MetadataVersion$Companion
instanceKlass org/jetbrains/kotlin/metadata/deserialization/BinaryVersion$Companion
instanceKlass org/jetbrains/kotlin/metadata/deserialization/BinaryVersion
instanceKlass org/jetbrains/kotlin/library/KotlinAbiVersionKt
instanceKlass org/jetbrains/kotlin/library/KotlinLibraryVersioningKt
instanceKlass org/jetbrains/kotlin/library/impl/KlibComponentsCache$Companion
instanceKlass org/jetbrains/kotlin/library/impl/KlibComponentsCache
instanceKlass java/util/Properties$LineReader
instanceKlass  @bci java/time/format/DateTimeFormatter <clinit> ()V 1075 <appendix> argL0 ; # java/time/format/DateTimeFormatter$$Lambda+0x80000001b
instanceKlass  @bci java/time/format/DateTimeFormatter <clinit> ()V 1067 <appendix> argL0 ; # java/time/format/DateTimeFormatter$$Lambda+0x80000001a
instanceKlass java/time/Period
instanceKlass java/time/chrono/ChronoPeriod
instanceKlass java/time/format/DateTimeFormatterBuilder$TextPrinterParser
instanceKlass java/time/format/DateTimeTextProvider$1
instanceKlass java/time/format/DateTimeTextProvider
instanceKlass java/time/format/DateTimeTextProvider$LocaleStore
instanceKlass java/time/format/DateTimeFormatterBuilder$InstantPrinterParser
instanceKlass java/time/format/DateTimeFormatterBuilder$StringLiteralPrinterParser
instanceKlass java/time/format/DateTimeFormatterBuilder$ZoneIdPrinterParser
instanceKlass java/time/format/DateTimeFormatterBuilder$OffsetIdPrinterParser
instanceKlass java/time/format/DecimalStyle
instanceKlass java/time/format/DateTimeFormatterBuilder$CharLiteralPrinterParser
instanceKlass java/time/format/DateTimeFormatter
instanceKlass java/time/format/DateTimeFormatterBuilder$CompositePrinterParser
instanceKlass java/time/format/DateTimeFormatterBuilder$NumberPrinterParser
instanceKlass java/time/format/DateTimeFormatterBuilder$DateTimePrinterParser
instanceKlass java/time/temporal/JulianFields
instanceKlass java/time/temporal/IsoFields
instanceKlass java/util/regex/ASCII
instanceKlass  @bci java/time/format/DateTimeFormatterBuilder <clinit> ()V 0 <appendix> argL0 ; # java/time/format/DateTimeFormatterBuilder$$Lambda+0x80000001c
instanceKlass java/time/temporal/TemporalQuery
instanceKlass java/time/format/DateTimeFormatterBuilder
instanceKlass java/time/Year
instanceKlass java/time/chrono/AbstractChronology
instanceKlass java/time/chrono/Chronology
instanceKlass java/time/zone/ZoneOffsetTransition
instanceKlass java/time/zone/ZoneOffsetTransitionRule
instanceKlass java/time/zone/ZoneRules
instanceKlass java/time/zone/Ser
instanceKlass java/io/Externalizable
instanceKlass java/time/zone/ZoneRulesProvider
instanceKlass sun/util/calendar/ZoneInfoFile$ZoneOffsetTransitionRule
instanceKlass sun/util/calendar/ZoneInfoFile
instanceKlass java/util/TimeZone
instanceKlass java/time/ZoneId
instanceKlass java/time/LocalTime
instanceKlass java/time/Instant
instanceKlass java/time/temporal/ValueRange
instanceKlass java/time/Duration
instanceKlass java/time/temporal/TemporalAmount
instanceKlass java/time/temporal/TemporalUnit
instanceKlass java/time/temporal/TemporalField
instanceKlass java/time/LocalDate
instanceKlass java/time/chrono/ChronoLocalDate
instanceKlass java/time/LocalDateTime
instanceKlass java/time/chrono/ChronoLocalDateTime
instanceKlass java/time/temporal/TemporalAdjuster
instanceKlass java/time/temporal/Temporal
instanceKlass java/time/temporal/TemporalAccessor
instanceKlass jdk/nio/zipfs/ZipUtils
instanceKlass org/jetbrains/kotlin/io/PropertyFileUtilsKt
instanceKlass sun/nio/fs/WindowsSecurity
instanceKlass sun/nio/fs/AbstractAclFileAttributeView
instanceKlass java/nio/file/attribute/AclFileAttributeView
instanceKlass  @bci jdk/nio/zipfs/ZipFileSystem <init> (Ljdk/nio/zipfs/ZipFileSystemProvider;Ljava/nio/file/Path;Ljava/util/Map;)V 595 <appendix> member <vmtarget> ; # jdk/nio/zipfs/ZipFileSystem$$Lambda+0x000000001027c988
instanceKlass java/nio/file/attribute/PosixFileAttributeView
instanceKlass java/nio/file/attribute/FileOwnerAttributeView
instanceKlass jdk/nio/zipfs/ZipFileAttributeView
instanceKlass jdk/nio/zipfs/ZipPath
instanceKlass jdk/nio/zipfs/ZipFileSystem$END
instanceKlass jdk/nio/zipfs/ZipConstants
instanceKlass sun/nio/ch/Util$BufferCache
instanceKlass sun/nio/ch/Util
instanceKlass sun/nio/ch/IOStatus
instanceKlass sun/nio/ch/NativeThread
instanceKlass sun/nio/fs/WindowsChannelFactory$2
instanceKlass sun/nio/fs/WindowsSecurityDescriptor
instanceKlass jdk/nio/zipfs/ZipCoder
instanceKlass sun/nio/ch/FileChannelImpl$Closer
instanceKlass sun/nio/ch/NativeThreadSet
instanceKlass java/nio/channels/spi/AbstractInterruptibleChannel$1
instanceKlass sun/nio/ch/Interruptible
instanceKlass sun/nio/ch/IOUtil
instanceKlass sun/nio/ch/NativeDispatcher
instanceKlass sun/nio/fs/WindowsChannelFactory$Flags
instanceKlass sun/nio/fs/WindowsChannelFactory$1
instanceKlass sun/nio/fs/WindowsChannelFactory
instanceKlass sun/nio/fs/WindowsFileSystemProvider$1
instanceKlass java/util/concurrent/locks/ReentrantReadWriteLock$WriteLock
instanceKlass java/util/concurrent/locks/ReentrantReadWriteLock$ReadLock
instanceKlass java/util/concurrent/locks/ReentrantReadWriteLock
instanceKlass java/util/Collections$SynchronizedCollection
instanceKlass  @bci java/util/function/Function identity ()Ljava/util/function/Function; 0 <appendix> argL0 ; # java/util/function/Function$$Lambda+0x000000001002f0e0
instanceKlass java/nio/file/attribute/PosixFileAttributes
instanceKlass jdk/nio/zipfs/ZipFileAttributes
instanceKlass jdk/nio/zipfs/ZipFileSystem$IndexNode
instanceKlass java/util/concurrent/locks/ReadWriteLock
instanceKlass java/util/AbstractMap$SimpleEntry
instanceKlass jdk/internal/jimage/ImageBufferCache$2
instanceKlass jdk/internal/jimage/ImageBufferCache
instanceKlass sun/net/www/MessageHeader
instanceKlass jdk/internal/module/SystemModuleFinders
instanceKlass java/nio/channels/AsynchronousFileChannel
instanceKlass java/nio/channels/AsynchronousChannel
instanceKlass java/util/concurrent/ExecutorService
instanceKlass java/util/concurrent/Executor
instanceKlass java/nio/file/FileStore
instanceKlass java/nio/file/DirectoryStream
instanceKlass java/nio/file/DirectoryStream$Filter
instanceKlass java/nio/channels/ScatteringByteChannel
instanceKlass java/nio/channels/GatheringByteChannel
instanceKlass java/nio/channels/SeekableByteChannel
instanceKlass java/nio/channels/ByteChannel
instanceKlass java/nio/channels/WritableByteChannel
instanceKlass java/nio/channels/ReadableByteChannel
instanceKlass java/nio/channels/spi/AbstractInterruptibleChannel
instanceKlass java/nio/channels/InterruptibleChannel
instanceKlass java/nio/channels/Channel
instanceKlass java/nio/file/attribute/FileAttribute
instanceKlass jdk/internal/module/ModulePatcher$PatchedModuleReader
instanceKlass org/jetbrains/kotlin/io/ZipFileSystemUtilsKt
instanceKlass kotlin/jvm/internal/Lambda
instanceKlass org/jetbrains/kotlin/library/KlibLayoutReader$Companion
instanceKlass org/jetbrains/kotlin/library/KlibLayoutReader
instanceKlass org/jetbrains/kotlin/library/KlibFormat$ZipArchive
instanceKlass org/jetbrains/kotlin/library/KlibFormat$Companion
instanceKlass org/jetbrains/kotlin/library/KlibFormat
instanceKlass org/jetbrains/kotlin/library/KlibComponentLayout
instanceKlass org/jetbrains/kotlin/library/KlibLayoutReaderFactory
instanceKlass org/jetbrains/kotlin/library/impl/KlibImpl
instanceKlass org/jetbrains/kotlin/library/KotlinLibrary
instanceKlass org/jetbrains/kotlin/library/Klib
instanceKlass org/jetbrains/kotlin/library/BaseKotlinLibrary
instanceKlass sun/nio/fs/WindowsLinkSupport
instanceKlass kotlin/collections/builders/ListBuilder$Itr
instanceKlass kotlin/jvm/internal/markers/KMutableListIterator
instanceKlass org/jetbrains/kotlin/library/loader/KlibLoaderImpl
instanceKlass org/jetbrains/kotlin/library/loader/DefaultKlibLibraryProvider
instanceKlass org/jetbrains/kotlin/library/loader/KlibLibraryProvider
instanceKlass org/jetbrains/kotlin/library/KotlinAbiVersion$Companion
instanceKlass org/jetbrains/kotlin/library/KotlinAbiVersion
instanceKlass org/jetbrains/kotlin/library/loader/KlibLoader$1
instanceKlass  @bci org/jetbrains/kotlin/ir/backend/js/LoadWebKlibsKt loadWebKlibs (Lorg/jetbrains/kotlin/config/CompilerConfiguration;Lorg/jetbrains/kotlin/library/loader/KlibPlatformChecker;)Lorg/jetbrains/kotlin/backend/common/LoadedKlibs; 18 <appendix> member <vmtarget> ; # org/jetbrains/kotlin/ir/backend/js/LoadWebKlibsKt$$Lambda+0x0000000010273088
instanceKlass org/jetbrains/kotlin/library/loader/KlibLoaderSpec
instanceKlass org/jetbrains/kotlin/library/loader/KlibLoader
instanceKlass org/jetbrains/kotlin/ir/backend/js/LoadWebKlibsKt
instanceKlass org/jetbrains/kotlin/library/loader/KlibPlatformChecker$Wasm
instanceKlass org/jetbrains/kotlin/library/loader/KlibPlatformChecker
instanceKlass  @bci org/jetbrains/kotlin/util/PerformanceManager notifyPhaseStarted (Lorg/jetbrains/kotlin/util/PhaseType;)V 61 <appendix> member <vmtarget> ; # org/jetbrains/kotlin/util/PerformanceManager$$Lambda+0x00000000102723f0
instanceKlass  @bci org/jetbrains/kotlin/util/PerformanceManager notifyPhaseStarted (Lorg/jetbrains/kotlin/util/PhaseType;)V 21 <appendix> member <vmtarget> ; # org/jetbrains/kotlin/util/PerformanceManager$$Lambda+0x00000000102721c0
instanceKlass org/jetbrains/kotlin/cli/pipeline/PerformanceNotifications$AbstractNotification
instanceKlass java/util/TreeMap$Entry
instanceKlass  @bci org/jetbrains/kotlin/util/PerformanceManager finishPhase (Lorg/jetbrains/kotlin/util/PhaseType;)V 52 <appendix> member <vmtarget> ; # org/jetbrains/kotlin/util/PerformanceManager$$Lambda+0x00000000102713d0
instanceKlass  @bci org/jetbrains/kotlin/util/PerformanceManager notifyPhaseFinished (Lorg/jetbrains/kotlin/util/PhaseType;)V 24 <appendix> member <vmtarget> ; # org/jetbrains/kotlin/util/PerformanceManager$$Lambda+0x00000000102711a0
instanceKlass  @bci org/jetbrains/kotlin/util/PerformanceManager ensureNotFinalizedAndSameThread ()V 53 <appendix> argL0 ; # org/jetbrains/kotlin/util/PerformanceManager$$Lambda+0x0000000010270f78
instanceKlass  @bci org/jetbrains/kotlin/util/PerformanceManager ensureNotFinalizedAndSameThread ()V 23 <appendix> argL0 ; # org/jetbrains/kotlin/util/PerformanceManager$$Lambda+0x0000000010270d50
instanceKlass org/jetbrains/kotlin/platform/JsPlatformKt
instanceKlass com/google/common/collect/LinkedHashMultimap$1
instanceKlass  @bci java/util/stream/MatchOps makeRef (Ljava/util/function/Predicate;Ljava/util/stream/MatchOps$MatchKind;)Ljava/util/stream/TerminalOp; 20 <appendix> member <vmtarget> ; # java/util/stream/MatchOps$$Lambda+0x800000004
instanceKlass java/util/stream/MatchOps$BooleanTerminalSink
instanceKlass java/util/stream/MatchOps$MatchOp
instanceKlass java/util/stream/MatchOps
instanceKlass  @bci org/jetbrains/kotlin/cli/common/messages/GroupingMessageCollector hasExplicitErrors ()Z 14 <appendix> argL0 ; # org/jetbrains/kotlin/cli/common/messages/GroupingMessageCollector$$Lambda+0x0000000010270428
instanceKlass java/util/Spliterators$IteratorSpliterator
instanceKlass  @bci org/jetbrains/kotlin/cli/common/CLIConfigurationKeysKt getDiagnosticsCollector (Lorg/jetbrains/kotlin/config/CompilerConfiguration;)Lorg/jetbrains/kotlin/diagnostics/impl/BaseDiagnosticsCollector; 10 <appendix> argL0 ; # org/jetbrains/kotlin/cli/common/CLIConfigurationKeysKt$$Lambda+0x000000001026f310
instanceKlass org/jetbrains/kotlin/cli/common/CreatePhaseConfigKt
instanceKlass org/jetbrains/kotlin/wasm/config/WasmConfigurationKeysKt
instanceKlass org/jetbrains/kotlin/js/config/WebArtifactConfiguration$Companion
instanceKlass org/jetbrains/kotlin/js/config/WebArtifactConfiguration
instanceKlass  @bci org/jetbrains/kotlin/ir/backend/js/wasm/KtDefaultWasmKlibErrorMessages <clinit> ()V 23 <appendix> argL0 ; # org/jetbrains/kotlin/ir/backend/js/wasm/KtDefaultWasmKlibErrorMessages$$Lambda+0x000000001026d990
instanceKlass org/jetbrains/kotlin/diagnostics/rendering/DiagnosticParameterRendererKt$Renderer$1
instanceKlass org/jetbrains/kotlin/diagnostics/rendering/ContextIndependentParameterRenderer
instanceKlass org/jetbrains/kotlin/diagnostics/rendering/DiagnosticParameterRenderer
instanceKlass org/jetbrains/kotlin/diagnostics/rendering/DiagnosticParameterRendererKt
instanceKlass  @bci org/jetbrains/kotlin/ir/backend/js/wasm/KtDefaultWasmKlibErrorMessages <clinit> ()V 10 <appendix> argL0 ; # org/jetbrains/kotlin/ir/backend/js/wasm/KtDefaultWasmKlibErrorMessages$$Lambda+0x000000001026cef0
instanceKlass org/jetbrains/kotlin/ir/backend/js/wasm/WasmKlibErrorsKt
instanceKlass org/jetbrains/kotlin/diagnostics/DeprecationDiagnosticFactory3DelegateProvider
instanceKlass  @bci org/jetbrains/kotlin/ir/inline/diagnostics/KtDefaultSerializationErrorMessages <clinit> ()V 12 <appendix> argL0 ; # org/jetbrains/kotlin/ir/inline/diagnostics/KtDefaultSerializationErrorMessages$$Lambda+0x000000001026c238
instanceKlass org/jetbrains/kotlin/diagnostics/KtDiagnosticFactoryForDeprecation
instanceKlass org/jetbrains/kotlin/diagnostics/DeprecationDiagnosticFactory2DelegateProvider
instanceKlass  @bci org/jetbrains/kotlin/backend/common/linkage/partial/KtDefaultPartialLinkageErrorMessages <clinit> ()V 12 <appendix> argL0 ; # org/jetbrains/kotlin/backend/common/linkage/partial/KtDefaultPartialLinkageErrorMessages$$Lambda+0x00000000101cb560
instanceKlass kotlin/reflect/jvm/internal/impl/metadata/jvm/deserialization/JvmFlags
instanceKlass kotlin/reflect/jvm/internal/impl/load/java/DescriptorsJvmAbiUtil
instanceKlass kotlin/reflect/jvm/internal/impl/metadata/jvm/deserialization/JvmMemberSignature
instanceKlass kotlin/reflect/jvm/internal/impl/metadata/jvm/deserialization/ClassMapperLite
instanceKlass kotlin/reflect/jvm/internal/JvmPropertySignature
instanceKlass kotlin/reflect/jvm/internal/impl/metadata/deserialization/ProtoBufUtilKt
instanceKlass kotlin/reflect/jvm/internal/impl/descriptors/Visibilities
instanceKlass kotlin/reflect/jvm/internal/impl/types/TypeProjectionBase
instanceKlass kotlin/reflect/jvm/internal/impl/types/DisjointKeysUnionTypeSubstitution$Companion
instanceKlass kotlin/reflect/jvm/internal/impl/types/TypeSubstitutor
instanceKlass kotlin/reflect/jvm/internal/impl/types/model/TypeSubstitutorMarker
instanceKlass kotlin/reflect/jvm/internal/impl/types/TypeConstructorSubstitution$Companion
instanceKlass kotlin/reflect/jvm/internal/impl/types/DescriptorSubstitutor
instanceKlass kotlin/reflect/jvm/internal/impl/types/TypeSubstitution$Companion
instanceKlass kotlin/reflect/jvm/internal/impl/types/TypeSubstitution
instanceKlass kotlin/reflect/jvm/internal/impl/descriptors/impl/PropertyDescriptorImpl$CopyConfiguration
instanceKlass kotlin/reflect/jvm/internal/impl/resolve/OverridingUtil$4
instanceKlass kotlin/reflect/jvm/internal/impl/resolve/OverridingUtil$8
instanceKlass kotlin/reflect/jvm/internal/impl/descriptors/impl/TypeAliasConstructorDescriptor
instanceKlass kotlin/reflect/jvm/internal/impl/resolve/OverridingUtil$5
instanceKlass kotlin/reflect/jvm/internal/impl/utils/SmartSet$Companion
instanceKlass kotlin/reflect/jvm/internal/impl/resolve/OverridingStrategy
instanceKlass kotlin/reflect/jvm/internal/impl/serialization/deserialization/MemberDeserializer$$Lambda$3
instanceKlass kotlin/reflect/jvm/internal/impl/descriptors/impl/ValueParameterDescriptorImpl$Companion
instanceKlass kotlin/reflect/jvm/internal/impl/descriptors/SimpleFunctionDescriptor
instanceKlass kotlin/reflect/jvm/internal/impl/descriptors/ValueParameterDescriptor
instanceKlass kotlin/reflect/jvm/internal/impl/resolve/DescriptorFactory
instanceKlass kotlin/reflect/jvm/internal/impl/resolve/scopes/receivers/ImplicitClassReceiver
instanceKlass kotlin/reflect/jvm/internal/impl/resolve/scopes/receivers/ThisClassReceiver
instanceKlass kotlin/reflect/jvm/internal/impl/resolve/scopes/receivers/ImplicitReceiver
instanceKlass kotlin/reflect/jvm/internal/impl/types/KotlinTypeFactory$$Lambda$0
instanceKlass kotlin/reflect/jvm/internal/impl/descriptors/impl/ModuleAwareClassDescriptorKt
instanceKlass kotlin/reflect/jvm/internal/impl/serialization/deserialization/MemberDeserializer$$Lambda$2
instanceKlass kotlin/reflect/jvm/internal/impl/serialization/deserialization/descriptors/DeserializedCallableMemberDescriptor
instanceKlass kotlin/reflect/jvm/internal/impl/serialization/deserialization/descriptors/DeserializedMemberDescriptor
instanceKlass kotlin/reflect/jvm/internal/impl/serialization/deserialization/descriptors/DescriptorWithContainerSource
instanceKlass kotlin/sequences/GeneratorSequence$iterator$1
instanceKlass  @bci kotlin/sequences/SequencesKt__SequencesKt generateSequence (Lkotlin/jvm/functions/Function0;)Lkotlin/sequences/Sequence; 12 <appendix> member <vmtarget> ; # kotlin/sequences/SequencesKt__SequencesKt$$Lambda+0x000000001025ccd0
instanceKlass kotlin/sequences/GeneratorSequence
instanceKlass kotlin/reflect/jvm/internal/impl/serialization/deserialization/descriptors/DeserializedMemberScope$OptimizedImplementation$computeDescriptors$1$1
instanceKlass kotlin/reflect/jvm/internal/impl/load/java/typeEnhancement/JavaTypeEnhancement$Result
instanceKlass kotlin/reflect/jvm/internal/impl/load/java/typeEnhancement/JavaTypeEnhancement$SimpleResult
instanceKlass kotlin/reflect/jvm/internal/impl/load/java/typeEnhancement/TypeComponentPositionKt
instanceKlass kotlin/reflect/jvm/internal/impl/types/model/FlexibleTypeMarker
instanceKlass kotlin/reflect/jvm/internal/impl/types/KotlinTypeKt
instanceKlass kotlin/reflect/jvm/internal/impl/load/java/typeEnhancement/AbstractSignatureParts$$Lambda$3
instanceKlass kotlin/reflect/jvm/internal/impl/load/java/typeEnhancement/TypeEnhancementUtilsKt
instanceKlass kotlin/reflect/jvm/internal/impl/load/java/typeEnhancement/JavaTypeQualifiers$Companion
instanceKlass kotlin/reflect/jvm/internal/impl/load/java/AbstractAnnotationTypeQualifierResolver$$Lambda$0
instanceKlass kotlin/reflect/jvm/internal/impl/load/java/typeEnhancement/AbstractSignatureParts$$Lambda$0
instanceKlass kotlin/reflect/jvm/internal/impl/descriptors/TypeParameterDescriptor
instanceKlass kotlin/reflect/jvm/internal/impl/types/model/TypeParameterMarker
instanceKlass kotlin/reflect/jvm/internal/impl/load/java/typeEnhancement/AbstractSignatureParts$$Lambda$2
instanceKlass kotlin/reflect/jvm/internal/impl/load/java/typeEnhancement/JavaTypeQualifiers
instanceKlass kotlin/reflect/jvm/internal/impl/types/RawType
instanceKlass kotlin/reflect/jvm/internal/impl/types/checker/ClassicTypeSystemContext$DefaultImpls
instanceKlass kotlin/reflect/jvm/internal/impl/load/java/typeEnhancement/AbstractSignatureParts$$Lambda$4
instanceKlass kotlin/reflect/jvm/internal/impl/util/TypeRegistry$$Lambda$0
instanceKlass kotlin/reflect/jvm/internal/impl/util/AbstractArrayMapOwner$AbstractArrayMapAccessor
instanceKlass kotlin/reflect/jvm/internal/impl/types/TypeAttribute
instanceKlass kotlin/reflect/jvm/internal/impl/types/AnnotationsTypeAttributeKt
instanceKlass kotlin/sequences/SequencesKt__SequencesKt$sequenceOf$1$1
instanceKlass kotlin/jvm/internal/ArrayIterator
instanceKlass kotlin/jvm/internal/ArrayIteratorKt
instanceKlass kotlin/sequences/FlatteningSequence$iterator$1
instanceKlass  @bci kotlin/sequences/SequencesKt___SequencesKt filterNotNull (Lkotlin/sequences/Sequence;)Lkotlin/sequences/Sequence; 7 <appendix> argL0 ; # kotlin/sequences/SequencesKt___SequencesKt$$Lambda+0x00000000102574f0
instanceKlass  @bci kotlin/sequences/SequencesKt__SequencesKt flatten$SequencesKt__SequencesKt (Lkotlin/sequences/Sequence;Lkotlin/jvm/functions/Function1;)Lkotlin/sequences/Sequence; 21 <appendix> argL0 ; # kotlin/sequences/SequencesKt__SequencesKt$$Lambda+0x00000000102572c8
instanceKlass kotlin/sequences/FlatteningSequence
instanceKlass  @bci kotlin/sequences/SequencesKt__SequencesKt flatten (Lkotlin/sequences/Sequence;)Lkotlin/sequences/Sequence; 7 <appendix> argL0 ; # kotlin/sequences/SequencesKt__SequencesKt$$Lambda+0x0000000010256e70
instanceKlass kotlin/collections/ArraysKt___ArraysKt$asSequence$$inlined$Sequence$1
instanceKlass kotlin/sequences/SequencesKt__SequencesKt$sequenceOf$$inlined$Sequence$1
instanceKlass kotlin/reflect/jvm/internal/impl/load/java/typeEnhancement/AbstractSignatureParts$TypeAndDefaultQualifiers
instanceKlass kotlin/reflect/jvm/internal/impl/types/checker/SimpleClassicTypeSystemContext
instanceKlass kotlin/reflect/jvm/internal/impl/types/checker/ClassicTypeSystemContext
instanceKlass kotlin/reflect/jvm/internal/impl/types/model/TypeSystemInferenceExtensionContext
instanceKlass kotlin/reflect/jvm/internal/impl/types/model/TypeSystemCommonSuperTypesContext
instanceKlass kotlin/reflect/jvm/internal/impl/types/model/TypeSystemTypeFactoryContext
instanceKlass kotlin/reflect/jvm/internal/impl/types/model/TypeCheckerProviderContext
instanceKlass kotlin/reflect/jvm/internal/impl/types/TypeSystemCommonBackendContext
instanceKlass kotlin/reflect/jvm/internal/impl/types/model/TypeSystemContext
instanceKlass kotlin/reflect/jvm/internal/impl/types/model/TypeSystemOptimizationContext
instanceKlass kotlin/reflect/jvm/internal/impl/load/java/typeEnhancement/AbstractSignatureParts
instanceKlass java/lang/reflect/ParameterizedType
instanceKlass kotlin/reflect/jvm/internal/impl/descriptors/DescriptorUtilKt
instanceKlass kotlin/reflect/jvm/internal/impl/types/TypeAttributeTranslator$DefaultImpls
instanceKlass kotlin/reflect/jvm/internal/impl/types/TypeAttributesKt
instanceKlass kotlin/reflect/jvm/internal/impl/load/java/structure/JavaPrimitiveType
instanceKlass kotlin/reflect/jvm/internal/impl/types/ErasureTypeAttributes
instanceKlass kotlin/reflect/jvm/internal/impl/load/java/lazy/types/JavaTypeAttributesKt
instanceKlass kotlin/reflect/jvm/internal/impl/load/java/FakePureImplementationsProvider
instanceKlass kotlin/reflect/jvm/internal/impl/load/java/components/JavaAnnotationMapper
instanceKlass kotlin/reflect/jvm/internal/impl/descriptors/runtime/structure/ReflectJavaAnnotationOwnerKt
instanceKlass kotlin/reflect/jvm/internal/impl/descriptors/runtime/structure/ReflectJavaType$Factory
instanceKlass kotlin/reflect/jvm/internal/impl/descriptors/runtime/structure/ReflectJavaType
instanceKlass kotlin/reflect/jvm/internal/impl/load/java/structure/JavaClassifierType
instanceKlass kotlin/reflect/jvm/internal/impl/load/java/structure/JavaType
instanceKlass kotlin/reflect/jvm/internal/impl/load/java/structure/ListBasedJavaAnnotationOwner
instanceKlass kotlin/jvm/internal/SpreadBuilder
instanceKlass kotlin/reflect/jvm/internal/impl/load/java/structure/JavaField
instanceKlass kotlin/collections/CollectionsKt___CollectionsKt$asSequence$$inlined$Sequence$1
instanceKlass kotlin/sequences/FilteringSequence$iterator$1
instanceKlass kotlin/sequences/TransformingSequence$iterator$1
instanceKlass kotlin/sequences/TransformingSequence
instanceKlass kotlin/reflect/jvm/internal/impl/load/java/structure/JavaMethod
instanceKlass kotlin/reflect/jvm/internal/impl/load/java/structure/JavaMember
instanceKlass kotlin/sequences/FilteringSequence
instanceKlass kotlin/reflect/jvm/internal/impl/descriptors/runtime/structure/ReflectJavaClass$$Lambda$2
instanceKlass kotlin/sequences/EmptySequence
instanceKlass kotlin/sequences/DropTakeSequence
instanceKlass kotlin/reflect/jvm/internal/impl/load/java/lazy/descriptors/ClassDeclaredMemberIndex$$Lambda$0
instanceKlass kotlin/reflect/jvm/internal/impl/load/java/lazy/descriptors/LazyJavaClassMemberScope$$Lambda$5
instanceKlass kotlin/reflect/jvm/internal/impl/load/java/lazy/descriptors/ClassDeclaredMemberIndex
instanceKlass kotlin/reflect/jvm/internal/impl/load/java/lazy/descriptors/DeclaredMemberIndex
instanceKlass kotlin/reflect/jvm/internal/impl/resolve/scopes/DescriptorKindFilter$$Lambda$1
instanceKlass kotlin/reflect/jvm/internal/impl/resolve/scopes/DescriptorKindFilter$$Lambda$0
instanceKlass kotlin/reflect/jvm/internal/impl/resolve/scopes/DescriptorKindFilter$Companion
instanceKlass kotlin/reflect/jvm/internal/impl/resolve/scopes/DescriptorKindFilter
instanceKlass kotlin/reflect/jvm/internal/impl/util/collectionUtils/ScopeUtilsKt
instanceKlass kotlin/reflect/jvm/internal/impl/serialization/deserialization/DeserializedPackageFragmentImpl$$Lambda$1
instanceKlass java/util/LinkedList$ListItr
instanceKlass kotlin/Triple
instanceKlass java/util/LinkedList$Node
instanceKlass kotlin/reflect/jvm/internal/impl/metadata/deserialization/NameResolverImpl$WhenMappings
instanceKlass kotlin/reflect/jvm/internal/impl/protobuf/Utf8
instanceKlass kotlin/reflect/jvm/internal/impl/serialization/deserialization/DeserializedPackageFragmentImpl$$Lambda$0
instanceKlass kotlin/reflect/jvm/internal/impl/serialization/deserialization/ProtoBasedClassDataFinder
instanceKlass kotlin/reflect/jvm/internal/impl/metadata/deserialization/NameResolverImpl
instanceKlass kotlin/reflect/jvm/internal/impl/metadata/ProtoBuf$Annotation$ArgumentOrBuilder
instanceKlass kotlin/reflect/jvm/internal/impl/metadata/ProtoBuf$QualifiedNameTable$QualifiedName$Kind$1
instanceKlass kotlin/reflect/jvm/internal/impl/metadata/ProtoBuf$QualifiedNameTable$QualifiedNameOrBuilder
instanceKlass kotlin/reflect/jvm/internal/impl/metadata/ProtoBuf$QualifiedNameTableOrBuilder
instanceKlass kotlin/reflect/jvm/internal/impl/protobuf/LazyStringList
instanceKlass kotlin/reflect/jvm/internal/impl/protobuf/ProtocolStringList
instanceKlass kotlin/reflect/jvm/internal/impl/metadata/ProtoBuf$StringTableOrBuilder
instanceKlass kotlin/reflect/jvm/internal/impl/metadata/ProtoBuf$PackageFragmentOrBuilder
instanceKlass kotlin/collections/IntIterator
instanceKlass jdk/internal/util/ByteArray
instanceKlass kotlin/internal/ProgressionUtilKt
instanceKlass kotlin/ranges/IntRange$Companion
instanceKlass kotlin/ranges/IntProgression$Companion
instanceKlass kotlin/ranges/IntProgression
instanceKlass kotlin/ranges/OpenEndRange
instanceKlass kotlin/ranges/ClosedRange
instanceKlass kotlin/reflect/jvm/internal/impl/metadata/builtins/BuiltInsBinaryVersion$Companion
instanceKlass kotlin/reflect/jvm/internal/impl/metadata/builtins/ReadPackageFragmentKt
instanceKlass kotlin/reflect/jvm/internal/impl/serialization/deserialization/builtins/BuiltInsPackageFragmentImpl$Companion
instanceKlass kotlin/reflect/jvm/internal/impl/builtins/BuiltInsPackageFragment
instanceKlass kotlin/reflect/jvm/internal/impl/load/java/lazy/descriptors/LazyJavaClassDescriptor$$Lambda$2
instanceKlass kotlin/reflect/jvm/internal/impl/load/java/lazy/descriptors/LazyJavaClassDescriptor$$Lambda$1
instanceKlass kotlin/reflect/jvm/internal/impl/load/java/lazy/descriptors/LazyJavaClassMemberScope$$Lambda$4
instanceKlass kotlin/reflect/jvm/internal/impl/load/java/lazy/descriptors/LazyJavaClassMemberScope$$Lambda$3
instanceKlass kotlin/reflect/jvm/internal/impl/load/java/lazy/descriptors/LazyJavaClassMemberScope$$Lambda$2
instanceKlass kotlin/reflect/jvm/internal/impl/load/java/lazy/descriptors/LazyJavaClassMemberScope$$Lambda$1
instanceKlass kotlin/reflect/jvm/internal/impl/load/java/lazy/descriptors/LazyJavaClassMemberScope$$Lambda$0
instanceKlass kotlin/reflect/jvm/internal/impl/load/java/lazy/descriptors/LazyJavaClassDescriptor$LazyJavaClassTypeConstructor$$Lambda$0
instanceKlass java/lang/reflect/AnnotatedType
instanceKlass kotlin/reflect/jvm/internal/impl/descriptors/runtime/structure/Java16SealedRecordLoader$Cache
instanceKlass kotlin/reflect/jvm/internal/impl/descriptors/runtime/structure/Java16SealedRecordLoader
instanceKlass kotlin/reflect/jvm/internal/impl/load/java/lazy/descriptors/LazyJavaClassDescriptor$$Lambda$0
instanceKlass kotlin/reflect/jvm/internal/impl/load/java/lazy/LazyJavaTypeParameterResolver$$Lambda$0
instanceKlass sun/reflect/generics/tree/ClassSignature
instanceKlass sun/reflect/generics/tree/Signature
instanceKlass sun/reflect/generics/tree/FormalTypeParameter
instanceKlass java/lang/reflect/TypeVariable
instanceKlass sun/reflect/generics/repository/AbstractRepository
instanceKlass kotlin/reflect/jvm/internal/impl/load/java/lazy/LazyJavaTypeParameterResolver
instanceKlass kotlin/reflect/jvm/internal/impl/descriptors/runtime/components/RuntimeSourceElementFactory$RuntimeSourceElement
instanceKlass kotlin/reflect/jvm/internal/impl/load/java/sources/JavaSourceElement
instanceKlass kotlin/reflect/jvm/internal/impl/load/java/lazy/descriptors/LazyJavaClassDescriptor$Companion
instanceKlass kotlin/reflect/jvm/internal/impl/load/java/descriptors/JavaClassDescriptor
instanceKlass kotlin/reflect/jvm/internal/impl/load/java/structure/JavaClass
instanceKlass kotlin/reflect/jvm/internal/impl/load/java/structure/JavaTypeParameterListOwner
instanceKlass kotlin/reflect/jvm/internal/impl/load/java/structure/JavaClassifier
instanceKlass kotlin/reflect/jvm/internal/impl/load/java/structure/JavaNamedElement
instanceKlass kotlin/reflect/jvm/internal/impl/descriptors/runtime/structure/ReflectJavaModifierListOwner
instanceKlass kotlin/reflect/jvm/internal/impl/load/java/structure/JavaModifierListOwner
instanceKlass kotlin/reflect/jvm/internal/impl/descriptors/runtime/structure/ReflectJavaAnnotationOwner
instanceKlass kotlin/reflect/jvm/internal/impl/load/java/JavaClassFinder$Request
instanceKlass kotlin/reflect/jvm/internal/impl/metadata/ProtoBuf$Type$ArgumentOrBuilder
instanceKlass kotlin/reflect/jvm/internal/impl/types/AbstractTypeConstructor$$Lambda$4
instanceKlass kotlin/reflect/jvm/internal/impl/types/AbstractTypeConstructor$$Lambda$3
instanceKlass kotlin/reflect/jvm/internal/impl/storage/SingleThreadValue
instanceKlass kotlin/reflect/jvm/internal/impl/load/kotlin/SignatureBuildingComponents
instanceKlass kotlin/reflect/jvm/internal/impl/builtins/jvm/JvmBuiltInsSignatures
instanceKlass kotlin/reflect/jvm/internal/impl/descriptors/TypeAliasDescriptor
instanceKlass kotlin/reflect/jvm/internal/impl/util/EmptyArrayMap$iterator$1
instanceKlass kotlin/reflect/jvm/internal/impl/serialization/deserialization/TypeDeserializer$$Lambda$2
instanceKlass kotlin/reflect/jvm/internal/impl/serialization/deserialization/descriptors/DeserializedClassDescriptor$$Lambda$5
instanceKlass kotlin/reflect/jvm/internal/impl/serialization/deserialization/descriptors/DeserializedAnnotations
instanceKlass kotlin/reflect/jvm/internal/impl/metadata/deserialization/ProtoTypeTableUtilKt
instanceKlass kotlin/reflect/jvm/internal/impl/types/AbstractTypeConstructor$Supertypes
instanceKlass kotlin/reflect/jvm/internal/impl/descriptors/TypeParameterUtilsKt
instanceKlass kotlin/reflect/jvm/internal/impl/serialization/deserialization/descriptors/DeserializedClassDescriptor$DeserializedClassMemberScope$$Lambda$2
instanceKlass kotlin/reflect/jvm/internal/impl/serialization/deserialization/descriptors/DeserializedClassDescriptor$DeserializedClassMemberScope$$Lambda$1
instanceKlass kotlin/reflect/jvm/internal/impl/protobuf/SmallSortedMap$EntryIterator
instanceKlass kotlin/reflect/jvm/internal/impl/protobuf/GeneratedMessageLite$ExtendableMessage$ExtensionWriter
instanceKlass kotlin/reflect/jvm/internal/impl/serialization/deserialization/descriptors/DeserializedClassDescriptor$DeserializedClassMemberScope$$Lambda$0
instanceKlass java/util/ArrayList$SubList$1
instanceKlass kotlin/reflect/jvm/internal/impl/load/java/lazy/descriptors/LazyJavaPackageScope$KotlinClassLookupResult
instanceKlass kotlin/reflect/jvm/internal/impl/serialization/deserialization/ProtoContainer
instanceKlass kotlin/reflect/jvm/internal/impl/serialization/deserialization/descriptors/DeserializedClassDescriptor$$Lambda$4
instanceKlass kotlin/reflect/jvm/internal/impl/serialization/deserialization/descriptors/DeserializedClassDescriptor$$Lambda$3
instanceKlass kotlin/reflect/jvm/internal/impl/serialization/deserialization/descriptors/DeserializedClassDescriptor$$Lambda$2
instanceKlass kotlin/reflect/jvm/internal/impl/serialization/deserialization/descriptors/DeserializedClassDescriptor$$Lambda$1
instanceKlass kotlin/reflect/jvm/internal/impl/serialization/deserialization/descriptors/DeserializedClassDescriptor$$Lambda$0
instanceKlass kotlin/reflect/jvm/internal/impl/descriptors/ScopesHolderForClass$$Lambda$0
instanceKlass kotlin/reflect/jvm/internal/impl/descriptors/ScopesHolderForClass$Companion
instanceKlass kotlin/reflect/jvm/internal/impl/descriptors/ScopesHolderForClass
instanceKlass kotlin/reflect/jvm/internal/impl/serialization/deserialization/descriptors/DeserializedClassDescriptor$DeserializedClassTypeConstructor$$Lambda$0
instanceKlass kotlin/reflect/jvm/internal/impl/serialization/deserialization/descriptors/DeserializedClassDescriptor$DeserializedClassStaticScope$$Lambda$1
instanceKlass kotlin/reflect/jvm/internal/impl/serialization/deserialization/descriptors/DeserializedMemberScope$$Lambda$1
instanceKlass kotlin/reflect/jvm/internal/impl/serialization/deserialization/descriptors/DeserializedMemberScope$$Lambda$0
instanceKlass kotlin/reflect/jvm/internal/impl/serialization/deserialization/descriptors/DeserializedMemberScope$OptimizedImplementation$$Lambda$4
instanceKlass kotlin/reflect/jvm/internal/impl/serialization/deserialization/descriptors/DeserializedMemberScope$OptimizedImplementation$$Lambda$3
instanceKlass kotlin/reflect/jvm/internal/impl/serialization/deserialization/descriptors/DeserializedMemberScope$OptimizedImplementation$$Lambda$2
instanceKlass kotlin/reflect/jvm/internal/impl/serialization/deserialization/descriptors/DeserializedMemberScope$OptimizedImplementation$$Lambda$1
instanceKlass kotlin/reflect/jvm/internal/impl/serialization/deserialization/descriptors/DeserializedMemberScope$OptimizedImplementation$$Lambda$0
instanceKlass kotlin/reflect/jvm/internal/impl/serialization/deserialization/descriptors/DeserializedMemberScope$OptimizedImplementation
instanceKlass kotlin/reflect/jvm/internal/impl/serialization/deserialization/descriptors/DeserializedMemberScope$Implementation
instanceKlass kotlin/reflect/jvm/internal/impl/serialization/deserialization/descriptors/DeserializedClassDescriptor$DeserializedClassStaticScope$$Lambda$0
instanceKlass kotlin/reflect/jvm/internal/impl/metadata/deserialization/VersionSpecificBehaviorKt
instanceKlass kotlin/reflect/jvm/internal/impl/serialization/deserialization/ProtoEnumFlagsUtilsKt$WhenMappings
instanceKlass kotlin/reflect/jvm/internal/impl/serialization/deserialization/ProtoEnumFlagsUtilsKt
instanceKlass kotlin/reflect/jvm/internal/impl/metadata/ProtoBuf$Type$Argument$Projection$1
instanceKlass kotlin/reflect/jvm/internal/impl/resolve/ReturnValueStatus$Companion
instanceKlass kotlin/reflect/jvm/internal/impl/serialization/deserialization/ProtoEnumFlags$WhenMappings
instanceKlass kotlin/reflect/jvm/internal/impl/metadata/ProtoBuf$MemberKind$1
instanceKlass kotlin/reflect/jvm/internal/impl/metadata/ProtoBuf$ReturnValueStatus$1
instanceKlass kotlin/reflect/jvm/internal/impl/metadata/ProtoBuf$Class$Kind$1
instanceKlass kotlin/reflect/jvm/internal/impl/metadata/ProtoBuf$Modality$1
instanceKlass kotlin/reflect/jvm/internal/impl/metadata/ProtoBuf$Visibility$1
instanceKlass kotlin/reflect/jvm/internal/impl/metadata/deserialization/Flags$FlagField
instanceKlass kotlin/reflect/jvm/internal/impl/metadata/deserialization/Flags
instanceKlass kotlin/reflect/jvm/internal/impl/serialization/deserialization/ProtoEnumFlags
instanceKlass kotlin/reflect/jvm/internal/impl/metadata/jvm/deserialization/JvmNameResolverBase$WhenMappings
instanceKlass kotlin/reflect/jvm/internal/impl/serialization/deserialization/NameResolverUtilKt
instanceKlass kotlin/reflect/jvm/internal/impl/descriptors/DeserializedDescriptor
instanceKlass kotlin/reflect/jvm/internal/impl/serialization/deserialization/MemberDeserializer
instanceKlass kotlin/reflect/jvm/internal/impl/serialization/deserialization/TypeDeserializer$$Lambda$1
instanceKlass kotlin/reflect/jvm/internal/impl/serialization/deserialization/TypeDeserializer$$Lambda$0
instanceKlass kotlin/reflect/jvm/internal/impl/serialization/deserialization/TypeDeserializer
instanceKlass kotlin/reflect/jvm/internal/impl/serialization/deserialization/DeserializationContext
instanceKlass kotlin/reflect/jvm/internal/impl/metadata/deserialization/VersionRequirementTable$Companion
instanceKlass kotlin/reflect/jvm/internal/impl/metadata/deserialization/VersionRequirementTable
instanceKlass kotlin/reflect/jvm/internal/impl/metadata/deserialization/TypeTable
instanceKlass kotlin/reflect/jvm/internal/impl/serialization/deserialization/ClassDeserializer$ClassKey
instanceKlass kotlin/reflect/jvm/internal/impl/serialization/deserialization/ClassData
instanceKlass kotlin/reflect/jvm/internal/impl/serialization/deserialization/descriptors/PreReleaseInfo$Companion
instanceKlass kotlin/reflect/jvm/internal/impl/serialization/deserialization/descriptors/PreReleaseInfo
instanceKlass kotlin/reflect/jvm/internal/impl/load/kotlin/KotlinJvmBinarySourceElement
instanceKlass kotlin/reflect/jvm/internal/impl/serialization/deserialization/descriptors/DeserializedContainerSource
instanceKlass kotlin/reflect/jvm/internal/impl/protobuf/SmallSortedMap$Entry
instanceKlass kotlin/reflect/jvm/internal/impl/protobuf/FieldSet$1
instanceKlass kotlin/reflect/jvm/internal/impl/protobuf/AbstractMessageLite$Builder
instanceKlass kotlin/reflect/jvm/internal/impl/protobuf/GeneratedMessageLite$1
instanceKlass kotlin/reflect/jvm/internal/impl/metadata/jvm/deserialization/JvmNameResolverKt
instanceKlass kotlin/reflect/jvm/internal/impl/metadata/jvm/JvmProtoBuf$StringTableTypes$Record$Operation$1
instanceKlass kotlin/reflect/jvm/internal/impl/metadata/jvm/JvmProtoBuf$StringTableTypes$RecordOrBuilder
instanceKlass kotlin/reflect/jvm/internal/impl/protobuf/WireFormat
instanceKlass kotlin/reflect/jvm/internal/impl/protobuf/CodedOutputStream
instanceKlass kotlin/reflect/jvm/internal/impl/protobuf/CodedInputStream
instanceKlass kotlin/reflect/jvm/internal/impl/metadata/jvm/JvmProtoBuf$StringTableTypesOrBuilder
instanceKlass kotlin/collections/IndexedValue
instanceKlass kotlin/collections/IndexingIterator
instanceKlass  @bci kotlin/collections/CollectionsKt___CollectionsKt withIndex (Ljava/lang/Iterable;)Ljava/lang/Iterable; 11 <appendix> member <vmtarget> ; # kotlin/collections/CollectionsKt___CollectionsKt$$Lambda+0x000000001022b8c8
instanceKlass kotlin/collections/IndexingIterable
instanceKlass kotlin/reflect/jvm/internal/impl/metadata/jvm/deserialization/JvmNameResolverBase$Companion
instanceKlass kotlin/reflect/jvm/internal/impl/metadata/jvm/deserialization/JvmNameResolverBase
instanceKlass kotlin/reflect/jvm/internal/impl/metadata/deserialization/NameResolver
instanceKlass kotlin/reflect/jvm/internal/impl/metadata/jvm/deserialization/UtfEncodingKt
instanceKlass kotlin/reflect/jvm/internal/impl/metadata/jvm/deserialization/BitEncoding
instanceKlass kotlin/reflect/jvm/internal/impl/load/kotlin/KotlinClassFinder$Result
instanceKlass kotlin/reflect/jvm/internal/impl/load/kotlin/header/KotlinClassHeader
instanceKlass kotlin/reflect/jvm/internal/impl/load/kotlin/header/ReadKotlinClassHeaderAnnotationVisitor$CollectStringArrayAnnotationVisitor
# instanceKlass java/lang/invoke/LambdaForm$MH+0x000000001022cc00
# instanceKlass java/lang/invoke/LambdaForm$MH+0x000000001022c800
# instanceKlass java/lang/invoke/LambdaForm$DMH+0x000000001022c400
instanceKlass kotlin/reflect/jvm/internal/impl/descriptors/runtime/components/ReflectKotlinClassKt
# instanceKlass java/lang/invoke/LambdaForm$DMH+0x000000001022c000
instanceKlass kotlin/reflect/jvm/internal/impl/load/kotlin/KotlinJvmBinaryClass$AnnotationArrayArgumentVisitor
instanceKlass kotlin/reflect/jvm/internal/impl/load/kotlin/header/ReadKotlinClassHeaderAnnotationVisitor$KotlinMetadataArgumentVisitor
instanceKlass kotlin/reflect/jvm/internal/impl/descriptors/runtime/components/ReflectAnnotationSource
instanceKlass kotlin/reflect/jvm/internal/impl/descriptors/runtime/components/ReflectClassStructure
instanceKlass kotlin/reflect/jvm/internal/impl/load/kotlin/KotlinJvmBinaryClass$AnnotationArgumentVisitor
instanceKlass kotlin/reflect/jvm/internal/impl/load/kotlin/header/ReadKotlinClassHeaderAnnotationVisitor
instanceKlass kotlin/reflect/jvm/internal/impl/load/kotlin/KotlinJvmBinaryClass$AnnotationVisitor
instanceKlass kotlin/reflect/jvm/internal/impl/descriptors/runtime/components/ReflectKotlinClass$Factory
instanceKlass kotlin/reflect/jvm/internal/impl/descriptors/runtime/components/ReflectKotlinClass
instanceKlass kotlin/reflect/jvm/internal/impl/load/kotlin/KotlinJvmBinaryClass
instanceKlass kotlin/reflect/jvm/internal/impl/descriptors/runtime/components/ReflectJavaClassFinderKt
instanceKlass kotlin/reflect/jvm/internal/impl/descriptors/runtime/components/ReflectKotlinClassFinderKt
instanceKlass kotlin/reflect/jvm/internal/impl/load/java/lazy/descriptors/LazyJavaPackageScope$FindClassRequest
instanceKlass kotlin/reflect/jvm/internal/impl/incremental/UtilsKt
instanceKlass kotlin/reflect/jvm/internal/impl/resolve/scopes/ChainedMemberScope$Companion
instanceKlass kotlin/reflect/jvm/internal/impl/resolve/scopes/ChainedMemberScope
instanceKlass kotlin/reflect/jvm/internal/impl/load/java/lazy/LazyJavaAnnotations$$Lambda$0
instanceKlass kotlin/reflect/jvm/internal/impl/load/java/lazy/LazyJavaAnnotations
instanceKlass kotlin/reflect/jvm/internal/impl/load/java/lazy/LazyJavaAnnotationsKt
instanceKlass kotlin/reflect/jvm/internal/impl/load/java/lazy/descriptors/LazyJavaPackageFragment$$Lambda$1
instanceKlass kotlin/reflect/jvm/internal/impl/load/java/lazy/descriptors/JvmPackageScope$$Lambda$0
instanceKlass kotlin/reflect/jvm/internal/impl/load/java/lazy/descriptors/LazyJavaPackageScope$$Lambda$1
instanceKlass kotlin/reflect/jvm/internal/impl/load/java/lazy/descriptors/LazyJavaPackageScope$$Lambda$0
instanceKlass kotlin/reflect/jvm/internal/impl/load/java/lazy/descriptors/LazyJavaScope$$Lambda$8
instanceKlass kotlin/reflect/jvm/internal/impl/load/java/lazy/descriptors/LazyJavaScope$$Lambda$7
instanceKlass kotlin/reflect/jvm/internal/impl/load/java/lazy/descriptors/LazyJavaScope$$Lambda$6
instanceKlass kotlin/reflect/jvm/internal/impl/load/java/lazy/descriptors/LazyJavaScope$$Lambda$5
instanceKlass kotlin/reflect/jvm/internal/impl/load/java/lazy/descriptors/LazyJavaScope$$Lambda$4
instanceKlass kotlin/reflect/jvm/internal/impl/load/java/lazy/descriptors/LazyJavaScope$$Lambda$3
instanceKlass kotlin/reflect/jvm/internal/impl/load/java/lazy/descriptors/LazyJavaScope$$Lambda$2
instanceKlass kotlin/reflect/jvm/internal/impl/load/java/lazy/descriptors/LazyJavaScope$$Lambda$1
instanceKlass kotlin/reflect/jvm/internal/impl/load/java/lazy/descriptors/LazyJavaScope$$Lambda$0
instanceKlass kotlin/reflect/jvm/internal/impl/load/java/lazy/descriptors/JvmPackageScope
instanceKlass kotlin/reflect/jvm/internal/impl/load/java/lazy/descriptors/LazyJavaPackageFragment$$Lambda$0
instanceKlass kotlin/reflect/jvm/internal/impl/load/java/lazy/ContextKt$$Lambda$0
instanceKlass kotlin/reflect/jvm/internal/impl/load/java/lazy/ContextKt
instanceKlass kotlin/reflect/jvm/internal/impl/storage/LockBasedStorageManager$KeyWithComputation
instanceKlass kotlin/reflect/jvm/internal/impl/load/java/lazy/LazyJavaPackageFragmentProvider$$Lambda$0
instanceKlass kotlin/reflect/jvm/internal/impl/descriptors/runtime/structure/ReflectJavaElement
instanceKlass kotlin/reflect/jvm/internal/impl/load/java/structure/JavaPackage
instanceKlass kotlin/reflect/jvm/internal/impl/load/java/structure/JavaAnnotationOwner
instanceKlass kotlin/reflect/jvm/internal/impl/load/java/structure/JavaElement
instanceKlass kotlin/reflect/jvm/internal/impl/load/java/JavaClassFinder$$Util
instanceKlass kotlin/reflect/jvm/internal/impl/descriptors/PackageFragmentProviderKt
instanceKlass kotlin/reflect/jvm/internal/impl/resolve/scopes/LazyScopeAdapter$$Lambda$0
instanceKlass kotlin/reflect/jvm/internal/impl/descriptors/impl/LazyPackageViewDescriptorImpl$$Lambda$2
instanceKlass kotlin/reflect/jvm/internal/impl/resolve/scopes/AbstractScopeAdapter
instanceKlass kotlin/reflect/jvm/internal/impl/descriptors/impl/LazyPackageViewDescriptorImpl$$Lambda$1
instanceKlass kotlin/reflect/jvm/internal/impl/descriptors/impl/LazyPackageViewDescriptorImpl$$Lambda$0
instanceKlass kotlin/reflect/jvm/internal/impl/resolve/ResolutionAnchorProviderKt
instanceKlass jdk/internal/foreign/MemorySessionImpl
instanceKlass java/lang/foreign/MemorySegment$Scope
instanceKlass kotlin/reflect/jvm/internal/impl/descriptors/FindClassInModuleKt
instanceKlass kotlin/reflect/jvm/internal/impl/descriptors/runtime/components/PackagePartScopeCache
instanceKlass kotlin/reflect/jvm/internal/impl/load/kotlin/DeserializationComponentsForJava$Companion$ModuleData
instanceKlass kotlin/reflect/jvm/internal/impl/descriptors/impl/CompositePackageFragmentProvider
instanceKlass kotlin/reflect/jvm/internal/impl/descriptors/impl/ModuleDependenciesImpl
instanceKlass kotlin/reflect/jvm/internal/impl/descriptors/impl/ModuleDependencies
instanceKlass kotlin/reflect/jvm/internal/impl/builtins/jvm/JvmBuiltInClassDescriptorFactory$$Lambda$0
instanceKlass kotlin/reflect/jvm/internal/impl/builtins/jvm/JvmBuiltInClassDescriptorFactory$$Lambda$1
instanceKlass kotlin/reflect/jvm/internal/impl/builtins/jvm/JvmBuiltInClassDescriptorFactory$Companion
instanceKlass kotlin/reflect/jvm/internal/impl/builtins/jvm/JvmBuiltInClassDescriptorFactory
instanceKlass kotlin/reflect/jvm/internal/impl/builtins/functions/BuiltInFictitiousFunctionClassFactory
instanceKlass kotlin/reflect/jvm/internal/impl/descriptors/deserialization/ClassDescriptorFactory
instanceKlass kotlin/reflect/jvm/internal/impl/serialization/deserialization/FlexibleTypeDeserializer$ThrowException
instanceKlass kotlin/reflect/jvm/internal/impl/serialization/deserialization/ErrorReporter$1
instanceKlass kotlin/reflect/jvm/internal/impl/metadata/ProtoBuf$TypeParameter$Variance$1
instanceKlass kotlin/reflect/jvm/internal/impl/metadata/ProtoBuf$TypeParameterOrBuilder
instanceKlass kotlin/reflect/jvm/internal/impl/metadata/ProtoBuf$EnumEntryOrBuilder
instanceKlass kotlin/reflect/jvm/internal/impl/metadata/builtins/BuiltInsProtoBuf
instanceKlass kotlin/reflect/jvm/internal/impl/serialization/SerializerExtensionProtocol
instanceKlass kotlin/reflect/jvm/internal/impl/serialization/deserialization/AbstractAnnotationLoader
instanceKlass kotlin/reflect/jvm/internal/impl/serialization/deserialization/DeserializedClassDataFinder
instanceKlass kotlin/reflect/jvm/internal/impl/serialization/deserialization/AbstractDeserializedPackageFragmentProvider$$Lambda$0
instanceKlass kotlin/reflect/jvm/internal/impl/builtins/jvm/JvmBuiltInsPackageFragmentProvider$Companion
instanceKlass kotlin/reflect/jvm/internal/impl/serialization/deserialization/AbstractDeserializedPackageFragmentProvider
instanceKlass kotlin/reflect/jvm/internal/impl/resolve/jvm/JavaDescriptorResolver
instanceKlass kotlin/reflect/jvm/internal/impl/serialization/deserialization/ClassDeserializer$$Lambda$0
instanceKlass kotlin/reflect/jvm/internal/impl/serialization/deserialization/ClassDeserializer$Companion
instanceKlass kotlin/reflect/jvm/internal/impl/serialization/deserialization/ClassDeserializer
instanceKlass kotlin/reflect/jvm/internal/impl/serialization/deserialization/JvmEnumEntriesDeserializationSupport
instanceKlass kotlin/reflect/jvm/internal/impl/serialization/deserialization/EnumEntriesDeserializationSupport
instanceKlass kotlin/reflect/jvm/internal/impl/metadata/SerializationPluginMetadataExtensions
instanceKlass kotlin/reflect/jvm/internal/impl/protobuf/ExtensionRegistryLite$ObjectIntPair
instanceKlass kotlin/reflect/jvm/internal/impl/metadata/ProtoBuf$PackageOrBuilder
instanceKlass kotlin/reflect/jvm/internal/impl/metadata/ProtoBuf$VersionRequirementTableOrBuilder
instanceKlass kotlin/reflect/jvm/internal/impl/metadata/ProtoBuf$ClassOrBuilder
instanceKlass kotlin/reflect/jvm/internal/impl/metadata/jvm/JvmProtoBuf$JvmFieldSignatureOrBuilder
instanceKlass kotlin/reflect/jvm/internal/impl/metadata/jvm/JvmProtoBuf$JvmPropertySignatureOrBuilder
instanceKlass kotlin/reflect/jvm/internal/impl/metadata/ProtoBuf$AnnotationOrBuilder
instanceKlass kotlin/reflect/jvm/internal/impl/metadata/ProtoBuf$Annotation$Argument$Value$Type$1
instanceKlass kotlin/reflect/jvm/internal/impl/protobuf/Internal$EnumLiteMap
instanceKlass kotlin/reflect/jvm/internal/impl/metadata/ProtoBuf$Annotation$Argument$ValueOrBuilder
instanceKlass kotlin/reflect/jvm/internal/impl/metadata/ProtoBuf$ValueParameterOrBuilder
instanceKlass kotlin/reflect/jvm/internal/impl/metadata/ProtoBuf$PropertyOrBuilder
instanceKlass kotlin/reflect/jvm/internal/impl/metadata/ProtoBuf$ContractOrBuilder
instanceKlass kotlin/reflect/jvm/internal/impl/metadata/ProtoBuf$TypeTableOrBuilder
instanceKlass kotlin/reflect/jvm/internal/impl/metadata/ProtoBuf$TypeOrBuilder
instanceKlass kotlin/reflect/jvm/internal/impl/metadata/ProtoBuf$FunctionOrBuilder
instanceKlass kotlin/reflect/jvm/internal/impl/protobuf/Internal$EnumLite
instanceKlass kotlin/reflect/jvm/internal/impl/protobuf/GeneratedMessageLite$ExtensionDescriptor
instanceKlass kotlin/reflect/jvm/internal/impl/protobuf/GeneratedMessageLite$GeneratedExtension
instanceKlass kotlin/reflect/jvm/internal/impl/metadata/jvm/JvmProtoBuf$JvmMethodSignatureOrBuilder
instanceKlass kotlin/reflect/jvm/internal/impl/protobuf/ByteString$ByteIterator
instanceKlass kotlin/reflect/jvm/internal/impl/protobuf/ByteString
instanceKlass kotlin/reflect/jvm/internal/impl/protobuf/SmallSortedMap$EmptySet$2
instanceKlass kotlin/reflect/jvm/internal/impl/protobuf/SmallSortedMap$EmptySet$1
instanceKlass kotlin/reflect/jvm/internal/impl/protobuf/SmallSortedMap$EmptySet
instanceKlass kotlin/reflect/jvm/internal/impl/protobuf/LazyFieldLite
instanceKlass kotlin/reflect/jvm/internal/impl/protobuf/FieldSet
instanceKlass kotlin/reflect/jvm/internal/impl/protobuf/AbstractParser
instanceKlass kotlin/reflect/jvm/internal/impl/protobuf/MessageLite$Builder
instanceKlass kotlin/reflect/jvm/internal/impl/protobuf/Parser
instanceKlass kotlin/reflect/jvm/internal/impl/protobuf/FieldSet$FieldDescriptorLite
instanceKlass kotlin/reflect/jvm/internal/impl/protobuf/AbstractMessageLite
instanceKlass kotlin/reflect/jvm/internal/impl/metadata/ProtoBuf$ConstructorOrBuilder
instanceKlass kotlin/reflect/jvm/internal/impl/protobuf/GeneratedMessageLite$ExtendableMessageOrBuilder
instanceKlass kotlin/reflect/jvm/internal/impl/protobuf/MessageLite
instanceKlass kotlin/reflect/jvm/internal/impl/protobuf/MessageLiteOrBuilder
instanceKlass kotlin/reflect/jvm/internal/impl/metadata/jvm/JvmProtoBuf
instanceKlass kotlin/reflect/jvm/internal/impl/protobuf/ExtensionRegistryLite
instanceKlass kotlin/reflect/jvm/internal/impl/metadata/ExtensionRegistryLiteKt
instanceKlass kotlin/reflect/jvm/internal/impl/metadata/jvm/deserialization/JvmProtoBufUtil$$Lambda$0
instanceKlass kotlin/reflect/jvm/internal/impl/metadata/jvm/deserialization/JvmProtoBufUtil
instanceKlass kotlin/reflect/jvm/internal/impl/utils/WrappedValues$ThrowableWrapper
instanceKlass kotlin/reflect/jvm/internal/impl/builtins/jvm/JvmBuiltInsCustomizer$$Lambda$2
instanceKlass kotlin/reflect/jvm/internal/impl/builtins/jvm/JvmBuiltInsCustomizer$$Lambda$1
instanceKlass kotlin/reflect/jvm/internal/impl/builtins/jvm/JvmBuiltInsCustomizer$$Lambda$0
instanceKlass kotlin/reflect/jvm/internal/impl/types/KotlinTypeFactory$EMPTY_REFINED_TYPE_FACTORY$1
instanceKlass kotlin/reflect/jvm/internal/impl/types/KotlinTypeFactory
instanceKlass kotlin/reflect/jvm/internal/impl/util/ArrayMap
instanceKlass kotlin/reflect/jvm/internal/impl/util/TypeRegistry
instanceKlass kotlin/reflect/jvm/internal/impl/util/AbstractArrayMapOwner
instanceKlass kotlin/reflect/jvm/internal/impl/descriptors/PropertyGetterDescriptor
instanceKlass kotlin/reflect/jvm/internal/impl/descriptors/FieldDescriptor
instanceKlass kotlin/reflect/jvm/internal/impl/descriptors/PropertySetterDescriptor
instanceKlass kotlin/reflect/jvm/internal/impl/types/error/ErrorPropertyDescriptor
instanceKlass kotlin/reflect/jvm/internal/impl/descriptors/PropertyDescriptor
instanceKlass kotlin/reflect/jvm/internal/impl/descriptors/VariableDescriptorWithAccessors
instanceKlass kotlin/reflect/jvm/internal/impl/descriptors/VariableDescriptor
instanceKlass kotlin/jvm/internal/StringCompanionObject
instanceKlass kotlin/reflect/jvm/internal/impl/types/error/ErrorTypeConstructor
instanceKlass kotlin/reflect/jvm/internal/impl/types/error/ErrorScope
instanceKlass kotlin/reflect/jvm/internal/impl/util/ModuleVisibilityHelper$EMPTY
instanceKlass java/net/URLClassLoader$1
instanceKlass kotlin/reflect/jvm/internal/impl/descriptors/DescriptorVisibilities$12
instanceKlass kotlin/reflect/jvm/internal/impl/descriptors/DescriptorVisibilities$11
instanceKlass kotlin/reflect/jvm/internal/impl/descriptors/DescriptorVisibilities$10
instanceKlass kotlin/reflect/jvm/internal/impl/util/ModuleVisibilityHelper
instanceKlass kotlin/reflect/jvm/internal/impl/descriptors/DescriptorVisibility
instanceKlass kotlin/reflect/jvm/internal/impl/descriptors/Visibility
instanceKlass kotlin/reflect/jvm/internal/impl/descriptors/DescriptorVisibilities
instanceKlass kotlin/reflect/jvm/internal/impl/resolve/scopes/receivers/ReceiverValue
instanceKlass kotlin/reflect/jvm/internal/impl/descriptors/FunctionDescriptor$CopyBuilder
instanceKlass kotlin/reflect/jvm/internal/impl/descriptors/ClassConstructorDescriptor
instanceKlass kotlin/reflect/jvm/internal/impl/descriptors/ConstructorDescriptor
instanceKlass java/util/Formatter$Flags
instanceKlass java/util/Formattable
instanceKlass java/util/Formatter$FormatSpecifier
instanceKlass java/util/Formatter$Conversion
instanceKlass java/util/Formatter$FormatString
instanceKlass java/util/Formatter
instanceKlass kotlin/reflect/jvm/internal/impl/types/error/ErrorModuleDescriptor$$Lambda$0
instanceKlass kotlin/reflect/jvm/internal/impl/types/error/ErrorModuleDescriptor
instanceKlass kotlin/reflect/jvm/internal/impl/types/error/ErrorUtils
instanceKlass kotlin/reflect/jvm/internal/impl/types/TypeProjection
instanceKlass kotlin/reflect/jvm/internal/impl/types/model/TypeArgumentMarker
instanceKlass kotlin/reflect/jvm/internal/impl/types/TypeUtils
instanceKlass kotlin/reflect/jvm/internal/impl/descriptors/impl/AbstractClassDescriptor$1$1
instanceKlass kotlin/reflect/jvm/internal/impl/types/checker/KotlinTypeRefinerKt
instanceKlass kotlin/reflect/jvm/internal/impl/resolve/descriptorUtil/DescriptorUtilsKt
instanceKlass kotlin/reflect/jvm/internal/impl/resolve/DescriptorUtils
instanceKlass kotlin/reflect/jvm/internal/impl/resolve/scopes/MemberScopeImpl
instanceKlass kotlin/reflect/jvm/internal/impl/types/AbstractTypeConstructor$$Lambda$2
instanceKlass kotlin/reflect/jvm/internal/impl/types/AbstractTypeConstructor$$Lambda$1
instanceKlass kotlin/reflect/jvm/internal/impl/types/AbstractTypeConstructor$$Lambda$0
instanceKlass kotlin/reflect/jvm/internal/impl/types/ClassifierBasedTypeConstructor
instanceKlass kotlin/reflect/jvm/internal/impl/descriptors/ReceiverParameterDescriptor
instanceKlass kotlin/reflect/jvm/internal/impl/descriptors/ParameterDescriptor
instanceKlass kotlin/reflect/jvm/internal/impl/descriptors/ValueDescriptor
instanceKlass kotlin/reflect/jvm/internal/impl/descriptors/impl/AbstractClassDescriptor$3
instanceKlass kotlin/reflect/jvm/internal/impl/descriptors/impl/AbstractClassDescriptor$2
instanceKlass kotlin/reflect/jvm/internal/impl/descriptors/impl/AbstractClassDescriptor$1
instanceKlass kotlin/reflect/jvm/internal/impl/descriptors/Modality$Companion
instanceKlass kotlin/reflect/jvm/internal/impl/descriptors/impl/ModuleAwareClassDescriptor$Companion
instanceKlass kotlin/reflect/jvm/internal/impl/types/TypeConstructor
instanceKlass kotlin/reflect/jvm/internal/impl/resolve/scopes/MemberScope
instanceKlass kotlin/reflect/jvm/internal/impl/resolve/scopes/ResolutionScope
instanceKlass kotlin/reflect/jvm/internal/impl/descriptors/impl/ModuleAwareClassDescriptor
instanceKlass kotlin/reflect/jvm/internal/impl/descriptors/ClassDescriptor
instanceKlass kotlin/reflect/jvm/internal/impl/descriptors/ClassifierDescriptorWithTypeParameters
instanceKlass kotlin/reflect/jvm/internal/impl/builtins/jvm/JvmBuiltInsCustomizer$$Lambda$3
instanceKlass kotlin/reflect/jvm/internal/impl/descriptors/PackageViewDescriptor
instanceKlass kotlin/reflect/jvm/internal/impl/renderer/KeywordStringsGenerated
instanceKlass kotlin/reflect/jvm/internal/impl/name/NameRenderingUtils
instanceKlass kotlin/reflect/jvm/internal/impl/descriptors/ModuleDescriptor$DefaultImpls
instanceKlass kotlin/reflect/jvm/internal/impl/renderer/DescriptorRendererImpl$RenderDeclarationDescriptorVisitor
instanceKlass kotlin/reflect/jvm/internal/impl/descriptors/DeclarationDescriptorVisitor
instanceKlass kotlin/reflect/jvm/internal/impl/renderer/DescriptorRenderer$$Lambda$10
instanceKlass kotlin/reflect/jvm/internal/impl/renderer/ClassifierNamePolicy$FULLY_QUALIFIED
instanceKlass kotlin/reflect/jvm/internal/impl/renderer/DescriptorRenderer$$Lambda$9
instanceKlass kotlin/reflect/jvm/internal/impl/renderer/DescriptorRenderer$$Lambda$8
instanceKlass kotlin/reflect/jvm/internal/impl/renderer/DescriptorRenderer$$Lambda$7
instanceKlass kotlin/reflect/jvm/internal/impl/renderer/DescriptorRenderer$$Lambda$6
instanceKlass kotlin/reflect/jvm/internal/impl/renderer/DescriptorRenderer$$Lambda$5
instanceKlass kotlin/reflect/jvm/internal/impl/renderer/ClassifierNamePolicy$SHORT
instanceKlass kotlin/reflect/jvm/internal/impl/renderer/DescriptorRenderer$$Lambda$4
instanceKlass kotlin/reflect/jvm/internal/impl/renderer/DescriptorRenderer$$Lambda$3
instanceKlass kotlin/reflect/jvm/internal/impl/renderer/DescriptorRenderer$$Lambda$2
instanceKlass kotlin/reflect/jvm/internal/impl/renderer/DescriptorRenderer$$Lambda$1
instanceKlass kotlin/reflect/jvm/internal/impl/renderer/DescriptorRendererImpl$$Lambda$0
instanceKlass kotlin/reflect/jvm/internal/impl/renderer/ExcludedTypeAnnotations
instanceKlass kotlin/reflect/jvm/internal/impl/renderer/DescriptorRenderer$ValueParametersHandler$DEFAULT
instanceKlass kotlin/reflect/jvm/internal/impl/renderer/DescriptorRenderer$ValueParametersHandler
instanceKlass kotlin/reflect/jvm/internal/impl/renderer/DescriptorRendererOptionsImpl$$Lambda$1
instanceKlass kotlin/reflect/jvm/internal/impl/renderer/DescriptorRendererOptionsImpl$$Lambda$0
instanceKlass kotlin/reflect/jvm/internal/impl/renderer/DescriptorRendererModifier$Companion
instanceKlass kotlin/properties/ObservableProperty
instanceKlass kotlin/properties/ReadWriteProperty
instanceKlass kotlin/properties/Delegates
instanceKlass kotlin/reflect/jvm/internal/impl/renderer/ClassifierNamePolicy$SOURCE_CODE_QUALIFIED
instanceKlass kotlin/reflect/jvm/internal/impl/renderer/ClassifierNamePolicy
instanceKlass kotlin/reflect/jvm/internal/impl/renderer/DescriptorRendererOptionsImpl
instanceKlass kotlin/reflect/jvm/internal/impl/renderer/DescriptorRendererOptions
instanceKlass kotlin/reflect/jvm/internal/impl/renderer/DescriptorRenderer$$Lambda$0
instanceKlass kotlin/reflect/jvm/internal/impl/renderer/DescriptorRenderer$Companion
instanceKlass kotlin/reflect/jvm/internal/impl/renderer/DescriptorRenderer
instanceKlass kotlin/reflect/jvm/internal/impl/descriptors/SourceElement$1
instanceKlass kotlin/reflect/jvm/internal/impl/descriptors/SourceElement
instanceKlass kotlin/reflect/jvm/internal/impl/descriptors/PackageFragmentDescriptor
instanceKlass kotlin/reflect/jvm/internal/impl/descriptors/ClassOrPackageFragmentDescriptor
instanceKlass kotlin/reflect/jvm/internal/impl/builtins/jvm/JavaToKotlinClassMapper
instanceKlass kotlin/reflect/jvm/internal/impl/builtins/jvm/JvmBuiltIns$$Lambda$2
instanceKlass kotlin/reflect/jvm/internal/impl/utils/DFS$Neighbors
instanceKlass kotlin/reflect/jvm/internal/impl/builtins/jvm/JvmBuiltInsCustomizer
instanceKlass kotlin/reflect/jvm/internal/impl/storage/StorageKt
instanceKlass kotlin/reflect/jvm/internal/impl/load/kotlin/JavaFlexibleTypeDeserializer
instanceKlass kotlin/reflect/jvm/internal/impl/serialization/deserialization/FlexibleTypeDeserializer
instanceKlass kotlin/reflect/jvm/internal/impl/serialization/deserialization/LocalClassifierTypeSettings$Default
instanceKlass kotlin/reflect/jvm/internal/impl/serialization/deserialization/LocalClassifierTypeSettings
instanceKlass kotlin/reflect/jvm/internal/impl/serialization/deserialization/DeserializationComponents
instanceKlass kotlin/reflect/jvm/internal/impl/types/DefaultTypeAttributeTranslator
instanceKlass kotlin/reflect/jvm/internal/impl/types/TypeAttributeTranslator
instanceKlass kotlin/reflect/jvm/internal/impl/types/extensions/TypeAttributeTranslators
instanceKlass kotlin/reflect/jvm/internal/impl/serialization/deserialization/ContractDeserializer$Companion$DEFAULT$1
instanceKlass kotlin/reflect/jvm/internal/impl/serialization/deserialization/ContractDeserializer$Companion
instanceKlass kotlin/reflect/jvm/internal/impl/serialization/deserialization/ContractDeserializer
instanceKlass kotlin/reflect/jvm/internal/impl/serialization/deserialization/DeserializationConfiguration$Default
instanceKlass kotlin/reflect/jvm/internal/impl/serialization/deserialization/DeserializationConfiguration
instanceKlass kotlin/reflect/jvm/internal/impl/resolve/constants/ConstantValue
instanceKlass kotlin/reflect/jvm/internal/impl/serialization/deserialization/AnnotationDeserializer
instanceKlass kotlin/reflect/jvm/internal/impl/load/kotlin/AbstractBinaryClassAnnotationAndConstantLoader$$Lambda$0
instanceKlass kotlin/reflect/jvm/internal/impl/load/kotlin/AbstractBinaryClassAnnotationLoader$Companion
instanceKlass kotlin/reflect/jvm/internal/impl/load/kotlin/AbstractBinaryClassAnnotationLoader
instanceKlass kotlin/reflect/jvm/internal/impl/serialization/deserialization/AnnotationAndConstantLoader
instanceKlass kotlin/reflect/jvm/internal/impl/serialization/deserialization/AnnotationLoader
instanceKlass kotlin/reflect/jvm/internal/impl/load/kotlin/BinaryClassAnnotationAndConstantLoaderImplKt
instanceKlass kotlin/reflect/jvm/internal/impl/load/kotlin/JavaClassDataFinder
instanceKlass kotlin/reflect/jvm/internal/impl/serialization/deserialization/ClassDataFinder
instanceKlass kotlin/reflect/jvm/internal/impl/types/TypeParameterUpperBoundEraser$$Lambda$1
instanceKlass kotlin/reflect/jvm/internal/impl/types/TypeParameterUpperBoundEraser$$Lambda$0
instanceKlass kotlin/reflect/jvm/internal/impl/types/TypeParameterErasureOptions
instanceKlass kotlin/reflect/jvm/internal/impl/types/TypeParameterUpperBoundEraser$Companion
instanceKlass kotlin/reflect/jvm/internal/impl/types/TypeParameterUpperBoundEraser
instanceKlass kotlin/reflect/jvm/internal/impl/types/ErasureProjectionComputer
instanceKlass kotlin/reflect/jvm/internal/impl/load/java/lazy/types/JavaTypeResolver
instanceKlass kotlin/InitializedLazyImpl
instanceKlass kotlin/reflect/jvm/internal/impl/load/java/lazy/TypeParameterResolver$EMPTY
instanceKlass kotlin/reflect/jvm/internal/impl/load/java/lazy/TypeParameterResolver
instanceKlass kotlin/reflect/jvm/internal/impl/load/java/lazy/LazyJavaResolverContext
instanceKlass kotlin/reflect/jvm/internal/impl/load/java/lazy/LazyJavaPackageFragmentProvider
instanceKlass kotlin/reflect/jvm/internal/impl/descriptors/PackageFragmentProviderOptimized
instanceKlass kotlin/reflect/jvm/internal/impl/descriptors/PackageFragmentProvider
instanceKlass kotlin/reflect/jvm/internal/impl/resolve/jvm/CompositeSyntheticJavaPartsProvider
instanceKlass kotlin/reflect/jvm/internal/impl/resolve/jvm/SyntheticJavaPartsProvider$Companion
instanceKlass kotlin/reflect/jvm/internal/impl/resolve/jvm/SyntheticJavaPartsProvider
instanceKlass kotlin/reflect/jvm/internal/impl/load/kotlin/DeserializationComponentsForJavaKt$makeLazyJavaPackageFragmentProvider$javaResolverComponents$1
instanceKlass kotlin/reflect/jvm/internal/impl/load/java/JavaModuleAnnotationsProvider
instanceKlass kotlin/reflect/jvm/internal/impl/resolve/OverridingUtil$1
instanceKlass kotlin/reflect/jvm/internal/impl/load/java/JavaIncompatibilityRulesOverridabilityCondition$Companion
instanceKlass kotlin/reflect/jvm/internal/impl/load/java/JavaIncompatibilityRulesOverridabilityCondition
instanceKlass kotlin/reflect/jvm/internal/impl/load/java/ErasedOverridabilityCondition
instanceKlass kotlin/reflect/jvm/internal/impl/load/java/FieldOverridabilityCondition
instanceKlass jdk/internal/loader/URLClassPath$1
instanceKlass java/lang/CompoundEnumeration
instanceKlass jdk/internal/loader/BuiltinClassLoader$1
instanceKlass java/util/Spliterators$1Adapter
instanceKlass java/util/Spliterators$EmptySpliterator
instanceKlass kotlin/reflect/jvm/internal/impl/resolve/ExternalOverridabilityCondition
instanceKlass kotlin/reflect/jvm/internal/impl/descriptors/PropertyAccessorDescriptor
instanceKlass kotlin/reflect/jvm/internal/impl/descriptors/VariableAccessorDescriptor
instanceKlass kotlin/reflect/jvm/internal/impl/descriptors/FunctionDescriptor
instanceKlass kotlin/reflect/jvm/internal/impl/descriptors/CallableMemberDescriptor
instanceKlass kotlin/reflect/jvm/internal/impl/descriptors/MemberDescriptor
instanceKlass kotlin/reflect/jvm/internal/impl/descriptors/CallableDescriptor
instanceKlass kotlin/reflect/jvm/internal/impl/descriptors/Substitutable
instanceKlass kotlin/reflect/jvm/internal/impl/descriptors/DeclarationDescriptorWithVisibility
instanceKlass kotlin/reflect/jvm/internal/impl/types/checker/KotlinTypeChecker$TypeConstructorEquality
instanceKlass kotlin/reflect/jvm/internal/impl/resolve/OverridingUtil
instanceKlass kotlin/reflect/jvm/internal/impl/types/AbstractTypePreparator
instanceKlass kotlin/reflect/jvm/internal/impl/types/AbstractTypeRefiner
instanceKlass kotlin/reflect/jvm/internal/impl/types/checker/NewKotlinTypeCheckerImpl
instanceKlass kotlin/reflect/jvm/internal/impl/types/checker/NewKotlinTypeChecker$Companion
instanceKlass kotlin/reflect/jvm/internal/impl/types/checker/NewKotlinTypeChecker
instanceKlass kotlin/reflect/jvm/internal/impl/types/checker/KotlinTypeChecker
instanceKlass kotlin/reflect/jvm/internal/impl/load/java/JavaClassesTracker$Default
instanceKlass kotlin/reflect/jvm/internal/impl/load/java/JavaClassesTracker
instanceKlass kotlin/reflect/jvm/internal/impl/load/java/lazy/JavaResolverSettings$Default
instanceKlass kotlin/reflect/jvm/internal/impl/load/java/lazy/JavaResolverSettings
instanceKlass kotlin/reflect/jvm/internal/impl/load/java/typeEnhancement/JavaTypeEnhancement
instanceKlass kotlin/reflect/jvm/internal/impl/load/java/typeEnhancement/SignatureEnhancement
instanceKlass kotlin/reflect/jvm/internal/impl/load/java/AbstractAnnotationTypeQualifierResolver$Companion
instanceKlass kotlin/reflect/jvm/internal/impl/load/java/AbstractAnnotationTypeQualifierResolver
instanceKlass kotlin/reflect/jvm/internal/impl/builtins/ReflectionTypes$ClassLookup
instanceKlass kotlin/reflect/jvm/internal/impl/builtins/ReflectionTypes$$Lambda$0
instanceKlass kotlin/reflect/jvm/internal/impl/builtins/ReflectionTypes$Companion
instanceKlass kotlin/reflect/jvm/internal/impl/builtins/ReflectionTypes
instanceKlass kotlin/reflect/jvm/internal/impl/incremental/components/LookupTracker$DO_NOTHING
instanceKlass kotlin/reflect/jvm/internal/impl/incremental/components/LookupTracker
instanceKlass kotlin/reflect/jvm/internal/impl/descriptors/SupertypeLoopChecker$EMPTY
instanceKlass kotlin/reflect/jvm/internal/impl/descriptors/SupertypeLoopChecker
instanceKlass kotlin/reflect/jvm/internal/impl/storage/LockBasedStorageManager$CacheWithNullableValuesBasedOnMemoizedFunction$1
instanceKlass kotlin/reflect/jvm/internal/impl/resolve/sam/SamConversionResolverImpl
instanceKlass kotlin/reflect/jvm/internal/impl/resolve/sam/SamConversionResolver
instanceKlass kotlin/reflect/jvm/internal/impl/load/java/components/JavaPropertyInitializerEvaluator$DoNothing
instanceKlass kotlin/reflect/jvm/internal/impl/load/java/components/JavaPropertyInitializerEvaluator
instanceKlass kotlin/reflect/jvm/internal/impl/load/java/components/JavaResolverCache$1
instanceKlass kotlin/reflect/jvm/internal/impl/load/java/components/JavaResolverCache
instanceKlass kotlin/reflect/jvm/internal/impl/load/java/components/SignaturePropagator$1
instanceKlass kotlin/reflect/jvm/internal/impl/load/java/components/SignaturePropagator
instanceKlass kotlin/reflect/jvm/internal/impl/load/java/lazy/JavaResolverComponents
instanceKlass kotlin/reflect/jvm/internal/impl/utils/WrappedValues$1
instanceKlass kotlin/reflect/jvm/internal/impl/utils/WrappedValues
instanceKlass kotlin/reflect/jvm/internal/impl/load/java/NullabilityAnnotationStates$Companion
instanceKlass kotlin/reflect/jvm/internal/impl/load/java/JavaTypeEnhancementState$Companion$$Lambda$0
instanceKlass kotlin/reflect/jvm/internal/impl/load/java/Jsr305Settings$$Lambda$0
instanceKlass kotlin/reflect/jvm/internal/impl/load/java/Jsr305Settings
instanceKlass kotlin/reflect/jvm/internal/impl/load/java/NullabilityAnnotationStatesImpl$$Lambda$0
instanceKlass kotlin/reflect/jvm/internal/impl/load/java/ReportLevel$Companion
instanceKlass kotlin/reflect/jvm/internal/impl/load/java/JavaNullabilityAnnotationsStatus$Companion
instanceKlass kotlin/reflect/jvm/internal/impl/load/java/JavaNullabilityAnnotationsStatus
instanceKlass kotlin/reflect/jvm/internal/impl/load/java/NullabilityAnnotationStatesImpl
instanceKlass kotlin/reflect/jvm/internal/impl/load/java/NullabilityAnnotationStates
instanceKlass kotlin/reflect/jvm/internal/impl/load/java/JavaNullabilityAnnotationSettingsKt
instanceKlass kotlin/KotlinVersionCurrentValue
instanceKlass kotlin/KotlinVersion$Companion
instanceKlass kotlin/KotlinVersion
instanceKlass kotlin/reflect/jvm/internal/impl/load/java/JavaTypeEnhancementState$Companion
instanceKlass kotlin/reflect/jvm/internal/impl/load/java/JavaTypeEnhancementState
instanceKlass kotlin/reflect/jvm/internal/impl/load/kotlin/PackagePartProvider$Empty
instanceKlass kotlin/reflect/jvm/internal/impl/load/kotlin/PackagePartProvider
instanceKlass kotlin/reflect/jvm/internal/impl/load/kotlin/DeserializationComponentsForJavaKt
instanceKlass kotlin/reflect/jvm/internal/impl/descriptors/NotFoundClasses$$Lambda$1
instanceKlass kotlin/reflect/jvm/internal/impl/descriptors/NotFoundClasses$$Lambda$0
instanceKlass kotlin/reflect/jvm/internal/impl/descriptors/NotFoundClasses
instanceKlass kotlin/reflect/jvm/internal/impl/load/java/lazy/SingleModuleClassResolver
instanceKlass kotlin/reflect/jvm/internal/impl/load/java/lazy/ModuleClassResolver
instanceKlass kotlin/reflect/jvm/internal/impl/metadata/deserialization/MetadataVersion$Companion
instanceKlass kotlin/reflect/jvm/internal/impl/metadata/deserialization/BinaryVersion$Companion
instanceKlass kotlin/reflect/jvm/internal/impl/metadata/deserialization/BinaryVersion
instanceKlass kotlin/reflect/jvm/internal/impl/load/kotlin/header/KotlinClassHeader$Kind$Companion
instanceKlass kotlin/reflect/jvm/internal/impl/load/kotlin/DeserializedDescriptorResolver$Companion
instanceKlass kotlin/reflect/jvm/internal/impl/load/kotlin/DeserializedDescriptorResolver
instanceKlass kotlin/reflect/jvm/internal/impl/builtins/jvm/JvmBuiltIns$$Lambda$1
instanceKlass kotlin/reflect/jvm/internal/impl/builtins/KotlinBuiltIns$4
instanceKlass kotlin/reflect/jvm/internal/impl/descriptors/impl/ModuleDescriptorImpl$$Lambda$1
instanceKlass kotlin/reflect/jvm/internal/impl/descriptors/impl/ModuleDescriptorImpl$$Lambda$0
instanceKlass kotlin/reflect/jvm/internal/impl/descriptors/impl/PackageViewDescriptorFactory$Default
instanceKlass kotlin/reflect/jvm/internal/impl/descriptors/ModuleCapability
instanceKlass kotlin/reflect/jvm/internal/impl/descriptors/impl/PackageViewDescriptorFactory$Companion
instanceKlass kotlin/reflect/jvm/internal/impl/descriptors/impl/PackageViewDescriptorFactory
instanceKlass kotlin/reflect/jvm/internal/impl/descriptors/annotations/Annotations$Companion$EMPTY$1
instanceKlass kotlin/reflect/jvm/internal/impl/descriptors/annotations/Annotations$Companion
instanceKlass kotlin/reflect/jvm/internal/impl/descriptors/annotations/Annotations
instanceKlass kotlin/reflect/jvm/internal/impl/descriptors/annotations/AnnotatedImpl
instanceKlass kotlin/reflect/jvm/internal/impl/builtins/jvm/JvmBuiltIns$WhenMappings
instanceKlass kotlin/reflect/jvm/internal/impl/builtins/jvm/JvmBuiltIns$$Lambda$0
instanceKlass kotlin/reflect/jvm/internal/impl/storage/LockBasedStorageManager$MapBasedMemoizedFunction
instanceKlass kotlin/reflect/jvm/internal/impl/builtins/KotlinBuiltIns$3
instanceKlass kotlin/reflect/jvm/internal/impl/builtins/KotlinBuiltIns$2
instanceKlass kotlin/reflect/jvm/internal/impl/storage/LockBasedStorageManager$LockBasedLazyValue
instanceKlass kotlin/reflect/jvm/internal/impl/builtins/KotlinBuiltIns$1
instanceKlass kotlin/reflect/jvm/internal/impl/types/model/TypeArgumentListMarker
instanceKlass kotlin/reflect/jvm/internal/impl/types/model/SimpleTypeMarker
instanceKlass kotlin/reflect/jvm/internal/impl/types/model/RigidTypeMarker
instanceKlass kotlin/reflect/jvm/internal/impl/types/KotlinType
instanceKlass kotlin/reflect/jvm/internal/impl/types/model/KotlinTypeMarker
instanceKlass kotlin/reflect/jvm/internal/impl/descriptors/deserialization/AdditionalClassPartsProvider
instanceKlass kotlin/reflect/jvm/internal/impl/descriptors/deserialization/PlatformDependentDeclarationFilter
instanceKlass kotlin/reflect/jvm/internal/impl/descriptors/ClassifierDescriptor
instanceKlass kotlin/reflect/jvm/internal/impl/descriptors/DeclarationDescriptorNonRoot
instanceKlass kotlin/reflect/jvm/internal/impl/descriptors/DeclarationDescriptorWithSource
instanceKlass kotlin/reflect/jvm/internal/impl/incremental/components/LookupLocation
instanceKlass kotlin/reflect/jvm/internal/impl/descriptors/ModuleDescriptor
instanceKlass kotlin/reflect/jvm/internal/impl/descriptors/DeclarationDescriptor
instanceKlass kotlin/reflect/jvm/internal/impl/descriptors/annotations/Annotated
instanceKlass kotlin/reflect/jvm/internal/impl/descriptors/Named
instanceKlass kotlin/reflect/jvm/internal/impl/builtins/KotlinBuiltIns
instanceKlass kotlin/reflect/jvm/internal/impl/storage/DefaultSimpleLock
instanceKlass kotlin/reflect/jvm/internal/impl/storage/SimpleLock$Companion
instanceKlass kotlin/reflect/jvm/internal/impl/storage/EmptySimpleLock
instanceKlass kotlin/reflect/jvm/internal/impl/storage/LockBasedStorageManager$ExceptionHandlingStrategy$1
instanceKlass kotlin/reflect/jvm/internal/impl/storage/LockBasedStorageManager$ExceptionHandlingStrategy
instanceKlass kotlin/reflect/jvm/internal/impl/storage/CacheWithNotNullValues
instanceKlass kotlin/reflect/jvm/internal/impl/storage/MemoizedFunctionToNullable
instanceKlass kotlin/reflect/jvm/internal/impl/storage/CacheWithNullableValues
instanceKlass kotlin/reflect/jvm/internal/impl/storage/MemoizedFunctionToNotNull
instanceKlass kotlin/reflect/jvm/internal/impl/storage/NotNullLazyValue
instanceKlass kotlin/reflect/jvm/internal/impl/storage/NullableLazyValue
instanceKlass kotlin/reflect/jvm/internal/impl/storage/SimpleLock
instanceKlass kotlin/reflect/jvm/internal/impl/storage/LockBasedStorageManager
instanceKlass kotlin/reflect/jvm/internal/impl/storage/StorageManager
instanceKlass kotlin/reflect/jvm/internal/impl/descriptors/runtime/components/RuntimeSourceElementFactory
instanceKlass kotlin/reflect/jvm/internal/impl/load/java/sources/JavaSourceElementFactory
instanceKlass kotlin/reflect/jvm/internal/impl/descriptors/runtime/components/RuntimeErrorReporter
instanceKlass kotlin/reflect/jvm/internal/impl/serialization/deserialization/ErrorReporter
instanceKlass kotlin/reflect/jvm/internal/impl/descriptors/runtime/components/ReflectJavaClassFinder
instanceKlass kotlin/reflect/jvm/internal/impl/load/java/JavaClassFinder
instanceKlass kotlin/reflect/jvm/internal/impl/load/kotlin/DeserializationComponentsForJava$Companion
instanceKlass kotlin/reflect/jvm/internal/impl/load/kotlin/DeserializationComponentsForJava
instanceKlass kotlin/reflect/jvm/internal/impl/serialization/deserialization/builtins/BuiltInsResourceLoader
instanceKlass kotlin/reflect/jvm/internal/impl/descriptors/runtime/components/ReflectKotlinClassFinder
instanceKlass kotlin/reflect/jvm/internal/impl/load/kotlin/KotlinClassFinder
instanceKlass kotlin/reflect/jvm/internal/impl/serialization/deserialization/KotlinMetadataFinder
instanceKlass kotlin/reflect/jvm/internal/impl/descriptors/runtime/components/RuntimeModuleData$Companion
instanceKlass kotlin/reflect/jvm/internal/impl/descriptors/runtime/components/RuntimeModuleData
instanceKlass kotlin/reflect/jvm/internal/WeakClassLoaderBox
instanceKlass kotlin/reflect/jvm/internal/ModuleByClassLoaderKt
instanceKlass kotlin/text/RegexKt
instanceKlass kotlin/reflect/jvm/internal/DescriptorKMutableProperty1$$Lambda$0
instanceKlass kotlin/reflect/jvm/internal/DescriptorKProperty1$$Lambda$1
instanceKlass kotlin/reflect/jvm/internal/DescriptorKProperty1$$Lambda$0
instanceKlass kotlin/reflect/jvm/internal/DescriptorKProperty$$Lambda$1
instanceKlass kotlin/reflect/jvm/internal/DescriptorKProperty$$Lambda$0
instanceKlass kotlin/reflect/jvm/internal/DescriptorKCallable$$Lambda$4
instanceKlass kotlin/reflect/jvm/internal/DescriptorKCallable$$Lambda$3
instanceKlass kotlin/reflect/jvm/internal/DescriptorKCallable$$Lambda$2
instanceKlass kotlin/reflect/jvm/internal/DescriptorKCallable$$Lambda$1
instanceKlass kotlin/reflect/jvm/internal/DescriptorKCallable$$Lambda$0
instanceKlass kotlin/reflect/jvm/internal/ReflectKCallableKt
instanceKlass kotlin/reflect/jvm/internal/KCallableOverriddenStorage$Companion
instanceKlass kotlin/reflect/jvm/internal/KCallableOverriddenStorage
instanceKlass kotlin/reflect/jvm/internal/DescriptorKProperty$Companion
instanceKlass kotlin/reflect/jvm/internal/ReflectKCallableImpl
instanceKlass kotlin/reflect/jvm/internal/ReflectionFactoryImpl$$Lambda$3
instanceKlass kotlin/reflect/jvm/internal/SystemPropertiesKt
instanceKlass kotlin/reflect/jvm/internal/ReflectKProperty
instanceKlass kotlin/reflect/jvm/internal/ReflectKCallable
instanceKlass kotlin/reflect/jvm/internal/LazyKProperty
instanceKlass kotlin/reflect/jvm/internal/UtilKt
instanceKlass kotlin/reflect/jvm/ReflectJvmMapping
instanceKlass org/jetbrains/kotlin/cli/common/arguments/ArgumentUtilsKt
instanceKlass java/util/regex/IntHashSet
instanceKlass java/util/regex/Matcher
instanceKlass java/util/regex/MatchResult
instanceKlass org/jetbrains/kotlin/cli/js/HelpersKt
instanceKlass org/jetbrains/kotlin/io/ZipFileSystemCacheableAccessor
instanceKlass org/jetbrains/kotlin/cli/common/DisposableZipFileSystemAccessor
instanceKlass org/jetbrains/kotlin/io/ZipFileSystemAccessor
instanceKlass kotlin/reflect/KMutableProperty$Setter
instanceKlass org/jetbrains/kotlin/config/LanguageVersionSettingsKt
instanceKlass org/jetbrains/kotlin/config/DuplicatedUniqueNameStrategy$Companion
instanceKlass org/jetbrains/kotlin/config/KlibConfigurationKeys
instanceKlass org/jetbrains/kotlin/config/KlibConfigurationKeysKt
instanceKlass org/jetbrains/kotlin/config/KlibAbiCompatibilityLevel$Companion
instanceKlass org/jetbrains/kotlin/cli/common/KlibArgumentsKt
instanceKlass org/jetbrains/kotlin/js/config/ModuleKind$Companion
instanceKlass org/jetbrains/kotlin/wasm/config/WasmConfigurationKeys
instanceKlass org/jetbrains/kotlin/config/PartialLinkageConfig$Companion
instanceKlass org/jetbrains/kotlin/config/PartialLinkageConfig
instanceKlass org/jetbrains/kotlin/backend/common/linkage/partial/PartialLinkageConfigurationKt
instanceKlass org/jetbrains/kotlin/incremental/components/ICFileMappingTracker
instanceKlass org/jetbrains/kotlin/incremental/components/ExpectActualTracker
instanceKlass org/jetbrains/kotlin/incremental/components/LookupTracker
instanceKlass org/jetbrains/kotlin/incremental/js/IncrementalNextRoundChecker
instanceKlass org/jetbrains/kotlin/incremental/js/IncrementalResultsConsumer
instanceKlass org/jetbrains/kotlin/incremental/js/IncrementalDataProvider
instanceKlass org/jetbrains/kotlin/js/config/JSConfigurationKeys
instanceKlass org/jetbrains/kotlin/js/config/JSConfigurationKeysKt
instanceKlass  @bci org/jetbrains/kotlin/ir/validation/IrValidationDiagnostics$Messages <clinit> ()V 12 <appendix> argL0 ; # org/jetbrains/kotlin/ir/validation/IrValidationDiagnostics$Messages$$Lambda+0x00000000101c4d30
instanceKlass  @bci org/jetbrains/kotlin/backend/common/diagnostics/KtDefaultSerializationErrorMessages <clinit> ()V 12 <appendix> argL0 ; # org/jetbrains/kotlin/backend/common/diagnostics/KtDefaultSerializationErrorMessages$$Lambda+0x00000000101c46b8
instanceKlass  @bci org/jetbrains/kotlin/backend/common/KtDefaultCommonBackendErrorMessages <clinit> ()V 12 <appendix> argL0 ; # org/jetbrains/kotlin/backend/common/KtDefaultCommonBackendErrorMessages$$Lambda+0x00000000101c4040
instanceKlass org/jetbrains/kotlin/diagnostics/DiagnosticFactory1DelegateProvider
instanceKlass org/jetbrains/kotlin/diagnostics/DiagnosticFactory3DelegateProvider
instanceKlass  @bci org/jetbrains/kotlin/backend/common/actualizer/KtDefaultIrActualizationErrorMessages <clinit> ()V 12 <appendix> argL0 ; # org/jetbrains/kotlin/backend/common/actualizer/KtDefaultIrActualizationErrorMessages$$Lambda+0x00000000101c3168
instanceKlass org/jetbrains/kotlin/diagnostics/DiagnosticFactory2DelegateProvider
instanceKlass org/jetbrains/kotlin/diagnostics/PsiPositioningStrategies
instanceKlass org/jetbrains/kotlin/diagnostics/PositioningStrategy
instanceKlass org/jetbrains/kotlin/diagnostics/PositioningStrategies
instanceKlass  @bci org/jetbrains/kotlin/diagnostics/LightTreePositioningStrategies <clinit> ()V 910 <appendix> argL0 ; # org/jetbrains/kotlin/diagnostics/LightTreePositioningStrategies$$Lambda+0x00000000101aebc0
instanceKlass org/jetbrains/kotlin/diagnostics/LightTreePositioningStrategiesKt
instanceKlass  @bci org/jetbrains/kotlin/diagnostics/LightTreePositioningStrategies <clinit> ()V 899 <appendix> argL0 ; # org/jetbrains/kotlin/diagnostics/LightTreePositioningStrategies$$Lambda+0x00000000101ae558
instanceKlass  @cpi org/jetbrains/kotlin/diagnostics/LightTreePositioningStrategies 354 form vmentry <vmtarget> ; # java/lang/invoke/LambdaForm$DMH+0x00000000101b0000
instanceKlass com/intellij/lang/LighterASTNode
instanceKlass com/intellij/util/diff/FlyweightCapableTreeStructure
instanceKlass  @bci org/jetbrains/kotlin/KtNodeTypes <clinit> ()V 1199 <appendix> argL0 ; # org/jetbrains/kotlin/KtNodeTypes$$Lambda+0x00000000101adf00
instanceKlass  @bci org/jetbrains/kotlin/KtNodeTypes <clinit> ()V 1182 <appendix> argL0 ; # org/jetbrains/kotlin/KtNodeTypes$$Lambda+0x00000000101ad120
instanceKlass  @bci org/jetbrains/kotlin/KtNodeTypes <clinit> ()V 1165 <appendix> argL0 ; # org/jetbrains/kotlin/KtNodeTypes$$Lambda+0x00000000101ac338
instanceKlass  @bci org/jetbrains/kotlin/KtNodeTypes <clinit> ()V 1148 <appendix> argL0 ; # org/jetbrains/kotlin/KtNodeTypes$$Lambda+0x00000000101aa9a8
instanceKlass  @bci org/jetbrains/kotlin/KtNodeTypes <clinit> ()V 1131 <appendix> argL0 ; # org/jetbrains/kotlin/KtNodeTypes$$Lambda+0x00000000101a9bd0
instanceKlass  @bci org/jetbrains/kotlin/KtNodeTypes <clinit> ()V 1114 <appendix> argL0 ; # org/jetbrains/kotlin/KtNodeTypes$$Lambda+0x00000000101a8dc0
instanceKlass  @bci org/jetbrains/kotlin/KtNodeTypes <clinit> ()V 1097 <appendix> argL0 ; # org/jetbrains/kotlin/KtNodeTypes$$Lambda+0x00000000101a7d08
instanceKlass  @bci org/jetbrains/kotlin/KtNodeTypes <clinit> ()V 1080 <appendix> argL0 ; # org/jetbrains/kotlin/KtNodeTypes$$Lambda+0x00000000101a6d40
instanceKlass  @bci org/jetbrains/kotlin/KtNodeTypes <clinit> ()V 1057 <appendix> argL0 ; # org/jetbrains/kotlin/KtNodeTypes$$Lambda+0x00000000101a5b38
instanceKlass  @bci org/jetbrains/kotlin/KtNodeTypes <clinit> ()V 1034 <appendix> argL0 ; # org/jetbrains/kotlin/KtNodeTypes$$Lambda+0x00000000101a4908
instanceKlass  @bci org/jetbrains/kotlin/KtNodeTypes <clinit> ()V 1017 <appendix> argL0 ; # org/jetbrains/kotlin/KtNodeTypes$$Lambda+0x00000000101a46c0
instanceKlass  @bci org/jetbrains/kotlin/KtNodeTypes <clinit> ()V 994 <appendix> argL0 ; # org/jetbrains/kotlin/KtNodeTypes$$Lambda+0x00000000101a34d0
instanceKlass  @bci org/jetbrains/kotlin/KtNodeTypes <clinit> ()V 977 <appendix> argL0 ; # org/jetbrains/kotlin/KtNodeTypes$$Lambda+0x00000000101a2168
instanceKlass  @bci org/jetbrains/kotlin/KtNodeTypes <clinit> ()V 960 <appendix> argL0 ; # org/jetbrains/kotlin/KtNodeTypes$$Lambda+0x00000000101a0f90
instanceKlass  @bci org/jetbrains/kotlin/KtNodeTypes <clinit> ()V 943 <appendix> argL0 ; # org/jetbrains/kotlin/KtNodeTypes$$Lambda+0x000000001019e258
instanceKlass  @bci org/jetbrains/kotlin/KtNodeTypes <clinit> ()V 926 <appendix> argL0 ; # org/jetbrains/kotlin/KtNodeTypes$$Lambda+0x000000001019d088
instanceKlass  @bci org/jetbrains/kotlin/KtNodeTypes <clinit> ()V 909 <appendix> argL0 ; # org/jetbrains/kotlin/KtNodeTypes$$Lambda+0x000000001019bec0
instanceKlass org/jetbrains/kotlin/psi/KtOperationExpression
instanceKlass  @bci org/jetbrains/kotlin/KtNodeTypes <clinit> ()V 892 <appendix> argL0 ; # org/jetbrains/kotlin/KtNodeTypes$$Lambda+0x000000001019aad0
instanceKlass  @bci org/jetbrains/kotlin/KtNodeTypes <clinit> ()V 875 <appendix> argL0 ; # org/jetbrains/kotlin/KtNodeTypes$$Lambda+0x0000000010199b00
instanceKlass  @bci org/jetbrains/kotlin/KtNodeTypes <clinit> ()V 858 <appendix> argL0 ; # org/jetbrains/kotlin/KtNodeTypes$$Lambda+0x0000000010197718
instanceKlass  @bci org/jetbrains/kotlin/KtNodeTypes <clinit> ()V 841 <appendix> argL0 ; # org/jetbrains/kotlin/KtNodeTypes$$Lambda+0x00000000101974d0
instanceKlass  @bci org/jetbrains/kotlin/KtNodeTypes <clinit> ()V 824 <appendix> argL0 ; # org/jetbrains/kotlin/KtNodeTypes$$Lambda+0x00000000101960f0
instanceKlass  @bci org/jetbrains/kotlin/KtNodeTypes <clinit> ()V 795 <appendix> argL0 ; # org/jetbrains/kotlin/KtNodeTypes$$Lambda+0x0000000010193b68
instanceKlass  @bci org/jetbrains/kotlin/KtNodeTypes <clinit> ()V 778 <appendix> argL0 ; # org/jetbrains/kotlin/KtNodeTypes$$Lambda+0x00000000101927a0
instanceKlass  @bci org/jetbrains/kotlin/KtNodeTypes <clinit> ()V 749 <appendix> argL0 ; # org/jetbrains/kotlin/KtNodeTypes$$Lambda+0x0000000010189230
instanceKlass  @bci org/jetbrains/kotlin/KtNodeTypes <clinit> ()V 732 <appendix> argL0 ; # org/jetbrains/kotlin/KtNodeTypes$$Lambda+0x0000000010188fe8
instanceKlass  @bci org/jetbrains/kotlin/KtNodeTypes <clinit> ()V 715 <appendix> argL0 ; # org/jetbrains/kotlin/KtNodeTypes$$Lambda+0x0000000010188da0
instanceKlass  @bci org/jetbrains/kotlin/KtNodeTypes <clinit> ()V 698 <appendix> argL0 ; # org/jetbrains/kotlin/KtNodeTypes$$Lambda+0x00000000101874a0
instanceKlass  @bci org/jetbrains/kotlin/KtNodeTypes <clinit> ()V 681 <appendix> argL0 ; # org/jetbrains/kotlin/KtNodeTypes$$Lambda+0x0000000010185728
instanceKlass  @bci org/jetbrains/kotlin/KtNodeTypes <clinit> ()V 664 <appendix> argL0 ; # org/jetbrains/kotlin/KtNodeTypes$$Lambda+0x0000000010183988
instanceKlass  @bci org/jetbrains/kotlin/KtNodeTypes <clinit> ()V 647 <appendix> argL0 ; # org/jetbrains/kotlin/KtNodeTypes$$Lambda+0x0000000010182ba8
instanceKlass  @bci org/jetbrains/kotlin/KtNodeTypes <clinit> ()V 630 <appendix> argL0 ; # org/jetbrains/kotlin/KtNodeTypes$$Lambda+0x0000000010181db8
instanceKlass  @bci org/jetbrains/kotlin/KtNodeTypes <clinit> ()V 613 <appendix> argL0 ; # org/jetbrains/kotlin/KtNodeTypes$$Lambda+0x0000000010180dd8
instanceKlass  @bci org/jetbrains/kotlin/KtNodeTypes <clinit> ()V 596 <appendix> argL0 ; # org/jetbrains/kotlin/KtNodeTypes$$Lambda+0x0000000010180b90
instanceKlass  @bci org/jetbrains/kotlin/KtNodeTypes <clinit> ()V 579 <appendix> argL0 ; # org/jetbrains/kotlin/KtNodeTypes$$Lambda+0x000000001017f7e8
instanceKlass  @bci org/jetbrains/kotlin/KtNodeTypes <clinit> ()V 562 <appendix> argL0 ; # org/jetbrains/kotlin/KtNodeTypes$$Lambda+0x000000001017ea10
instanceKlass  @bci org/jetbrains/kotlin/KtNodeTypes <clinit> ()V 545 <appendix> argL0 ; # org/jetbrains/kotlin/KtNodeTypes$$Lambda+0x000000001017da18
instanceKlass  @bci org/jetbrains/kotlin/KtNodeTypes <clinit> ()V 528 <appendix> argL0 ; # org/jetbrains/kotlin/KtNodeTypes$$Lambda+0x000000001017ca58
instanceKlass  @bci org/jetbrains/kotlin/KtNodeTypes <clinit> ()V 511 <appendix> argL0 ; # org/jetbrains/kotlin/KtNodeTypes$$Lambda+0x000000001017ba98
instanceKlass  @bci org/jetbrains/kotlin/KtNodeTypes <clinit> ()V 494 <appendix> argL0 ; # org/jetbrains/kotlin/KtNodeTypes$$Lambda+0x000000001017aad0
instanceKlass  @bci org/jetbrains/kotlin/KtNodeTypes <clinit> ()V 477 <appendix> argL0 ; # org/jetbrains/kotlin/KtNodeTypes$$Lambda+0x0000000010178d80
instanceKlass  @bci org/jetbrains/kotlin/KtNodeTypes <clinit> ()V 394 <appendix> argL0 ; # org/jetbrains/kotlin/KtNodeTypes$$Lambda+0x0000000010177310
instanceKlass  @bci org/jetbrains/kotlin/KtNodeTypes <clinit> ()V 377 <appendix> argL0 ; # org/jetbrains/kotlin/KtNodeTypes$$Lambda+0x0000000010176150
instanceKlass  @bci org/jetbrains/kotlin/KtNodeTypes <clinit> ()V 168 <appendix> argL0 ; # org/jetbrains/kotlin/KtNodeTypes$$Lambda+0x0000000010175108
instanceKlass  @bci org/jetbrains/kotlin/KtNodeTypes <clinit> ()V 49 <appendix> argL0 ; # org/jetbrains/kotlin/KtNodeTypes$$Lambda+0x0000000010174310
instanceKlass org/jetbrains/kotlin/psi/stubs/KotlinStringInterpolationPrefixStub
instanceKlass org/jetbrains/kotlin/psi/stubs/KotlinScriptStub
instanceKlass org/jetbrains/kotlin/psi/stubs/KotlinBlockStringTemplateEntryStub
instanceKlass org/jetbrains/kotlin/psi/stubs/KotlinPlaceHolderWithTextStub
instanceKlass com/intellij/psi/LiteralTextEscaper
instanceKlass com/intellij/psi/PsiLanguageInjectionHost
instanceKlass com/intellij/model/psi/PsiExternalReferenceHost
instanceKlass com/intellij/psi/ContributedReferenceHost
instanceKlass org/jetbrains/kotlin/psi/stubs/KotlinCollectionLiteralExpressionStub
instanceKlass org/jetbrains/kotlin/psi/stubs/KotlinClassLiteralExpressionStub
instanceKlass org/jetbrains/kotlin/psi/KtDoubleColonExpression
instanceKlass org/jetbrains/kotlin/psi/stubs/KotlinConstantExpressionStub
instanceKlass org/jetbrains/kotlin/psi/stubs/elements/KtConstantExpressionElementType$Companion
instanceKlass org/jetbrains/kotlin/utils/exceptions/KotlinExceptionWithAttachments
instanceKlass org/jetbrains/kotlin/psi/stubs/KotlinContextReceiverStub
instanceKlass org/jetbrains/kotlin/psi/LambdaArgument
instanceKlass org/jetbrains/kotlin/psi/stubs/KotlinContractEffectStub
instanceKlass org/jetbrains/kotlin/psi/ValueArgumentName
instanceKlass org/jetbrains/kotlin/psi/stubs/KotlinValueArgumentStub
instanceKlass org/jetbrains/kotlin/psi/ValueArgument
instanceKlass org/jetbrains/kotlin/psi/stubs/KotlinEnumEntrySuperclassReferenceExpressionStub
instanceKlass org/jetbrains/kotlin/psi/KtQualifiedExpression
instanceKlass org/jetbrains/kotlin/psi/stubs/KotlinNameReferenceExpressionStub
instanceKlass org/jetbrains/kotlin/psi/stubs/KotlinTypeProjectionStub
instanceKlass org/jetbrains/kotlin/psi/stubs/KotlinFunctionTypeStub
instanceKlass org/jetbrains/kotlin/psi/KtSimpleNameExpression
instanceKlass org/jetbrains/kotlin/psi/KtReferenceExpression
instanceKlass org/jetbrains/kotlin/psi/stubs/KotlinUserTypeStub
instanceKlass org/jetbrains/kotlin/psi/stubs/impl/KotlinTypeBean
instanceKlass org/jetbrains/kotlin/types/model/KotlinTypeMarker
instanceKlass org/jetbrains/kotlin/psi/KtTypeElement
instanceKlass org/jetbrains/kotlin/psi/stubs/KotlinModifierListStub
instanceKlass org/jetbrains/kotlin/psi/stubs/KotlinImportAliasStub
instanceKlass org/jetbrains/kotlin/psi/KtImportInfo$ImportContent
instanceKlass org/jetbrains/kotlin/psi/stubs/KotlinImportDirectiveStub
instanceKlass org/jetbrains/kotlin/psi/KtImportInfo
instanceKlass org/jetbrains/kotlin/psi/stubs/KotlinAnnotationUseSiteTargetStub
instanceKlass org/jetbrains/kotlin/psi/stubs/KotlinAnnotationEntryStub
instanceKlass org/jetbrains/kotlin/psi/KtCallElement
instanceKlass org/jetbrains/kotlin/resolution/KtResolvableCall
instanceKlass org/jetbrains/kotlin/resolution/KtResolvable
instanceKlass org/jetbrains/kotlin/psi/stubs/KotlinTypeParameterStub
instanceKlass org/jetbrains/kotlin/psi/stubs/KotlinParameterStub
instanceKlass org/jetbrains/kotlin/psi/stubs/KotlinConstructorStub
instanceKlass org/jetbrains/kotlin/psi/stubs/KotlinPlaceHolderStub
instanceKlass org/jetbrains/kotlin/psi/KtAnonymousInitializer
instanceKlass org/jetbrains/kotlin/psi/stubs/KotlinObjectStub
instanceKlass org/jetbrains/kotlin/psi/stubs/KotlinTypeAliasStub
instanceKlass org/jetbrains/kotlin/psi/stubs/KotlinDestructuringDeclarationStub
instanceKlass org/jetbrains/kotlin/psi/stubs/KotlinBackingFieldStub
instanceKlass org/jetbrains/kotlin/psi/stubs/KotlinPropertyAccessorStub
instanceKlass org/jetbrains/kotlin/psi/KtVariableDeclaration
instanceKlass org/jetbrains/kotlin/psi/KtValVarKeywordOwner
instanceKlass org/jetbrains/kotlin/psi/stubs/KotlinPropertyStub
instanceKlass org/jetbrains/kotlin/psi/KtFunction
instanceKlass org/jetbrains/kotlin/psi/KtDeclarationWithBody
instanceKlass org/jetbrains/kotlin/psi/KtCallableDeclaration
instanceKlass org/jetbrains/kotlin/psi/KtDeclarationWithReturnType
instanceKlass org/jetbrains/kotlin/psi/KtDeclarationWithInitializer
instanceKlass org/jetbrains/kotlin/psi/stubs/KotlinFunctionStub
instanceKlass org/jetbrains/kotlin/psi/stubs/KotlinDeclarationWithBodyStub
instanceKlass org/jetbrains/kotlin/psi/stubs/KotlinCallableStubBase
instanceKlass  @bci org/jetbrains/kotlin/psi/stubs/elements/KtStubElementType <init> (Ljava/lang/String;Ljava/lang/Class;Ljava/lang/Class;)V 125 <appendix> member <vmtarget> ; # org/jetbrains/kotlin/psi/stubs/elements/KtStubElementType$$Lambda+0x00000000100ec000
instanceKlass org/jetbrains/kotlin/psi/KtAnnotationsContainer
instanceKlass com/intellij/psi/PsiFile
instanceKlass com/intellij/psi/PsiFileSystemItem
instanceKlass com/intellij/psi/PsiCheckedRenameElement
instanceKlass com/intellij/psi/PsiRecursiveVisitor
instanceKlass com/intellij/psi/impl/source/tree/TreeElementVisitor
instanceKlass com/intellij/psi/impl/source/SubstrateRef
instanceKlass com/intellij/psi/search/ProjectAwareFileFilter
instanceKlass com/intellij/openapi/vfs/VirtualFileFilter
instanceKlass com/intellij/psi/search/SearchScope
instanceKlass javax/swing/Icon
instanceKlass com/intellij/openapi/diagnostic/ExceptionWithAttachments
instanceKlass com/intellij/openapi/diagnostic/ControlFlowException
instanceKlass org/jetbrains/kotlin/psi/stubs/KotlinClassStub
instanceKlass org/jetbrains/kotlin/psi/stubs/KotlinClassOrObjectStub
instanceKlass org/jetbrains/kotlin/psi/stubs/KotlinStubWithFqName
instanceKlass com/intellij/psi/stubs/NamedStub
instanceKlass org/jetbrains/kotlin/psi/stubs/KotlinClassifierStub
instanceKlass com/intellij/psi/StubBasedPsiElement
instanceKlass org/jetbrains/kotlin/psi/KtTypeParameterListOwner
instanceKlass org/jetbrains/kotlin/psi/KtPureClassOrObject
instanceKlass org/jetbrains/kotlin/psi/KtDeclarationContainer
instanceKlass org/jetbrains/kotlin/psi/KtClassLikeDeclaration
instanceKlass org/jetbrains/kotlin/psi/KtNamedDeclaration
instanceKlass org/jetbrains/kotlin/psi/KtStatementExpression
instanceKlass org/jetbrains/kotlin/psi/KtNamed
instanceKlass org/jetbrains/kotlin/psi/KtDeclaration
instanceKlass org/jetbrains/kotlin/psi/KtModifierListOwner
instanceKlass org/jetbrains/kotlin/psi/KtAnnotated
instanceKlass org/jetbrains/kotlin/psi/KtExpression
instanceKlass org/jetbrains/kotlin/psi/KtElement
instanceKlass org/jetbrains/kotlin/psi/KtPureElement
instanceKlass com/intellij/psi/NavigatablePsiElement
instanceKlass com/intellij/navigation/NavigationItem
instanceKlass com/intellij/pom/Navigatable
instanceKlass com/intellij/psi/PsiNameIdentifierOwner
instanceKlass com/intellij/psi/PsiNamedElement
instanceKlass com/intellij/psi/PsiElement
instanceKlass com/intellij/openapi/util/Iconable
instanceKlass org/jetbrains/kotlin/psi/stubs/elements/KtStubElementTypes
instanceKlass  @bci com/intellij/psi/tree/TemplateLanguageStubBaseVersion <clinit> ()V 14 <appendix> argL0 ; # com/intellij/psi/tree/TemplateLanguageStubBaseVersion$$Lambda+0x00000000100cd9b0
instanceKlass java/lang/invoke/TypeConvertingMethodAdapter$BoxHolder
instanceKlass java/lang/invoke/TypeConvertingMethodAdapter$1
instanceKlass  @cpi com/intellij/psi/tree/TemplateLanguageStubBaseVersion 81 form vmentry <vmtarget> ; # java/lang/invoke/LambdaForm$DMH+0x00000000100ccc00
# instanceKlass java/lang/invoke/LambdaForm$DMH+0x00000000100cc800
instanceKlass com/intellij/util/concurrency/SynchronizedClearableLazy$Companion
instanceKlass com/intellij/util/concurrency/SynchronizedClearableLazy
instanceKlass com/intellij/psi/tree/TemplateLanguageStubBaseVersion
instanceKlass org/jetbrains/kotlin/psi/stubs/KotlinFileStub
instanceKlass org/jetbrains/kotlin/psi/stubs/KotlinStubElement
instanceKlass com/intellij/psi/stubs/IndexSink
instanceKlass  @bci com/intellij/util/ReflectionUtil findAssignableField (Ljava/lang/Class;Ljava/lang/Class;Ljava/lang/String;)Ljava/lang/reflect/Field; 20 <appendix> member <vmtarget> ; # com/intellij/util/ReflectionUtil$$Lambda+0x00000000100cbb80
instanceKlass  @cpi com/intellij/util/ReflectionUtil 210 form vmentry <vmtarget> ; # java/lang/invoke/LambdaForm$DMH+0x00000000100cc400
instanceKlass  @cpi kotlin/comparisons/ComparisonsKt__ComparisonsKt 88 form vmentry <vmtarget> ; # java/lang/invoke/LambdaForm$DMH+0x00000000100cc000
instanceKlass sun/misc/Unsafe
instanceKlass com/intellij/util/ReflectionUtil
instanceKlass com/intellij/psi/stubs/PsiFileStub
instanceKlass com/intellij/psi/stubs/StubElement
instanceKlass com/intellij/psi/stubs/Stub
instanceKlass com/intellij/psi/StubBuilder
instanceKlass org/jetbrains/kotlin/KtStubBasedElementTypes
instanceKlass com/intellij/psi/stubs/StubSerializer
instanceKlass com/intellij/psi/stubs/ObjectStubSerializer
instanceKlass org/jetbrains/kotlin/KtNodeTypes
instanceKlass com/intellij/psi/tree/IReparseableLeafElementType
instanceKlass com/intellij/psi/TokenType
instanceKlass  @bci com/intellij/util/ArrayUtil <clinit> ()V 95 <appendix> argL0 ; # com/intellij/util/ArrayUtil$$Lambda+0x00000000100c7b80
instanceKlass  @bci com/intellij/util/ArrayUtil <clinit> ()V 87 <appendix> argL0 ; # com/intellij/util/ArrayUtil$$Lambda+0x00000000100c7958
instanceKlass com/intellij/util/ArrayUtil
instanceKlass com/intellij/psi/tree/TokenSet
instanceKlass jdk/internal/reflect/FieldAccessorImpl
instanceKlass jdk/internal/reflect/FieldAccessor
instanceKlass com/intellij/lexer/Lexer
instanceKlass com/intellij/lang/ASTNode
instanceKlass org/jetbrains/kotlin/BlockExpressionElementType$Companion
instanceKlass com/intellij/psi/tree/IReparseableElementTypeBase
instanceKlass com/intellij/psi/tree/ICompositeElementType
instanceKlass org/jetbrains/kotlin/psi/impl/KotlinElementTypeProviderImpl
instanceKlass  @bci org/jetbrains/kotlin/KotlinElementTypeProvider$Companion <clinit> ()V 13 <appendix> argL0 ; # org/jetbrains/kotlin/KotlinElementTypeProvider$Companion$$Lambda+0x00000000100c49e8
instanceKlass org/jetbrains/kotlin/KotlinElementTypeProvider$Companion
instanceKlass org/jetbrains/kotlin/KotlinElementTypeProvider
instanceKlass org/jetbrains/kotlin/kdoc/lexer/KDocTokens
instanceKlass java/util/AbstractMap$SimpleImmutableEntry
instanceKlass com/intellij/openapi/util/Condition$3
instanceKlass com/intellij/openapi/util/Condition$2
instanceKlass com/intellij/openapi/util/Condition$1
instanceKlass com/intellij/openapi/util/Condition
instanceKlass com/intellij/openapi/util/Conditions
instanceKlass com/intellij/util/containers/UtilKt
instanceKlass kotlinx/collections/immutable/implementations/immutableSet/TrieNode$Companion
instanceKlass kotlinx/collections/immutable/implementations/immutableSet/TrieNode
instanceKlass kotlinx/collections/immutable/implementations/immutableSet/PersistentHashSet$Companion
instanceKlass kotlin/collections/AbstractSet$Companion
instanceKlass kotlinx/collections/immutable/PersistentSet
instanceKlass kotlinx/collections/immutable/ImmutableSet
instanceKlass kotlinx/collections/immutable/internal/CommonFunctionsKt
instanceKlass kotlinx/collections/immutable/implementations/immutableList/SmallPersistentVector$Companion
instanceKlass kotlinx/collections/immutable/PersistentList
instanceKlass kotlinx/collections/immutable/PersistentCollection
instanceKlass kotlinx/collections/immutable/ImmutableList
instanceKlass kotlinx/collections/immutable/ImmutableCollection
instanceKlass kotlinx/collections/immutable/implementations/immutableList/UtilsKt
instanceKlass kotlinx/collections/immutable/ExtensionsKt
instanceKlass com/intellij/util/keyFMap/DebugFMap
instanceKlass com/intellij/util/keyFMap/EmptyFMap
instanceKlass com/intellij/util/keyFMap/KeyFMap
instanceKlass com/intellij/util/DefaultJava11Shim
instanceKlass com/intellij/util/Java11Shim$Companion
instanceKlass com/intellij/util/Java11Shim
instanceKlass  @bci com/intellij/psi/tree/IElementType <clinit> ()V 15 <appendix> argL0 ; # com/intellij/psi/tree/IElementType$$Lambda+0x00000000100be430
instanceKlass  @cpi com/intellij/psi/tree/IElementType 148 form vmentry <vmtarget> ; # java/lang/invoke/LambdaForm$DMH+0x00000000100bc400
instanceKlass com/intellij/psi/tree/IElementType$Predicate
instanceKlass  @bci com/intellij/psi/tree/IElementType <clinit> ()V 7 <appendix> argL0 ; # com/intellij/psi/tree/IElementType$$Lambda+0x00000000100be000
instanceKlass  @cpi com/intellij/util/ArrayUtil 187 form vmentry <vmtarget> ; # java/lang/invoke/LambdaForm$DMH+0x00000000100bc000
instanceKlass com/intellij/util/ArrayFactory
instanceKlass com/intellij/openapi/util/UserDataHolderEx
instanceKlass com/intellij/openapi/util/UserDataHolder
instanceKlass com/intellij/psi/tree/ILazyParseableElementTypeBase
instanceKlass com/intellij/psi/tree/IElementType
instanceKlass org/jetbrains/kotlin/lexer/KtTokens
instanceKlass org/jetbrains/kotlin/diagnostics/LightTreePositioningStrategy
instanceKlass org/jetbrains/kotlin/diagnostics/LightTreePositioningStrategies
instanceKlass org/jetbrains/kotlin/diagnostics/AbstractSourceElementPositioningStrategy
instanceKlass org/jetbrains/kotlin/diagnostics/SourceElementPositioningStrategies
instanceKlass  @bci org/jetbrains/kotlin/cli/jvm/plugins/PluginCliParser loadRegisteredPluginsInfo (Ljava/lang/Iterable;Ljava/util/List;Lcom/intellij/openapi/Disposable;)Ljava/util/List; 1021 <appendix> member <vmtarget> ; # org/jetbrains/kotlin/cli/jvm/plugins/PluginCliParser$$Lambda+0x00000000100b7588
instanceKlass org/jetbrains/kotlin/cli/jvm/plugins/PluginCliParser$RegisteredPluginInfo
instanceKlass org/jetbrains/kotlin/cli/jvm/plugins/PluginCliParser$loadRegisteredPluginsInfo$topologicalSort$1
instanceKlass com/intellij/util/containers/MultiMap
instanceKlass org/jetbrains/kotlin/compiler/plugin/CliOption
instanceKlass org/jetbrains/kotlin/compiler/plugin/AbstractCliOption
instanceKlass org/jetbrains/kotlin/scripting/compiler/plugin/ScriptingCommandLineProcessor$Companion
instanceKlass org/jetbrains/kotlin/scripting/compiler/plugin/ScriptingCommandLineProcessor
instanceKlass org/jetbrains/kotlin/compiler/plugin/CommandLineProcessor
instanceKlass kotlin/collections/ReversedListReadOnly$listIterator$1
instanceKlass kotlin/jvm/internal/TypeIntrinsics
instanceKlass org/jetbrains/kotlin/utils/SortUtilsKt
instanceKlass  @bci org/jetbrains/kotlin/cli/jvm/plugins/PluginCliParser loadPluginsLegacyStyle (Ljava/lang/Iterable;Ljava/util/List;Ljava/lang/Iterable;Lorg/jetbrains/kotlin/config/CompilerConfiguration;Lcom/intellij/openapi/Disposable;)V 644 <appendix> member <vmtarget> ; # org/jetbrains/kotlin/cli/jvm/plugins/PluginCliParser$$Lambda+0x00000000100af760
instanceKlass org/jetbrains/kotlin/cli/jvm/plugins/PluginCliParser$loadPluginsLegacyStyle$topologicalSort$1
instanceKlass org/jetbrains/kotlin/scripting/compiler/plugin/ScriptingK2CompilerPluginRegistrar$Companion
instanceKlass org/jetbrains/kotlin/compiler/plugin/CompilerPluginRegistrar$Companion
instanceKlass java/io/RandomAccessFile$1
instanceKlass kotlin/io/CloseableKt
instanceKlass kotlin/text/CharsKt__CharJVMKt
instanceKlass kotlin/io/LinesSequence$iterator$1
instanceKlass java/lang/invoke/VarHandle$AccessDescriptor
instanceKlass kotlin/sequences/ConstrainedOnceSequence
instanceKlass kotlin/sequences/SequencesKt__SequenceBuilderKt
instanceKlass kotlin/io/LinesSequence
instanceKlass kotlin/sequences/Sequence
instanceKlass kotlin/io/TextStreamsKt
instanceKlass java/io/Reader
instanceKlass kotlin/text/Charsets
instanceKlass kotlin/io/FilesKt__FilePathComponentsKt
instanceKlass sun/nio/fs/WindowsUriSupport
instanceKlass org/jetbrains/kotlin/compiler/plugin/CompilerPluginRegistrar
instanceKlass org/jetbrains/kotlin/util/ServiceLoaderLite
instanceKlass com/intellij/openapi/util/ObjectNode$ListNodeChildren
instanceKlass com/intellij/util/ObjectUtils$Sentinel
instanceKlass com/intellij/util/ObjectUtils
instanceKlass com/intellij/openapi/util/Disposer$CheckedDisposableImpl
instanceKlass com/intellij/openapi/util/CheckedDisposable
instanceKlass org/jetbrains/kotlin/cli/jvm/plugins/PluginCliParser$UrlClassLoaderDisposable
instanceKlass  @bci org/jetbrains/kotlin/cli/jvm/plugins/PluginCliParser loadPluginsSafe (Ljava/util/Collection;Ljava/util/Collection;Ljava/util/Collection;Ljava/util/Collection;Lorg/jetbrains/kotlin/config/CompilerConfiguration;Lcom/intellij/openapi/Disposable;)Lorg/jetbrains/kotlin/cli/common/ExitCode; 51 <appendix> form vmentry <vmtarget> ; # java/lang/invoke/LambdaForm$DMH+0x00000000100ac000
instanceKlass  @bci org/jetbrains/kotlin/cli/jvm/plugins/PluginCliParser loadPluginsSafe (Ljava/util/Collection;Ljava/util/Collection;Ljava/util/Collection;Ljava/util/Collection;Lorg/jetbrains/kotlin/config/CompilerConfiguration;Lcom/intellij/openapi/Disposable;)Lorg/jetbrains/kotlin/cli/common/ExitCode; 51 <appendix> member <vmtarget> ; # org/jetbrains/kotlin/cli/jvm/plugins/PluginCliParser$$Lambda+0x00000000100ab6b0
instanceKlass org/jetbrains/kotlin/cli/jvm/plugins/PluginCliParser
instanceKlass org/jetbrains/kotlin/cli/plugins/PluginsOptionsParserKt
instanceKlass org/jetbrains/kotlin/cli/common/CLICompilerKt
instanceKlass kotlin/collections/ArrayAsCollection
instanceKlass org/jetbrains/kotlin/cli/common/messages/MessageCollectorKt
instanceKlass org/jetbrains/kotlin/config/ReportingUtilsKt
instanceKlass org/jetbrains/kotlin/cli/CliDiagnosticReportingKt
instanceKlass  @bci org/jetbrains/kotlin/utils/KotlinPathsFromHomeDir <init> (Ljava/io/File;)V 26 <appendix> argL0 ; # org/jetbrains/kotlin/utils/KotlinPathsFromHomeDir$$Lambda+0x00000000100a9e88
instanceKlass org/jetbrains/kotlin/utils/KotlinPathsFromBaseDirectory
instanceKlass org/jetbrains/kotlin/utils/KotlinPaths
instanceKlass java/nio/file/FileSystems$DefaultFileSystemHolder
instanceKlass java/nio/file/FileSystems
instanceKlass java/nio/file/Paths
instanceKlass com/intellij/openapi/application/PathManager
instanceKlass  @bci org/jetbrains/kotlin/utils/PathUtil <clinit> ()V 107 <appendix> argL0 ; # org/jetbrains/kotlin/utils/PathUtil$$Lambda+0x00000000100a90f8
instanceKlass  @bci java/util/regex/Pattern DOT ()Ljava/util/regex/Pattern$CharPredicate; 0 <appendix> argL0 ; # java/util/regex/Pattern$$Lambda+0x0000000010021a90
instanceKlass  @bci java/util/regex/Pattern union (Ljava/util/regex/Pattern$CharPredicate;Ljava/util/regex/Pattern$CharPredicate;Z)Ljava/util/regex/Pattern$CharPredicate; 6 <appendix> member <vmtarget> ; # java/util/regex/Pattern$$Lambda+0x800000030
instanceKlass java/util/regex/Pattern$BitClass
instanceKlass org/jetbrains/kotlin/utils/PathUtil
instanceKlass org/jetbrains/kotlin/cli/common/arguments/ConfigureWasmLanguageFeaturesKt
instanceKlass org/jetbrains/kotlin/cli/common/arguments/ConfigureCommonLanguageFeaturesKt
instanceKlass org/jetbrains/kotlin/config/WarningLevel$Companion
instanceKlass org/jetbrains/kotlin/config/KlibIrInlinerMode$Companion
instanceKlass org/jetbrains/kotlin/cli/common/arguments/CommonKlibBasedCompilerArgumentsConfigurator$WhenMappings
instanceKlass org/jetbrains/kotlin/config/PartialLinkageLogLevel$Companion
instanceKlass org/jetbrains/kotlin/config/HeaderMode$Companion
instanceKlass org/jetbrains/kotlin/config/AnalysisFlag$Delegates$HeaderModeTypeAnyByDefault
instanceKlass org/jetbrains/kotlin/config/ReturnValueCheckerMode$Companion
instanceKlass org/jetbrains/kotlin/config/AnalysisFlag$Delegates$ReturnValueCheckerDisabledByDefault
instanceKlass org/jetbrains/kotlin/config/AnalysisFlag$Delegates$WarningLevelMap
instanceKlass org/jetbrains/kotlin/config/ExplicitApiMode$Companion
instanceKlass org/jetbrains/kotlin/config/AnalysisFlag$Delegates$ApiModeDisabledByDefault
instanceKlass org/jetbrains/kotlin/config/AnalysisFlag$Delegates$ListOfStrings
instanceKlass org/jetbrains/kotlin/config/AnalysisFlag
instanceKlass org/jetbrains/kotlin/config/AnalysisFlag$Delegate
instanceKlass org/jetbrains/kotlin/config/AnalysisFlag$Delegates$Boolean
instanceKlass org/jetbrains/kotlin/config/AnalysisFlags
instanceKlass org/jetbrains/kotlin/config/LanguageVersionSettingsImpl$Companion
instanceKlass org/jetbrains/kotlin/config/LanguageVersionSettings$Companion
instanceKlass org/jetbrains/kotlin/config/LanguageVersionSettingsImpl
instanceKlass org/jetbrains/kotlin/config/LanguageVersionSettings
instanceKlass org/jetbrains/kotlin/cli/common/arguments/CommonCompilerArgumentsConfiguratorKt
instanceKlass org/jetbrains/kotlin/cli/common/ArgumentsKt$fromConfiguration$1
instanceKlass org/jetbrains/kotlin/cli/common/arguments/CommonCompilerArgumentsConfigurator$Reporter$Companion
instanceKlass org/jetbrains/kotlin/cli/common/arguments/CommonCompilerArgumentsConfigurator$Reporter
instanceKlass org/jetbrains/kotlin/config/IrVerificationMode$Companion
instanceKlass org/jetbrains/kotlin/config/IncrementalCompilation
instanceKlass kotlin/collections/EmptyIterator
instanceKlass org/jetbrains/kotlin/config/phaser/PhaserState
instanceKlass org/jetbrains/kotlin/config/phaser/CompilerPhaseKt
instanceKlass org/jetbrains/kotlin/cli/pipeline/PipelineContext
instanceKlass org/jetbrains/kotlin/config/LoggingContext
instanceKlass org/jetbrains/kotlin/config/phaser/PhaseSet
instanceKlass org/jetbrains/kotlin/config/phaser/PhaseConfig
instanceKlass org/jetbrains/kotlin/backend/common/phaser/CompositePhase
instanceKlass org/jetbrains/kotlin/backend/common/phaser/PhaseBuildersKt
instanceKlass org/jetbrains/kotlin/config/CommonConfigurationKeysKt
instanceKlass org/jetbrains/kotlin/config/CommonConfigurationKeys
instanceKlass org/jetbrains/kotlin/cli/common/CLIConfigurationKeys
instanceKlass org/jetbrains/kotlin/cli/common/CLIConfigurationKeysKt
instanceKlass org/jetbrains/kotlin/diagnostics/DiagnosticReporter
instanceKlass  @bci org/jetbrains/kotlin/diagnostics/KtDiagnosticFactoryToRendererMapKt KtDiagnosticFactoryToRendererMap (Ljava/lang/String;Lkotlin/jvm/functions/Function1;)Lkotlin/Lazy; 17 <appendix> member <vmtarget> ; # org/jetbrains/kotlin/diagnostics/KtDiagnosticFactoryToRendererMapKt$$Lambda+0x000000001009f5d0
instanceKlass org/jetbrains/kotlin/diagnostics/KtDiagnosticFactoryToRendererMapKt
instanceKlass  @bci org/jetbrains/kotlin/cli/CliDiagnostics$Messages <clinit> ()V 12 <appendix> argL0 ; # org/jetbrains/kotlin/cli/CliDiagnostics$Messages$$Lambda+0x000000001009f198
instanceKlass org/jetbrains/kotlin/diagnostics/KtDiagnosticFactoryToRendererMap
instanceKlass org/jetbrains/kotlin/diagnostics/rendering/BaseSourcelessDiagnosticRendererFactory$Companion
instanceKlass org/jetbrains/kotlin/diagnostics/rendering/BaseDiagnosticRendererFactory
instanceKlass org/jetbrains/kotlin/diagnostics/rendering/DiagnosticRendererFactory
instanceKlass org/jetbrains/kotlin/diagnostics/AbstractKtDiagnosticFactory
instanceKlass org/jetbrains/kotlin/utils/DummyDelegate
instanceKlass kotlin/properties/ReadOnlyProperty
instanceKlass org/jetbrains/kotlin/diagnostics/SourcelessDiagnosticFactoryDelegateProvider
instanceKlass org/jetbrains/kotlin/diagnostics/KtDiagnosticFactoryDslKt
instanceKlass org/jetbrains/kotlin/diagnostics/KtDiagnosticsContainer
instanceKlass org/jetbrains/kotlin/diagnostics/KtRegisteredDiagnosticFactoriesStorage
instanceKlass it/unimi/dsi/fastutil/ints/Int2ObjectMap$FastEntrySet
instanceKlass it/unimi/dsi/fastutil/ints/IntSet
instanceKlass it/unimi/dsi/fastutil/ints/IntCollection
instanceKlass it/unimi/dsi/fastutil/ints/IntIterable
instanceKlass it/unimi/dsi/fastutil/ints/AbstractInt2ObjectFunction
instanceKlass it/unimi/dsi/fastutil/ints/Int2ObjectMap
instanceKlass it/unimi/dsi/fastutil/ints/Int2ObjectFunction
instanceKlass java/util/function/IntFunction
instanceKlass com/intellij/util/containers/IntKeyWeakValueHashMap
instanceKlass com/intellij/openapi/util/Key
instanceKlass org/jetbrains/kotlin/config/CompilerConfigurationKey$Companion
instanceKlass org/jetbrains/kotlin/config/CompilerConfigurationKey
instanceKlass org/jetbrains/kotlin/cli/FrontendConfigurationKeys
instanceKlass org/jetbrains/kotlin/cli/FrontendConfigurationKeysKt
instanceKlass org/jetbrains/kotlin/compiler/plugin/CompilerPluginRegistrar$ExtensionStorage
instanceKlass org/jetbrains/kotlin/cli/CompilerConfigurationCreationKt
instanceKlass org/jetbrains/kotlin/config/CompilerConfiguration$Companion
instanceKlass org/jetbrains/kotlin/config/CompilerConfiguration
instanceKlass org/jetbrains/kotlin/cli/pipeline/PipelineArtifact$Companion
instanceKlass org/jetbrains/kotlin/cli/pipeline/PipelineArtifact
instanceKlass com/google/common/collect/AbstractMapEntry
instanceKlass com/google/common/collect/LinkedHashMultimap$ValueSetLink
instanceKlass com/google/common/collect/CollectPreconditions
instanceKlass com/google/common/base/Preconditions
instanceKlass com/google/common/collect/ImmutableMap
instanceKlass com/google/common/collect/UnmodifiableIterator
instanceKlass com/google/common/collect/BiMap
instanceKlass java/util/NavigableSet
instanceKlass java/util/SortedSet
instanceKlass com/google/common/collect/Maps$EntryTransformer
instanceKlass com/google/common/base/Converter
instanceKlass com/google/common/base/Function
instanceKlass com/google/common/collect/SortedMapDifference
instanceKlass com/google/common/collect/MapDifference
instanceKlass com/google/common/collect/Maps
instanceKlass com/google/common/collect/Platform
instanceKlass com/google/common/collect/Multiset
instanceKlass com/google/common/collect/AbstractMultimap
instanceKlass com/google/common/collect/SetMultimap
instanceKlass com/google/common/collect/Multimap
instanceKlass org/jetbrains/kotlin/cli/common/messages/GroupingMessageCollector
instanceKlass org/jetbrains/kotlin/cli/common/messages/MessageCollectorWithDiagnosticId
instanceKlass org/jetbrains/kotlin/cli/common/environment/UtilKt
instanceKlass com/intellij/openapi/util/ObjectNode$1
instanceKlass com/intellij/openapi/util/Disposer$2
instanceKlass com/intellij/openapi/util/ObjectNode$NodeChildren
instanceKlass com/intellij/openapi/util/ObjectNode
instanceKlass it/unimi/dsi/fastutil/objects/Object2ObjectMap$FastEntrySet
instanceKlass it/unimi/dsi/fastutil/objects/AbstractObject2ObjectFunction
instanceKlass it/unimi/dsi/fastutil/objects/Object2ObjectMap
instanceKlass it/unimi/dsi/fastutil/objects/Object2ObjectFunction
instanceKlass com/intellij/util/containers/RefHashMap$HardKey
instanceKlass com/intellij/util/containers/RefHashMap$Key
instanceKlass com/intellij/util/containers/ReferenceQueueable
instanceKlass com/intellij/util/containers/IdentityHashingStrategy
instanceKlass com/intellij/util/containers/HashingStrategy
instanceKlass it/unimi/dsi/fastutil/Hash$Strategy
instanceKlass com/intellij/util/containers/CollectionFactory
instanceKlass it/unimi/dsi/fastutil/HashCommon
instanceKlass it/unimi/dsi/fastutil/objects/Reference2ObjectMap$FastEntrySet
instanceKlass it/unimi/dsi/fastutil/objects/ObjectSet
instanceKlass it/unimi/dsi/fastutil/objects/ReferenceSet
instanceKlass it/unimi/dsi/fastutil/objects/ReferenceCollection
instanceKlass it/unimi/dsi/fastutil/objects/ObjectCollection
instanceKlass it/unimi/dsi/fastutil/objects/ObjectIterable
instanceKlass it/unimi/dsi/fastutil/objects/AbstractReference2ObjectFunction
instanceKlass it/unimi/dsi/fastutil/objects/Reference2ObjectMap
instanceKlass it/unimi/dsi/fastutil/objects/Reference2ObjectFunction
instanceKlass it/unimi/dsi/fastutil/Function
instanceKlass it/unimi/dsi/fastutil/Hash
instanceKlass com/intellij/openapi/util/ObjectTree
instanceKlass com/intellij/openapi/Disposable
instanceKlass com/intellij/openapi/util/Disposer
instanceKlass java/util/concurrent/atomic/AtomicReferenceArray
instanceKlass java/util/concurrent/atomic/AtomicLongArray
instanceKlass java/util/concurrent/atomic/AtomicIntegerArray
instanceKlass java/util/concurrent/atomic/AtomicBoolean
instanceKlass kotlin/reflect/jvm/internal/impl/name/SpecialNames
instanceKlass kotlin/reflect/jvm/internal/impl/builtins/CompanionObjectMapping
instanceKlass kotlin/reflect/jvm/internal/impl/name/FqNamesUtilKt
instanceKlass kotlin/reflect/jvm/internal/impl/utils/CollectionsKt
instanceKlass kotlin/reflect/jvm/internal/impl/builtins/PrimitiveType$Companion
instanceKlass kotlin/reflect/jvm/internal/impl/builtins/PrimitiveType$$Lambda$1
instanceKlass kotlin/reflect/jvm/internal/impl/builtins/PrimitiveType$$Lambda$0
instanceKlass kotlin/reflect/jvm/internal/impl/builtins/StandardNames$FqNames
instanceKlass kotlin/reflect/jvm/internal/impl/builtins/jvm/JavaToKotlinClassMap$PlatformMutabilityMapping
instanceKlass kotlin/reflect/jvm/internal/impl/name/StandardClassIdsKt
instanceKlass kotlin/reflect/jvm/internal/impl/name/StandardClassIds
instanceKlass kotlin/reflect/jvm/internal/impl/builtins/StandardNames
instanceKlass kotlin/reflect/jvm/internal/impl/builtins/functions/FunctionTypeKind$Companion
instanceKlass kotlin/reflect/jvm/internal/impl/builtins/functions/FunctionTypeKind
instanceKlass kotlin/reflect/jvm/internal/impl/builtins/jvm/JavaToKotlinClassMap
instanceKlass kotlin/jvm/functions/Function22
instanceKlass kotlin/jvm/functions/Function21
instanceKlass kotlin/jvm/functions/Function20
instanceKlass kotlin/jvm/functions/Function19
instanceKlass kotlin/jvm/functions/Function18
instanceKlass kotlin/jvm/functions/Function17
instanceKlass kotlin/jvm/functions/Function16
instanceKlass kotlin/jvm/functions/Function15
instanceKlass kotlin/jvm/functions/Function14
instanceKlass kotlin/jvm/functions/Function13
instanceKlass kotlin/jvm/functions/Function12
instanceKlass kotlin/jvm/functions/Function11
instanceKlass kotlin/jvm/functions/Function10
instanceKlass kotlin/jvm/functions/Function9
instanceKlass kotlin/jvm/functions/Function8
instanceKlass kotlin/jvm/functions/Function7
instanceKlass kotlin/jvm/functions/Function6
instanceKlass kotlin/jvm/functions/Function5
instanceKlass kotlin/jvm/functions/Function4
instanceKlass kotlin/TuplesKt
instanceKlass kotlin/reflect/jvm/internal/impl/descriptors/runtime/structure/ReflectClassUtilKt
instanceKlass kotlin/reflect/jvm/internal/RuntimeTypeMapper
instanceKlass kotlin/reflect/jvm/internal/KClassImpl$Data$$Lambda$14
instanceKlass kotlin/reflect/jvm/internal/KClassMembersKt
instanceKlass kotlin/reflect/jvm/internal/KClassImpl$Data$$Lambda$13
instanceKlass kotlin/reflect/jvm/internal/KClassImpl$Data$$Lambda$12
instanceKlass kotlin/reflect/jvm/internal/KClassImpl$Data$$Lambda$11
instanceKlass kotlin/reflect/jvm/internal/KClassImpl$Data$$Lambda$10
instanceKlass kotlin/reflect/jvm/internal/KClassImpl$Data$$Lambda$9
instanceKlass kotlin/reflect/jvm/internal/KClassImpl$Data$$Lambda$8
instanceKlass kotlin/reflect/jvm/internal/KClassImpl$Data$$Lambda$7
instanceKlass kotlin/reflect/jvm/internal/KClassImpl$Data$$Lambda$6
instanceKlass kotlin/reflect/jvm/internal/KClassImpl$Data$$Lambda$5
instanceKlass kotlin/reflect/jvm/internal/KClassImpl$Data$$Lambda$4
instanceKlass kotlin/reflect/jvm/internal/KClassImpl$Data$$Lambda$3
instanceKlass kotlin/reflect/jvm/internal/KClassImpl$Data$$Lambda$2
instanceKlass kotlin/reflect/jvm/internal/KClassImpl$Data$$Lambda$1
instanceKlass kotlin/reflect/jvm/internal/KClassImpl$Data$$Lambda$0
instanceKlass kotlin/reflect/jvm/internal/ReflectProperties$Val$1
instanceKlass kotlin/reflect/jvm/internal/ReflectProperties$Val
instanceKlass kotlin/reflect/jvm/internal/ReflectProperties
instanceKlass kotlin/reflect/jvm/internal/KDeclarationContainerImpl$Data$$Lambda$0
instanceKlass kotlin/reflect/KProperty$Getter
instanceKlass kotlin/reflect/KProperty$Accessor
instanceKlass kotlin/reflect/jvm/internal/KDeclarationContainerImpl$Data
instanceKlass  @bci org/jetbrains/kotlin/progress/ProgressIndicatorAndCompilationCanceledStatus <clinit> ()V 10 <appendix> argL0 ; # org/jetbrains/kotlin/progress/ProgressIndicatorAndCompilationCanceledStatus$$Lambda+0x0000000010080000
instanceKlass org/jetbrains/kotlin/progress/ProgressIndicatorAndCompilationCanceledStatus
instanceKlass org/jetbrains/kotlin/progress/CompilationCanceledStatus
instanceKlass  @bci org/jetbrains/kotlin/cli/pipeline/PipelinePhaseKt toPostAction (Lkotlin/jvm/functions/Function3;)Lkotlin/jvm/functions/Function3; 1 <appendix> member <vmtarget> ; # org/jetbrains/kotlin/cli/pipeline/PipelinePhaseKt$$Lambda+0x000000001007a800
instanceKlass kotlin/Unit
instanceKlass org/jetbrains/kotlin/config/phaser/ActionState
instanceKlass org/jetbrains/kotlin/cli/pipeline/PipelinePhaseKt
instanceKlass kotlin/collections/EmptySet
instanceKlass org/jetbrains/kotlin/cli/pipeline/ConfigurationUpdater
instanceKlass org/jetbrains/kotlin/cli/pipeline/CheckCompilationErrors
instanceKlass kotlin/jvm/functions/Function3
instanceKlass org/jetbrains/kotlin/config/phaser/NamedCompilerPhase
instanceKlass org/jetbrains/kotlin/config/phaser/CompilerPhase
instanceKlass  @bci org/jetbrains/kotlin/util/PerformanceManager <init> (Lorg/jetbrains/kotlin/platform/TargetPlatform;Ljava/lang/String;)V 147 <appendix> argL0 ; # org/jetbrains/kotlin/util/PerformanceManager$$Lambda+0x000000001007de88
instanceKlass java/text/Format
instanceKlass  @bci org/jetbrains/kotlin/util/PerformanceManager <init> (Lorg/jetbrains/kotlin/platform/TargetPlatform;Ljava/lang/String;)V 132 <appendix> member <vmtarget> ; # org/jetbrains/kotlin/util/PerformanceManager$$Lambda+0x000000001007dc58
instanceKlass org/jetbrains/kotlin/util/UnitStats
instanceKlass java/util/NavigableMap
instanceKlass java/util/SortedMap
instanceKlass kotlin/Pair
instanceKlass org/jetbrains/kotlin/util/Time$Companion
instanceKlass org/jetbrains/kotlin/util/Time
instanceKlass  @bci java/util/stream/Collectors toList ()Ljava/util/stream/Collector; 14 <appendix> argL0 ; # java/util/stream/Collectors$$Lambda+0x0000000010020d18
instanceKlass  @bci java/util/stream/Collectors toList ()Ljava/util/stream/Collector; 9 <appendix> argL0 ; # java/util/stream/Collectors$$Lambda+0x0000000010020ae0
instanceKlass  @bci java/util/stream/Collectors toList ()Ljava/util/stream/Collector; 4 <appendix> argL0 ; # java/util/stream/Collectors$$Lambda+0x00000000100208b8
instanceKlass  @bci sun/management/spi/PlatformMBeanProvider$PlatformComponent getMBeans (Ljava/lang/Class;)Ljava/util/List; 63 <appendix> member <vmtarget> ; # sun/management/spi/PlatformMBeanProvider$PlatformComponent$$Lambda+0x0000000010020668
instanceKlass  @bci sun/management/spi/PlatformMBeanProvider$PlatformComponent getMBeans (Ljava/lang/Class;)Ljava/util/List; 47 <appendix> member <vmtarget> ; # sun/management/spi/PlatformMBeanProvider$PlatformComponent$$Lambda+0x0000000010020408
instanceKlass java/util/Collections$2
instanceKlass sun/management/ThreadImpl
instanceKlass com/sun/management/ThreadMXBean
instanceKlass java/util/stream/ReduceOps$2ReducingSink
instanceKlass  @bci java/lang/management/ManagementFactory$PlatformMBeanFinder findSingleton (Ljava/lang/Class;)Lsun/management/spi/PlatformMBeanProvider$PlatformComponent; 30 <appendix> member <vmtarget> ; # java/lang/management/ManagementFactory$PlatformMBeanFinder$$Lambda+0x000000001001efe8
instanceKlass  @bci java/lang/management/ManagementFactory$PlatformMBeanFinder findSingleton (Ljava/lang/Class;)Lsun/management/spi/PlatformMBeanProvider$PlatformComponent; 19 <appendix> member <vmtarget> ; # java/lang/management/ManagementFactory$PlatformMBeanFinder$$Lambda+0x000000001001ed88
instanceKlass java/util/function/Predicate
instanceKlass java/util/HashMap$HashMapSpliterator
instanceKlass jdk/management/jfr/internal/FlightRecorderMXBeanProvider$SingleMBeanComponent
instanceKlass jdk/management/jfr/FlightRecorderMXBean
instanceKlass java/util/Collections$UnmodifiableCollection$1
instanceKlass java/lang/management/DefaultPlatformMBeanProvider$11
instanceKlass java/lang/management/DefaultPlatformMBeanProvider$10
instanceKlass java/lang/management/DefaultPlatformMBeanProvider$9
instanceKlass java/util/logging/LogManager
instanceKlass sun/management/ManagementFactoryHelper$LoggingMXBeanAccess
instanceKlass java/lang/management/DefaultPlatformMBeanProvider$8
instanceKlass java/lang/management/DefaultPlatformMBeanProvider$7
instanceKlass java/lang/management/DefaultPlatformMBeanProvider$6
instanceKlass java/lang/management/DefaultPlatformMBeanProvider$5
instanceKlass java/lang/management/DefaultPlatformMBeanProvider$4
instanceKlass java/lang/management/DefaultPlatformMBeanProvider$3
instanceKlass java/lang/management/DefaultPlatformMBeanProvider$2
instanceKlass java/lang/management/DefaultPlatformMBeanProvider$1
instanceKlass java/util/Collections$EmptyEnumeration
instanceKlass java/util/concurrent/Callable
instanceKlass com/sun/management/internal/PlatformMBeanProviderImpl$6
instanceKlass sun/management/VMManagementImpl
instanceKlass sun/management/VMManagement
instanceKlass sun/management/ManagementFactoryHelper
instanceKlass sun/management/NotificationEmitterSupport
instanceKlass javax/management/NotificationEmitter
instanceKlass javax/management/NotificationBroadcaster
instanceKlass com/sun/management/DiagnosticCommandMBean
instanceKlass javax/management/DynamicMBean
instanceKlass com/sun/management/internal/PlatformMBeanProviderImpl$5
instanceKlass com/sun/management/internal/PlatformMBeanProviderImpl$4
instanceKlass jdk/management/VirtualThreadSchedulerMXBean
instanceKlass com/sun/management/internal/PlatformMBeanProviderImpl$3
instanceKlass com/sun/management/internal/PlatformMBeanProviderImpl$2
instanceKlass  @bci java/util/stream/Collectors castingIdentity ()Ljava/util/function/Function; 0 <appendix> argL0 ; # java/util/stream/Collectors$$Lambda+0x800000042
instanceKlass  @bci java/util/stream/Collectors toSet ()Ljava/util/stream/Collector; 14 <appendix> argL0 ; # java/util/stream/Collectors$$Lambda+0x800000040
instanceKlass  @bci java/util/stream/Collectors toSet ()Ljava/util/stream/Collector; 9 <appendix> argL0 ; # java/util/stream/Collectors$$Lambda+0x800000038
instanceKlass  @bci java/util/stream/Collectors toSet ()Ljava/util/stream/Collector; 4 <appendix> argL0 ; # java/util/stream/Collectors$$Lambda+0x800000045
instanceKlass java/util/Spliterators$ArraySpliterator
instanceKlass java/util/Spliterators
instanceKlass com/sun/management/internal/PlatformMBeanProviderImpl$1
instanceKlass sun/management/spi/PlatformMBeanProvider$PlatformComponent
instanceKlass java/util/ServiceLoader$ProviderImpl
instanceKlass java/util/ServiceLoader$Provider
instanceKlass java/util/concurrent/CopyOnWriteArrayList$COWIterator
instanceKlass java/util/ServiceLoader$2
instanceKlass java/util/ServiceLoader$1
instanceKlass java/util/ServiceLoader$LazyClassPathLookupIterator
instanceKlass java/util/ServiceLoader$ModuleServicesLookupIterator
instanceKlass java/util/ServiceLoader
instanceKlass sun/management/spi/PlatformMBeanProvider
instanceKlass java/lang/management/ManagementFactory$PlatformMBeanFinder
instanceKlass java/lang/management/ThreadMXBean
instanceKlass java/lang/management/PlatformManagedObject
instanceKlass java/lang/management/ManagementFactory
instanceKlass org/jetbrains/kotlin/util/PerformanceManagerImpl$Companion
instanceKlass org/jetbrains/kotlin/util/PerformanceManager$Companion
instanceKlass org/jetbrains/kotlin/cli/common/UtilsKt
instanceKlass org/jetbrains/kotlin/cli/pipeline/AbstractCliPipeline
instanceKlass jdk/internal/misc/Blocker
instanceKlass java/nio/charset/CoderResult
instanceKlass java/lang/Readable
instanceKlass org/jetbrains/kotlin/cli/common/messages/CompilerMessageSeverity$WhenMappings
instanceKlass org/jetbrains/kotlin/cli/common/messages/MessageCollector$Companion$NONE$1
instanceKlass org/jetbrains/kotlin/cli/common/messages/MessageCollector$Companion
instanceKlass org/jetbrains/kotlin/cli/common/ArgumentsKt
instanceKlass java/net/URLConnection
instanceKlass org/jetbrains/kotlin/utils/SmartList$EmptyIterator
instanceKlass kotlin/collections/builders/ListBuilder$Companion
instanceKlass kotlin/jvm/internal/markers/KMutableList
instanceKlass org/jetbrains/kotlin/cli/common/messages/PrintingMessageCollector
instanceKlass kotlin/jvm/internal/CollectionToArray
# instanceKlass java/lang/invoke/LambdaForm$MH+0x000000001007a400
# instanceKlass java/lang/invoke/LambdaForm$MH+0x000000001007a000
# instanceKlass java/lang/invoke/LambdaForm$MH+0x0000000010079c00
# instanceKlass java/lang/invoke/LambdaForm$BMH+0x0000000010079800
# instanceKlass java/lang/invoke/LambdaForm$DMH+0x0000000010079400
# instanceKlass java/lang/invoke/LambdaForm$MH+0x0000000010079000
# instanceKlass java/lang/invoke/LambdaForm$DMH+0x0000000010078c00
instanceKlass java/lang/invoke/ClassSpecializer$Factory$1$5$1
instanceKlass java/lang/invoke/ClassSpecializer$Factory$1$5
instanceKlass java/lang/invoke/ClassSpecializer$Factory$1$4
instanceKlass java/lang/invoke/ClassSpecializer$Factory$1$3
instanceKlass java/lang/invoke/ClassSpecializer$Factory$1$2
instanceKlass java/lang/invoke/ClassSpecializer$Factory$1$1Var
instanceKlass java/lang/invoke/ClassSpecializer$Factory$1$1
instanceKlass java/lang/invoke/ClassSpecializer$Factory$1
instanceKlass java/lang/invoke/MethodHandles$1
instanceKlass sun/invoke/util/ValueConversions$1
instanceKlass sun/invoke/util/ValueConversions$WrapperCache
# instanceKlass java/lang/invoke/LambdaForm$DMH+0x0000000010078800
# instanceKlass java/lang/invoke/LambdaForm$MH+0x0000000010078400
# instanceKlass java/lang/invoke/LambdaForm$MH+0x0000000010078000
# instanceKlass java/lang/invoke/LambdaForm$MH+0x000000001006c400
instanceKlass kotlin/UnsafeLazyImpl
instanceKlass  @bci org/jetbrains/kotlin/cli/common/arguments/ParseCommandLineArgumentsKt parsePreprocessedCommandLineArguments (Ljava/util/List;Lorg/jetbrains/kotlin/cli/common/arguments/CommonToolArguments;Lkotlin/Lazy;Z)V 474 <appendix> member <vmtarget> ; # org/jetbrains/kotlin/cli/common/arguments/ParseCommandLineArgumentsKt$$Lambda+0x0000000010069f48
instanceKlass java/lang/ClassValue$RemovalToken
instanceKlass kotlin/reflect/jvm/internal/KClassImpl$$Lambda$0
instanceKlass kotlin/reflect/jvm/internal/impl/name/ClassId$Companion
instanceKlass kotlin/reflect/jvm/internal/impl/name/ClassId
instanceKlass java/util/SequencedSet
instanceKlass java/lang/Override
instanceKlass java/lang/Deprecated
instanceKlass kotlin/reflect/jvm/internal/impl/resolve/jvm/JvmClassName
instanceKlass kotlin/reflect/jvm/internal/impl/name/Name
instanceKlass kotlin/reflect/jvm/internal/impl/name/FqNameUnsafe$Companion
instanceKlass kotlin/reflect/jvm/internal/impl/name/FqNameUnsafe
instanceKlass kotlin/reflect/jvm/internal/impl/name/FqName$Companion
instanceKlass kotlin/reflect/jvm/internal/impl/load/java/JvmAnnotationNames
instanceKlass kotlin/reflect/jvm/internal/impl/name/FqName
instanceKlass kotlin/reflect/jvm/internal/impl/SpecialJvmAnnotations
instanceKlass kotlin/reflect/jvm/internal/KClassImpl$Companion
instanceKlass  @bci java/util/regex/CharPredicates ASCII_DIGIT ()Ljava/util/regex/Pattern$BmpCharPredicate; 0 <appendix> argL0 ; # java/util/regex/CharPredicates$$Lambda+0x800000024
instanceKlass java/util/regex/CharPredicates
instanceKlass kotlin/text/Regex$Companion
instanceKlass kotlin/text/Regex
instanceKlass kotlin/reflect/jvm/internal/KDeclarationContainerImpl$Companion
instanceKlass kotlin/reflect/jvm/internal/impl/types/model/TypeConstructorMarker
instanceKlass kotlin/reflect/jvm/internal/KTypeParameterOwnerImpl
instanceKlass kotlin/reflect/jvm/internal/CachesKt$$Lambda$4
instanceKlass kotlin/reflect/jvm/internal/CachesKt$$Lambda$3
instanceKlass kotlin/reflect/jvm/internal/CachesKt$$Lambda$2
instanceKlass kotlin/reflect/jvm/internal/CachesKt$$Lambda$1
instanceKlass kotlin/reflect/jvm/internal/CacheByClass
instanceKlass kotlin/Result$Failure
instanceKlass kotlin/Result$Companion
instanceKlass kotlin/Result
instanceKlass kotlin/reflect/jvm/internal/CacheByClassKt
instanceKlass kotlin/reflect/jvm/internal/CachesKt$$Lambda$0
instanceKlass kotlin/reflect/jvm/internal/CachesKt
instanceKlass kotlin/reflect/jvm/internal/KDeclarationContainerImpl
instanceKlass kotlin/jvm/internal/ClassBasedDeclarationContainer
instanceKlass kotlin/reflect/KMutableProperty2
instanceKlass kotlin/reflect/KProperty2
instanceKlass kotlin/reflect/KMutableProperty1
instanceKlass kotlin/reflect/KProperty1
instanceKlass kotlin/reflect/KTypeParameter
instanceKlass kotlin/reflect/KType
instanceKlass kotlin/reflect/KMutableProperty0
instanceKlass kotlin/reflect/KMutableProperty
instanceKlass kotlin/reflect/KProperty0
instanceKlass kotlin/reflect/KProperty
instanceKlass kotlin/reflect/KClass
instanceKlass kotlin/jvm/internal/ReflectionFactory
instanceKlass kotlin/reflect/KClassifier
instanceKlass kotlin/jvm/internal/Reflection
instanceKlass kotlin/jvm/JvmClassMappingKt
instanceKlass kotlin/jvm/internal/Ref$ObjectRef
instanceKlass kotlin/jvm/internal/DefaultConstructorMarker
instanceKlass kotlin/collections/builders/MapBuilder$EntryRef
instanceKlass kotlin/jvm/internal/markers/KMutableMap$Entry
instanceKlass kotlin/collections/builders/MapBuilder$Itr
instanceKlass kotlin/jvm/internal/markers/KMutableIterator
instanceKlass kotlin/jvm/internal/markers/KMutableSet
instanceKlass kotlin/jvm/internal/markers/KMutableCollection
instanceKlass kotlin/jvm/internal/markers/KMutableIterable
instanceKlass  @bci org/jetbrains/kotlin/cli/common/arguments/ArgumentsInfo <init> (Ljava/util/Map;Ljava/lang/reflect/Constructor;)V 25 <appendix> member <vmtarget> ; # org/jetbrains/kotlin/cli/common/arguments/ArgumentsInfo$$Lambda+0x0000000010069d18
# instanceKlass java/lang/invoke/LambdaForm$MH+0x000000001006c000
instanceKlass java/lang/invoke/MethodHandle$1
instanceKlass  @bci sun/reflect/annotation/AnnotationParser parseAnnotationArray (ILjava/lang/Class;Ljava/nio/ByteBuffer;Ljdk/internal/reflect/ConstantPool;Ljava/lang/Class;)Ljava/lang/Object; 15 <appendix> member <vmtarget> ; # sun/reflect/annotation/AnnotationParser$$Lambda+0x00000000100149c0
instanceKlass kotlin/jvm/internal/RepeatableContainer
instanceKlass org/jetbrains/kotlin/config/LanguageFeature$Companion
instanceKlass java/math/MutableBigInteger
instanceKlass org/jetbrains/kotlin/config/MavenComparableVersion$IntegerItem
instanceKlass org/jetbrains/kotlin/config/MavenComparableVersion$Item
instanceKlass org/jetbrains/kotlin/config/MavenComparableVersion
instanceKlass org/jetbrains/kotlin/config/ApiVersion$Companion
instanceKlass org/jetbrains/kotlin/config/LanguageVersion$Companion
instanceKlass org/jetbrains/kotlin/config/ApiVersion
instanceKlass org/jetbrains/kotlin/config/CrossFeatureChecksResultsCollector
instanceKlass org/jetbrains/kotlin/config/LanguageOrApiVersion
instanceKlass org/jetbrains/kotlin/utils/DescriptionAware
instanceKlass org/jetbrains/kotlin/config/LanguageFeatureBehaviorAfterSinceVersion
instanceKlass kotlin/ReplaceWith
instanceKlass org/jetbrains/kotlin/cli/common/arguments/ArgumentField
instanceKlass kotlin/Deprecated
instanceKlass org/jetbrains/kotlin/util/capitalizeDecapitalize/CapitalizeDecapitalizeKt
instanceKlass kotlin/_Assertions
instanceKlass org/jetbrains/kotlin/name/ClassId$Companion
instanceKlass org/jetbrains/kotlin/name/ClassId
instanceKlass java/util/regex/Pattern$TreeInfo
instanceKlass  @bci java/util/regex/Pattern Single (I)Ljava/util/regex/Pattern$BmpCharPredicate; 1 <appendix> member <vmtarget> ; # java/util/regex/Pattern$$Lambda+0x800000027
instanceKlass java/util/regex/Pattern$BmpCharPredicate
instanceKlass java/util/regex/Pattern$CharPredicate
instanceKlass java/util/regex/Pattern$Node
instanceKlass java/util/regex/Pattern
instanceKlass org/jetbrains/kotlin/name/Name
instanceKlass org/jetbrains/kotlin/name/FqNameUnsafe$Companion
instanceKlass org/jetbrains/kotlin/name/FqNameUnsafe
instanceKlass org/jetbrains/kotlin/name/FqName$Companion
instanceKlass org/jetbrains/kotlin/name/FqName
instanceKlass org/jetbrains/kotlin/load/java/JvmAbi
instanceKlass org/jetbrains/kotlin/cli/common/arguments/Disables$Container
instanceKlass org/jetbrains/kotlin/cli/common/arguments/Disables
instanceKlass java/lang/Class$AnnotationData
instanceKlass kotlin/annotation/Retention
instanceKlass org/jetbrains/kotlin/cli/common/arguments/Enables$Container
instanceKlass kotlin/annotation/Repeatable
instanceKlass  @bci org/jetbrains/kotlin/ir/backend/js/lower/EnumSyntheticFunctionsAndPropertiesLowering transformFlat (Lorg/jetbrains/kotlin/ir/declarations/IrDeclaration;)Ljava/util/List; 84 <appendix> form vmentry <vmtarget> ; # java/lang/invoke/LambdaForm$DMH+0x000000001005c800
instanceKlass  @bci sun/reflect/annotation/AnnotationParser parseEnumArray (ILjava/lang/Class;Ljava/nio/ByteBuffer;Ljdk/internal/reflect/ConstantPool;Ljava/lang/Class;)Ljava/lang/Object; 16 <appendix> member <vmtarget> ; # sun/reflect/annotation/AnnotationParser$$Lambda+0x0000000010011d88
instanceKlass java/lang/annotation/Documented
instanceKlass kotlin/annotation/MustBeDocumented
instanceKlass java/lang/annotation/Repeatable
instanceKlass sun/reflect/annotation/AnnotationSupport
instanceKlass org/jetbrains/kotlin/cli/common/arguments/Enables
instanceKlass kotlin/Metadata
instanceKlass java/lang/annotation/Target
# instanceKlass java/lang/invoke/LambdaForm$MH+0x000000001005c400
instanceKlass java/util/TimSort
instanceKlass java/util/Arrays$LegacyMergeSort
instanceKlass jdk/internal/classfile/impl/StackMapDecoder$1
instanceKlass jdk/internal/classfile/impl/StackMapDecoder
instanceKlass jdk/internal/classfile/impl/StackCounter
instanceKlass  @bci java/lang/reflect/ProxyGenerator lambda$generateLookupAccessor$0 (Ljava/lang/classfile/MethodBuilder;)V 30 <appendix> member <vmtarget> ; # java/lang/reflect/ProxyGenerator$$Lambda+0x00000000100101c0
instanceKlass  @bci java/lang/reflect/ProxyGenerator generateLookupAccessor (Ljava/lang/classfile/ClassBuilder;)V 10 <appendix> member <vmtarget> ; # java/lang/reflect/ProxyGenerator$$Lambda+0x000000001000ff80
instanceKlass java/lang/classfile/constantpool/StringEntry
instanceKlass java/lang/classfile/constantpool/ConstantValueEntry
instanceKlass  @bci java/lang/reflect/ProxyGenerator generateStaticInitializer (Ljava/lang/classfile/ClassBuilder;)V 10 <appendix> member <vmtarget> ; # java/lang/reflect/ProxyGenerator$$Lambda+0x000000001000f5d8
instanceKlass jdk/internal/classfile/impl/BytecodeHelpers$1
instanceKlass java/lang/classfile/attribute/StackMapTableAttribute
instanceKlass java/lang/classfile/attribute/StackMapFrameInfo
instanceKlass java/lang/classfile/instruction/ExceptionCatch
instanceKlass  @bci java/lang/reflect/ProxyGenerator$ProxyMethod lambda$generateMethod$0 (Ljava/lang/classfile/MethodBuilder;)V 30 <appendix> member <vmtarget> ; # java/lang/reflect/ProxyGenerator$ProxyMethod$$Lambda+0x000000001000e868
instanceKlass java/lang/classfile/attribute/ExceptionsAttribute
instanceKlass  @bci java/lang/reflect/ProxyGenerator$ProxyMethod generateMethod (Ljava/lang/classfile/ClassBuilder;)V 42 <appendix> member <vmtarget> ; # java/lang/reflect/ProxyGenerator$ProxyMethod$$Lambda+0x000000001000df00
instanceKlass  @bci java/lang/reflect/ProxyGenerator generateConstructor (Ljava/lang/classfile/ClassBuilder;)V 8 <appendix> member <vmtarget> ; # java/lang/reflect/ProxyGenerator$$Lambda+0x000000001000dcc0
instanceKlass  @bci java/lang/reflect/ProxyGenerator generateClassFile ()[B 197 <appendix> member <vmtarget> ; # java/lang/reflect/ProxyGenerator$$Lambda+0x000000001000da80
instanceKlass  @bci java/lang/reflect/ProxyGenerator proxyMethodsFor (Ljava/lang/String;)Ljava/util/List; 5 <appendix> argL0 ; # java/lang/reflect/ProxyGenerator$$Lambda+0x000000001000d838
instanceKlass java/lang/reflect/ProxyGenerator$ProxyMethod
instanceKlass java/lang/classfile/constantpool/InterfaceMethodRefEntry
instanceKlass java/lang/classfile/attribute/StackMapFrameInfo$ObjectVerificationTypeInfo
instanceKlass java/lang/classfile/attribute/StackMapFrameInfo$VerificationTypeInfo
instanceKlass java/lang/classfile/ClassFile$Option
instanceKlass java/lang/reflect/ProxyGenerator
instanceKlass  @bci java/lang/WeakPairMap computeIfAbsent (Ljava/lang/Object;Ljava/lang/Object;Ljava/util/function/BiFunction;)Ljava/lang/Object; 18 <appendix> member <vmtarget> ; # java/lang/WeakPairMap$$Lambda+0x000000001000c938
instanceKlass  @bci java/lang/Module implAddExportsOrOpens (Ljava/lang/String;Ljava/lang/Module;ZZ)V 151 <appendix> argL0 ; # java/lang/Module$$Lambda+0x000000001000c700
instanceKlass  @bci java/lang/module/ModuleDescriptor$Builder packages (Ljava/util/Set;)Ljava/lang/module/ModuleDescriptor$Builder; 17 <appendix> argL0 ; # java/lang/module/ModuleDescriptor$Builder$$Lambda+0x80000000e
instanceKlass java/lang/WeakPairMap$Pair$Lookup
instanceKlass java/lang/WeakPairMap$Pair
instanceKlass java/lang/WeakPairMap
instanceKlass java/lang/Module$ReflectionData
instanceKlass jdk/internal/module/Checks
instanceKlass java/lang/module/ModuleDescriptor$Builder
instanceKlass  @bci java/lang/reflect/Proxy$ProxyBuilder getDynamicModule (Ljava/lang/ClassLoader;)Ljava/lang/Module; 4 <appendix> argL0 ; # java/lang/reflect/Proxy$ProxyBuilder$$Lambda+0x000000001000bd70
instanceKlass java/util/LinkedHashMap$LinkedHashIterator
instanceKlass java/lang/PublicMethods
instanceKlass java/lang/reflect/Proxy$ProxyBuilder
instanceKlass  @bci java/lang/reflect/Proxy getProxyConstructor (Ljava/lang/ClassLoader;[Ljava/lang/Class;)Ljava/lang/reflect/Constructor; 18 <appendix> argL0 ; # java/lang/reflect/Proxy$$Lambda+0x000000001000b4b8
instanceKlass java/lang/ClassValue$Identity
instanceKlass java/lang/ClassValue$Entry
instanceKlass java/lang/ClassValue
instanceKlass java/lang/reflect/Proxy
instanceKlass sun/reflect/annotation/AnnotationInvocationHandler
instanceKlass java/lang/reflect/InvocationHandler
instanceKlass kotlin/annotation/Target
instanceKlass java/lang/annotation/Inherited
instanceKlass java/lang/annotation/Retention
instanceKlass sun/reflect/annotation/ExceptionProxy
instanceKlass sun/reflect/annotation/AnnotationType
instanceKlass java/lang/reflect/GenericArrayType
instanceKlass sun/reflect/generics/visitor/Reifier
instanceKlass sun/reflect/generics/visitor/TypeTreeVisitor
instanceKlass sun/reflect/generics/factory/CoreReflectionFactory
instanceKlass sun/reflect/generics/factory/GenericsFactory
instanceKlass sun/reflect/generics/scope/AbstractScope
instanceKlass sun/reflect/generics/scope/Scope
instanceKlass sun/reflect/generics/tree/ClassTypeSignature
instanceKlass sun/reflect/generics/tree/SimpleClassTypeSignature
instanceKlass sun/reflect/generics/tree/FieldTypeSignature
instanceKlass sun/reflect/generics/tree/BaseType
instanceKlass sun/reflect/generics/tree/TypeSignature
instanceKlass sun/reflect/generics/tree/ReturnType
instanceKlass sun/reflect/generics/tree/TypeArgument
instanceKlass sun/reflect/generics/tree/TypeTree
instanceKlass sun/reflect/generics/tree/Tree
instanceKlass sun/reflect/generics/parser/SignatureParser
instanceKlass org/jetbrains/kotlin/cli/common/arguments/Argument
instanceKlass kotlin/collections/builders/ListBuilderKt
instanceKlass kotlin/collections/builders/MapBuilder$Companion
instanceKlass kotlin/collections/builders/MapBuilder
instanceKlass kotlin/jvm/internal/markers/KMutableMap
instanceKlass java/util/Arrays$ArrayItr
instanceKlass org/jetbrains/kotlin/cli/common/arguments/PreprocessCommandLineArgumentsKt
instanceKlass  @bci org/jetbrains/kotlin/cli/common/arguments/ParseCommandLineArgumentsKt parseCommandLineArguments (Ljava/util/List;Lorg/jetbrains/kotlin/cli/common/arguments/CommonToolArguments;Z)V 13 <appendix> member <vmtarget> ; # org/jetbrains/kotlin/cli/common/arguments/ParseCommandLineArgumentsKt$$Lambda+0x000000001005ae90
instanceKlass org/jetbrains/kotlin/cli/common/arguments/ArgumentParseErrors
instanceKlass sun/reflect/misc/ReflectUtil
instanceKlass java/util/concurrent/atomic/AtomicReferenceFieldUpdater
instanceKlass kotlin/SafePublicationLazyImpl$Companion
instanceKlass kotlin/SafePublicationLazyImpl
instanceKlass kotlin/LazyKt__LazyJVMKt$WhenMappings
instanceKlass  @bci org/jetbrains/kotlin/cli/common/arguments/ParseCommandLineArgumentsKt <clinit> ()V 13 <appendix> argL0 ; # org/jetbrains/kotlin/cli/common/arguments/ParseCommandLineArgumentsKt$$Lambda+0x000000001005aa50
instanceKlass org/jetbrains/kotlin/cli/common/arguments/ArgumentsInfo
instanceKlass org/jetbrains/kotlin/cli/common/arguments/ParseCommandLineArgumentsKt
instanceKlass kotlin/collections/ArraysUtilJVM
instanceKlass kotlin/collections/ArraysKt__ArraysJVMKt
instanceKlass org/jetbrains/kotlin/cli/common/arguments/CommonCompilerArgumentsConfigurator
instanceKlass kotlin/collections/EmptyMap
instanceKlass kotlin/collections/EmptyList
instanceKlass org/jetbrains/kotlin/config/Services$Builder
instanceKlass org/jetbrains/kotlin/config/Services$Companion
instanceKlass org/jetbrains/kotlin/cli/common/messages/XcodeStyleMessageRenderer
instanceKlass org/jetbrains/kotlin/cli/common/messages/GradleStyleMessageRenderer
instanceKlass  @cpi org/jetbrains/kotlin/backend/common/serialization/IrDeclarationDeserializer 755 form vmentry <vmtarget> ; # java/lang/invoke/LambdaForm$DMH+0x000000001005c000
instanceKlass org/jetbrains/kotlin/cli/common/messages/CompilerMessageSeverity$Companion
instanceKlass kotlin/text/StringsKt__AppendableKt
instanceKlass org/jetbrains/kotlin/cli/common/PropertiesKt
instanceKlass org/jetbrains/kotlin/cli/common/messages/PlainTextMessageRenderer$Companion
instanceKlass org/jetbrains/kotlin/cli/common/messages/PlainTextMessageRenderer
instanceKlass org/jetbrains/kotlin/cli/common/messages/XmlMessageRenderer
instanceKlass org/jetbrains/kotlin/cli/common/messages/MessageRenderer
instanceKlass com/intellij/util/ArrayUtilRt
instanceKlass java/lang/invoke/VarForm
instanceKlass java/lang/invoke/VarHandleGuards
instanceKlass java/lang/invoke/VarHandles
instanceKlass jdk/internal/invoke/MhUtil
instanceKlass java/util/concurrent/atomic/AtomicReference
instanceKlass com/intellij/util/containers/ConcurrentIntObjectMap
instanceKlass com/intellij/util/containers/IntObjectMap
instanceKlass com/intellij/util/containers/ConcurrentList
instanceKlass com/intellij/util/containers/ContainerUtil
instanceKlass com/intellij/openapi/application/ApplicationManager
instanceKlass  @bci java/util/logging/Level$KnownLevel add (Ljava/util/logging/Level;)V 49 <appendix> argL0 ; # java/util/logging/Level$KnownLevel$$Lambda+0x800000021
instanceKlass  @bci java/util/logging/Level$KnownLevel add (Ljava/util/logging/Level;)V 19 <appendix> argL0 ; # java/util/logging/Level$KnownLevel$$Lambda+0x800000020
instanceKlass java/util/logging/Level
instanceKlass  @bci com/intellij/openapi/diagnostic/Logger <clinit> ()V 11 <appendix> argL0 ; # com/intellij/openapi/diagnostic/Logger$$Lambda+0x00000000100520c0
instanceKlass com/intellij/openapi/diagnostic/Attachment
instanceKlass com/intellij/openapi/diagnostic/Logger$DefaultFactory
instanceKlass com/intellij/openapi/diagnostic/Logger$Factory
instanceKlass com/intellij/openapi/diagnostic/Logger
instanceKlass org/jetbrains/kotlin/cli/jvm/compiler/IdeaStandaloneExecutionSetup
instanceKlass org/jetbrains/kotlin/cli/jvm/compiler/CompatKt
instanceKlass kotlin/jvm/functions/Function2
instanceKlass kotlin/jvm/internal/CallableReference$NoReceiver
instanceKlass kotlin/reflect/KDeclarationContainer
instanceKlass kotlin/jvm/internal/CallableReference
instanceKlass kotlin/jvm/internal/KotlinGenericDeclaration
instanceKlass kotlin/reflect/KFunction
instanceKlass kotlin/reflect/KCallable
instanceKlass kotlin/reflect/KAnnotatedElement
instanceKlass kotlin/jvm/internal/FunctionBase
instanceKlass kotlin/jvm/functions/Function1
instanceKlass org/jetbrains/kotlin/cli/common/CompilerSystemProperties$Companion
instanceKlass java/util/Collections$1
instanceKlass kotlin/collections/SetsKt__SetsJVMKt
instanceKlass org/jetbrains/kotlin/platform/TargetPlatformKt
instanceKlass org/jetbrains/kotlin/platform/TargetPlatformVersion$NoVersion
instanceKlass org/jetbrains/kotlin/platform/TargetPlatformVersion
instanceKlass org/jetbrains/kotlin/platform/SimplePlatform
instanceKlass org/jetbrains/kotlin/platform/PotentiallyWebPlatform
instanceKlass kotlin/collections/AbstractList$IteratorImpl
instanceKlass kotlin/ranges/RangesKt__RangesKt
instanceKlass kotlin/collections/MapsKt__MapWithDefaultKt
instanceKlass kotlin/collections/CollectionsKt__CollectionsJVMKt
instanceKlass org/jetbrains/kotlin/platform/wasm/WasmTarget$Companion
instanceKlass kotlin/collections/AbstractList$Companion
instanceKlass kotlin/collections/AbstractCollection
instanceKlass kotlin/enums/EnumEntries
instanceKlass kotlin/enums/EnumEntriesKt
instanceKlass org/jetbrains/kotlin/platform/wasm/WasmPlatforms
instanceKlass  @bci java/util/zip/ZipFile$Source initCEN (ILjava/util/zip/ZipCoder;)V 507 <appendix> argL0 ; # java/util/zip/ZipFile$Source$$Lambda+0x0000000010003b90
instanceKlass java/util/StringTokenizer
instanceKlass java/util/jar/JarVerifier
instanceKlass java/util/Collections$EmptyIterator
instanceKlass java/util/Collections$3
instanceKlass jdk/internal/jimage/ImageLocation
instanceKlass jdk/internal/jimage/decompressor/Decompressor
instanceKlass jdk/internal/jimage/ImageStringsReader
instanceKlass jdk/internal/jimage/ImageStrings
instanceKlass jdk/internal/jimage/ImageHeader
instanceKlass jdk/internal/reflect/Reflection$1Holder
instanceKlass jdk/internal/jimage/NativeImageBuffer$1
instanceKlass jdk/internal/jimage/NativeImageBuffer
instanceKlass java/security/AccessControlContext
instanceKlass java/security/AccessController
instanceKlass jdk/internal/jimage/BasicImageReader$1
instanceKlass java/security/PrivilegedAction
instanceKlass jdk/internal/jimage/BasicImageReader
instanceKlass jdk/internal/jimage/ImageReader
instanceKlass jdk/internal/jimage/ImageReaderFactory$1
instanceKlass jdk/internal/jimage/ImageReaderFactory
instanceKlass jdk/internal/module/SystemModuleFinders$SystemImage
instanceKlass jdk/internal/module/SystemModuleFinders$SystemModuleReader
instanceKlass java/lang/module/ModuleReader
instanceKlass jdk/internal/loader/BuiltinClassLoader$2
instanceKlass jdk/internal/module/Resources
instanceKlass kotlin/UNINITIALIZED_VALUE
instanceKlass kotlin/SynchronizedLazyImpl
instanceKlass kotlin/Lazy
instanceKlass kotlin/LazyKt__LazyJVMKt
instanceKlass  @bci org/jetbrains/kotlin/cli/common/CLICompiler <init> ()V 6 <appendix> member <vmtarget> ; # org/jetbrains/kotlin/cli/common/CLICompiler$$Lambda+0x0000000010048000
instanceKlass org/jetbrains/kotlin/util/PerformanceManager
instanceKlass kotlin/jvm/functions/Function0
instanceKlass kotlin/Function
instanceKlass kotlin/jvm/internal/Intrinsics
# instanceKlass java/lang/invoke/LambdaForm$MH+0x0000000010047000
# instanceKlass java/lang/invoke/LambdaForm$MH+0x0000000010046c00
# instanceKlass java/lang/invoke/LambdaForm$MH+0x0000000010046800
# instanceKlass java/lang/invoke/LambdaForm$MH+0x0000000010046400
instanceKlass  @cpi java/lang/reflect/ProxyGenerator$ProxyMethod 445 form vmentry <vmtarget> ; # java/lang/invoke/LambdaForm$DMH+0x0000000010046000
# instanceKlass java/lang/invoke/LambdaForm$DMH+0x0000000010044c00
instanceKlass org/jetbrains/kotlin/cli/js/KotlinWasmCompiler$Companion
instanceKlass org/jetbrains/kotlin/cli/common/CLICompiler$Companion
instanceKlass java/lang/Shutdown$Lock
instanceKlass java/lang/Shutdown
instanceKlass java/lang/ApplicationShutdownHooks$1
instanceKlass java/lang/ApplicationShutdownHooks
instanceKlass java/lang/Thread$ThreadNumbering
instanceKlass org/jetbrains/kotlin/preloading/Preloader$1
instanceKlass java/util/stream/Sink$ChainedReference
instanceKlass java/util/stream/ReduceOps$AccumulatingSink
instanceKlass java/util/stream/TerminalSink
instanceKlass java/util/stream/Sink
instanceKlass java/util/stream/ReduceOps$Box
instanceKlass java/util/stream/ReduceOps$ReduceOp
instanceKlass java/util/stream/TerminalOp
instanceKlass java/util/stream/ReduceOps
instanceKlass  @bci java/util/stream/Collectors joining (Ljava/lang/CharSequence;Ljava/lang/CharSequence;Ljava/lang/CharSequence;)Ljava/util/stream/Collector; 22 <appendix> argL0 ; # java/util/stream/Collectors$$Lambda+0x800000043
instanceKlass  @bci java/util/stream/Collectors joining (Ljava/lang/CharSequence;Ljava/lang/CharSequence;Ljava/lang/CharSequence;)Ljava/util/stream/Collector; 17 <appendix> argL0 ; # java/util/stream/Collectors$$Lambda+0x800000041
instanceKlass java/util/function/BinaryOperator
instanceKlass  @bci java/util/stream/Collectors joining (Ljava/lang/CharSequence;Ljava/lang/CharSequence;Ljava/lang/CharSequence;)Ljava/util/stream/Collector; 12 <appendix> argL0 ; # java/util/stream/Collectors$$Lambda+0x80000003e
instanceKlass java/util/function/BiConsumer
instanceKlass  @bci java/util/stream/Collectors joining (Ljava/lang/CharSequence;Ljava/lang/CharSequence;Ljava/lang/CharSequence;)Ljava/util/stream/Collector; 7 <appendix> member <vmtarget> ; # java/util/stream/Collectors$$Lambda+0x800000046
instanceKlass java/util/StringJoiner
instanceKlass java/util/stream/Collector
instanceKlass java/util/Collections$UnmodifiableCollection
instanceKlass java/util/stream/Collectors
instanceKlass  @bci org/jetbrains/kotlin/preloading/Preloader run ([Ljava/lang/String;)V 87 <appendix> argL0 ; # org/jetbrains/kotlin/preloading/Preloader$$Lambda+0x0000000010045000
instanceKlass java/lang/invoke/TypeConvertingMethodAdapter
instanceKlass java/lang/invoke/InnerClassLambdaMetafactory$6
instanceKlass java/lang/invoke/InnerClassLambdaMetafactory$3
instanceKlass java/lang/classfile/Interfaces
instanceKlass java/util/ImmutableCollections$Access$1
instanceKlass jdk/internal/access/JavaUtilCollectionAccess
instanceKlass java/util/ImmutableCollections$Access
instanceKlass java/lang/invoke/InnerClassLambdaMetafactory$1
instanceKlass java/lang/invoke/LambdaProxyClassArchive
instanceKlass java/lang/invoke/InfoFromMemberName
instanceKlass java/lang/invoke/MethodHandleInfo
instanceKlass java/lang/invoke/AbstractValidatingLambdaMetafactory
instanceKlass java/lang/invoke/BootstrapMethodInvoker
instanceKlass java/lang/invoke/LambdaMetafactory
# instanceKlass java/lang/invoke/LambdaForm$MH+0x0000000010044800
instanceKlass jdk/internal/util/ModifiedUtf
instanceKlass jdk/internal/classfile/impl/ClassReaderImpl
instanceKlass java/lang/classfile/ClassReader
instanceKlass jdk/internal/classfile/impl/ClassHierarchyImpl$CachedClassHierarchyResolver$1
instanceKlass java/lang/classfile/ClassHierarchyResolver$ClassHierarchyInfo
instanceKlass jdk/internal/classfile/impl/ClassHierarchyImpl$CachedClassHierarchyResolver
instanceKlass jdk/internal/classfile/impl/ClassHierarchyImpl$ClassLoadingClassHierarchyResolver$1
instanceKlass jdk/internal/classfile/impl/ClassHierarchyImpl$ClassLoadingClassHierarchyResolver
instanceKlass java/lang/classfile/ClassHierarchyResolver
instanceKlass jdk/internal/classfile/impl/ClassHierarchyImpl
instanceKlass jdk/internal/classfile/impl/RawBytecodeHelper$1
instanceKlass jdk/internal/classfile/impl/RawBytecodeHelper
instanceKlass jdk/internal/classfile/impl/StackMapGenerator$Frame
instanceKlass jdk/internal/classfile/impl/StackMapGenerator
instanceKlass jdk/internal/classfile/impl/AnnotationReader
instanceKlass java/lang/classfile/CustomAttribute
instanceKlass jdk/internal/classfile/impl/TerminalFieldBuilder
instanceKlass java/lang/classfile/FieldBuilder
instanceKlass java/lang/invoke/InvokerBytecodeGenerator$2
instanceKlass jdk/internal/classfile/impl/BytecodeHelpers
instanceKlass java/lang/classfile/constantpool/MethodRefEntry
instanceKlass sun/invoke/empty/Empty
instanceKlass sun/invoke/util/VerifyType
instanceKlass jdk/internal/classfile/impl/DirectCodeBuilder$8
instanceKlass java/lang/classfile/instruction/LabelTarget
instanceKlass java/lang/classfile/Label
instanceKlass jdk/internal/classfile/impl/BufWriterImpl
instanceKlass java/lang/classfile/BufWriter
instanceKlass java/lang/classfile/instruction/LocalVariableType
instanceKlass java/lang/classfile/instruction/LocalVariable
instanceKlass java/lang/classfile/instruction/CharacterRange
instanceKlass java/lang/classfile/PseudoInstruction
instanceKlass java/lang/classfile/CodeElement
instanceKlass jdk/internal/classfile/impl/TerminalCodeBuilder
instanceKlass jdk/internal/classfile/impl/LabelContext
instanceKlass java/lang/classfile/CodeBuilder
instanceKlass java/lang/invoke/InvokerBytecodeGenerator$4$1
instanceKlass java/lang/classfile/constantpool/FieldRefEntry
instanceKlass java/lang/classfile/constantpool/MemberRefEntry
instanceKlass java/lang/classfile/constantpool/NameAndTypeEntry
instanceKlass jdk/internal/classfile/impl/TerminalMethodBuilder
instanceKlass jdk/internal/classfile/impl/MethodInfo
instanceKlass java/lang/classfile/MethodBuilder
instanceKlass java/lang/invoke/InvokerBytecodeGenerator$4
instanceKlass java/lang/classfile/attribute/SourceFileAttribute
instanceKlass java/lang/classfile/Superclass
instanceKlass jdk/internal/classfile/impl/AttributeHolder
instanceKlass java/lang/classfile/ClassBuilder
instanceKlass java/lang/classfile/ClassFileBuilder
instanceKlass jdk/internal/classfile/impl/AbstractDirectBuilder
instanceKlass java/lang/invoke/InvokerBytecodeGenerator$1
instanceKlass jdk/internal/classfile/impl/ClassFileImpl
instanceKlass java/lang/classfile/ClassFile
instanceKlass java/lang/invoke/InvokerBytecodeGenerator$3
instanceKlass java/util/function/Consumer
instanceKlass java/lang/classfile/constantpool/ClassEntry
instanceKlass java/lang/classfile/constantpool/LoadableConstantEntry
instanceKlass jdk/internal/classfile/impl/Util
instanceKlass jdk/internal/classfile/impl/EntryMap
instanceKlass jdk/internal/classfile/impl/BootstrapMethodEntryImpl
instanceKlass java/lang/classfile/BootstrapMethodEntry
instanceKlass jdk/internal/classfile/impl/SplitConstantPool
instanceKlass java/lang/invoke/LambdaFormBuffer
instanceKlass java/lang/invoke/LambdaFormEditor$TransformKey
instanceKlass java/lang/invoke/LambdaFormEditor
instanceKlass java/lang/invoke/Invokers$Holder
instanceKlass java/lang/invoke/DelegatingMethodHandle$Holder
instanceKlass java/lang/invoke/DirectMethodHandle$2
instanceKlass java/lang/invoke/ClassSpecializer$Factory
instanceKlass java/lang/invoke/ClassSpecializer$SpeciesData
instanceKlass java/lang/invoke/ClassSpecializer$1
instanceKlass jdk/internal/vm/annotation/Stable
instanceKlass java/lang/invoke/ClassSpecializer
instanceKlass java/lang/invoke/InvokerBytecodeGenerator$8
instanceKlass jdk/internal/classfile/impl/AbstractAttributeMapper
instanceKlass java/lang/classfile/AttributeMapper
instanceKlass java/lang/classfile/Attributes
instanceKlass jdk/internal/classfile/impl/Util$Writable
instanceKlass jdk/internal/classfile/impl/AbstractElement
instanceKlass java/lang/classfile/attribute/RuntimeVisibleAnnotationsAttribute
instanceKlass java/lang/classfile/FieldElement
instanceKlass java/lang/classfile/MethodElement
instanceKlass java/lang/classfile/ClassElement
instanceKlass java/lang/classfile/Attribute
instanceKlass java/lang/classfile/ClassFileElement
instanceKlass java/lang/classfile/constantpool/Utf8Entry
instanceKlass java/lang/classfile/constantpool/AnnotationConstantValueEntry
instanceKlass java/lang/classfile/constantpool/PoolEntry
instanceKlass jdk/internal/classfile/impl/AbstractPoolEntry
instanceKlass jdk/internal/classfile/impl/TemporaryConstantPool
instanceKlass java/lang/classfile/constantpool/ConstantPoolBuilder
instanceKlass java/lang/classfile/constantpool/ConstantPool
instanceKlass java/lang/classfile/Annotation
instanceKlass java/lang/classfile/AnnotationElement
instanceKlass java/lang/invoke/InvokerBytecodeGenerator
instanceKlass java/lang/invoke/LambdaForm$Holder
instanceKlass java/lang/invoke/LambdaForm$Name
instanceKlass java/lang/reflect/Array
instanceKlass java/lang/invoke/Invokers
instanceKlass sun/invoke/util/ValueConversions
instanceKlass java/lang/invoke/DirectMethodHandle$Holder
instanceKlass java/lang/constant/DynamicConstantDesc
instanceKlass jdk/internal/constant/DirectMethodHandleDescImpl$1
instanceKlass jdk/internal/constant/DirectMethodHandleDescImpl
instanceKlass java/lang/constant/DirectMethodHandleDesc
instanceKlass java/lang/constant/MethodHandleDesc$1
instanceKlass java/lang/constant/MethodHandleDesc
instanceKlass jdk/internal/constant/MethodTypeDescImpl
instanceKlass java/lang/constant/MethodTypeDesc
instanceKlass jdk/internal/constant/ConstantUtils
instanceKlass jdk/internal/constant/ArrayClassDescImpl
instanceKlass jdk/internal/constant/ClassOrInterfaceDescImpl
instanceKlass java/lang/constant/ClassDesc
instanceKlass java/lang/constant/ConstantDescs
instanceKlass sun/invoke/util/Wrapper$Format
instanceKlass java/lang/invoke/MethodHandleImpl$1
instanceKlass jdk/internal/access/JavaLangInvokeAccess
instanceKlass java/lang/invoke/LambdaForm$NamedFunction
instanceKlass jdk/internal/reflect/MethodHandleAccessorFactory$LazyStaticHolder
instanceKlass java/lang/invoke/MethodTypeForm
instanceKlass java/lang/invoke/MethodType$1
instanceKlass sun/reflect/annotation/AnnotationParser
instanceKlass java/util/EnumMap$1
instanceKlass java/util/stream/StreamOpFlag$MaskBuilder
instanceKlass java/util/stream/Stream
instanceKlass java/util/stream/BaseStream
instanceKlass java/util/stream/PipelineHelper
instanceKlass java/util/stream/StreamSupport
instanceKlass java/util/ArrayList$ArrayListSpliterator
instanceKlass java/util/Spliterator
instanceKlass org/jetbrains/kotlin/platform/TargetPlatform
instanceKlass kotlin/jvm/internal/markers/KMappedMarker
instanceKlass org/jetbrains/kotlin/cli/common/messages/MessageCollector
instanceKlass org/jetbrains/kotlin/config/Services
instanceKlass org/jetbrains/kotlin/cli/common/arguments/Freezable
instanceKlass org/jetbrains/kotlin/cli/common/CLICompiler
instanceKlass java/net/URI$Parser
instanceKlass java/io/FileInputStream$1
instanceKlass org/jetbrains/kotlin/preloading/ResourceData
instanceKlass java/util/ArrayList$Itr
instanceKlass org/jetbrains/kotlin/preloading/ClassPreloadingUtils
instanceKlass org/jetbrains/kotlin/preloading/Preloader$Options
instanceKlass java/util/AbstractList$Itr
instanceKlass java/util/AbstractList$SubList$1
instanceKlass java/lang/PublicMethods$Key
instanceKlass java/lang/PublicMethods$MethodList
instanceKlass org/jetbrains/kotlin/preloading/ClassHandler
instanceKlass jdk/internal/misc/MethodFinder
instanceKlass org/jetbrains/kotlin/preloading/Preloader
instanceKlass java/security/PermissionCollection
instanceKlass java/security/SecureClassLoader$1
instanceKlass java/util/zip/Checksum$1
instanceKlass java/util/zip/CRC32
instanceKlass java/util/zip/Checksum
instanceKlass sun/nio/ByteBuffered
instanceKlass java/lang/Package$VersionInfo
instanceKlass java/lang/NamedPackage
instanceKlass java/util/SequencedMap
instanceKlass java/util/jar/Attributes
instanceKlass jdk/internal/loader/Resource
instanceKlass sun/security/util/Debug
instanceKlass sun/security/util/SignatureFileVerifier
instanceKlass java/util/zip/ZipFile$InflaterCleanupAction
instanceKlass java/util/zip/Inflater$InflaterZStreamRef
instanceKlass java/util/zip/Inflater
instanceKlass java/util/zip/ZipEntry
instanceKlass java/nio/Bits$1
instanceKlass jdk/internal/misc/VM$BufferPool
instanceKlass java/nio/Bits
instanceKlass sun/nio/ch/DirectBuffer
instanceKlass jdk/internal/perf/PerfCounter$CoreCounters
instanceKlass jdk/internal/perf/Perf
instanceKlass jdk/internal/perf/PerfCounter
instanceKlass java/nio/file/attribute/FileTime
instanceKlass java/util/zip/ZipUtils
instanceKlass java/util/zip/ZipFile$Source$End
instanceKlass java/io/RandomAccessFile$2
instanceKlass jdk/internal/access/JavaIORandomAccessFileAccess
instanceKlass java/io/RandomAccessFile
instanceKlass java/io/DataInput
instanceKlass java/io/DataOutput
instanceKlass sun/nio/fs/WindowsNativeDispatcher$CompletionStatus
instanceKlass sun/nio/fs/WindowsNativeDispatcher$AclInformation
instanceKlass sun/nio/fs/WindowsNativeDispatcher$Account
instanceKlass sun/nio/fs/WindowsNativeDispatcher$DiskFreeSpace
instanceKlass sun/nio/fs/WindowsNativeDispatcher$VolumeInformation
instanceKlass sun/nio/fs/WindowsNativeDispatcher$FirstStream
instanceKlass sun/nio/fs/WindowsNativeDispatcher$FirstFile
instanceKlass java/util/Enumeration
instanceKlass java/util/concurrent/ConcurrentHashMap$Traverser
instanceKlass jdk/internal/loader/NativeLibraries$2
instanceKlass jdk/internal/loader/NativeLibrary
instanceKlass java/util/ArrayDeque$DeqIterator
instanceKlass jdk/internal/loader/NativeLibraries$NativeLibraryContext$1
instanceKlass jdk/internal/loader/NativeLibraries$NativeLibraryContext
instanceKlass jdk/internal/loader/NativeLibraries$1
instanceKlass jdk/internal/loader/NativeLibraries$LibraryPaths
instanceKlass sun/nio/fs/WindowsNativeDispatcher
instanceKlass sun/nio/fs/NativeBuffer$Deallocator
instanceKlass sun/nio/fs/NativeBuffer
instanceKlass java/lang/ThreadLocal$ThreadLocalMap
instanceKlass java/lang/ThreadLocal
instanceKlass sun/nio/fs/NativeBuffers
instanceKlass sun/nio/fs/WindowsFileAttributes
instanceKlass java/nio/file/attribute/DosFileAttributes
instanceKlass sun/nio/fs/AbstractBasicFileAttributeView
instanceKlass sun/nio/fs/DynamicFileAttributeView
instanceKlass sun/nio/fs/WindowsFileAttributeViews
instanceKlass sun/nio/fs/Util
instanceKlass java/nio/file/attribute/BasicFileAttributeView
instanceKlass java/nio/file/attribute/FileAttributeView
instanceKlass java/nio/file/attribute/AttributeView
instanceKlass java/nio/file/Files
instanceKlass java/nio/file/CopyOption
instanceKlass java/nio/file/attribute/BasicFileAttributes
instanceKlass sun/nio/fs/WindowsPath
instanceKlass java/nio/file/Path
instanceKlass java/nio/file/Watchable
instanceKlass java/util/zip/ZipFile$Source$Key
instanceKlass sun/nio/fs/WindowsPathParser
instanceKlass java/nio/file/FileSystem
instanceKlass java/nio/file/OpenOption
instanceKlass java/nio/file/spi/FileSystemProvider
instanceKlass sun/nio/fs/DefaultFileSystemProvider
instanceKlass java/util/zip/ZipFile$Source
instanceKlass java/lang/ref/Cleaner$Cleanable
instanceKlass jdk/internal/ref/CleanerImpl$CleanableList$Node
instanceKlass jdk/internal/ref/CleanerImpl$CleanableList
instanceKlass jdk/internal/ref/CleanerImpl
instanceKlass java/lang/ref/Cleaner$1
instanceKlass java/lang/ref/Cleaner
instanceKlass jdk/internal/ref/CleanerFactory$1
instanceKlass java/util/concurrent/ThreadFactory
instanceKlass jdk/internal/ref/CleanerFactory
instanceKlass java/util/zip/ZipFile$CleanableResource
instanceKlass java/util/zip/ZipCoder
instanceKlass java/lang/Runtime$Version
instanceKlass java/util/jar/JavaUtilJarAccessImpl
instanceKlass jdk/internal/access/JavaUtilJarAccess
instanceKlass jdk/internal/loader/FileURLMapper
instanceKlass java/util/zip/ZipFile$1
instanceKlass jdk/internal/access/JavaUtilZipFileAccess
instanceKlass java/util/BitSet
instanceKlass java/util/zip/ZipFile
instanceKlass java/util/zip/ZipConstants
instanceKlass jdk/internal/loader/URLClassPath$Loader
instanceKlass sun/net/util/URLUtil
instanceKlass java/lang/StringCoding
instanceKlass sun/nio/cs/ArrayDecoder
instanceKlass java/nio/charset/CharsetDecoder
instanceKlass sun/launcher/LauncherHelper
instanceKlass java/util/Locale$LocaleCache
instanceKlass jdk/internal/util/StrongReferenceKey
instanceKlass jdk/internal/util/ReferenceKey
instanceKlass jdk/internal/util/ReferencedKeyMap$1
instanceKlass jdk/internal/util/ReferencedKeyMap
instanceKlass sun/util/locale/BaseLocale$1InterningCache
instanceKlass sun/util/locale/LocaleUtils
instanceKlass java/util/Locale
instanceKlass sun/usagetracker/UsageTrackerClient
instanceKlass jdk/internal/util/EnvUtils
instanceKlass jdk/internal/vm/PostVMInitHook
instanceKlass jdk/internal/vm/ContinuationSupport
instanceKlass java/lang/ModuleLayer$Controller
instanceKlass java/util/concurrent/CopyOnWriteArrayList
instanceKlass jdk/internal/module/ServicesCatalog$ServiceProvider
instanceKlass jdk/internal/loader/AbstractClassLoaderValue$Memoizer
instanceKlass java/util/ImmutableCollections$ListItr
instanceKlass java/util/ListIterator
instanceKlass java/util/ImmutableCollections$Set12$1
instanceKlass jdk/internal/loader/BuiltinClassLoader$LoadedModule
instanceKlass java/lang/Module$EnableNativeAccess
instanceKlass jdk/internal/loader/BootLoader
instanceKlass java/util/Optional
instanceKlass java/util/ImmutableCollections$SetN$SetNIterator
instanceKlass jdk/internal/loader/AbstractClassLoaderValue
instanceKlass jdk/internal/module/ServicesCatalog
instanceKlass java/util/Deque
instanceKlass java/util/Queue
instanceKlass sun/net/util/IPAddressUtil$MASKS
instanceKlass sun/net/util/IPAddressUtil
instanceKlass java/net/URLStreamHandler
instanceKlass sun/net/www/ParseUtil
instanceKlass java/net/URL$1
instanceKlass jdk/internal/access/JavaNetURLAccess
instanceKlass java/net/URL$DefaultFactory
instanceKlass java/net/URLStreamHandlerFactory
instanceKlass jdk/internal/loader/URLClassPath
instanceKlass java/util/concurrent/ConcurrentHashMap$CollectionView
instanceKlass jdk/internal/loader/ClassLoaderHelper
instanceKlass jdk/internal/loader/NativeLibraries
instanceKlass java/security/Principal
instanceKlass java/lang/ClassLoader$ParallelLoaders
instanceKlass java/security/cert/Certificate
instanceKlass jdk/internal/loader/ArchivedClassLoaders
instanceKlass java/net/URI$1
instanceKlass jdk/internal/access/JavaNetUriAccess
instanceKlass jdk/internal/module/ArchivedBootLayer
instanceKlass jdk/internal/module/ModuleBootstrap$Counters
instanceKlass jdk/internal/module/ModuleLoaderMap$Modules
instanceKlass jdk/internal/module/ModuleLoaderMap
instanceKlass jdk/internal/module/ModulePatcher
instanceKlass jdk/internal/util/DecimalDigits
instanceKlass java/io/FileSystem
instanceKlass java/io/DefaultFileSystem
instanceKlass java/io/File
instanceKlass java/lang/module/ModuleDescriptor$1
instanceKlass jdk/internal/access/JavaLangModuleAccess
instanceKlass sun/invoke/util/VerifyAccess
instanceKlass java/util/KeyValueHolder
instanceKlass java/util/ImmutableCollections$MapN$MapNIterator
instanceKlass java/lang/invoke/MethodHandles$Lookup
instanceKlass java/lang/invoke/MemberName$Factory
instanceKlass java/lang/invoke/MethodHandles
instanceKlass jdk/internal/module/ModuleBootstrap
instanceKlass java/util/HexFormat
instanceKlass jdk/internal/util/ClassFileDumper
instanceKlass java/lang/CharacterData
instanceKlass java/lang/invoke/MethodHandleStatics
instanceKlass java/util/Collections
instanceKlass java/lang/Thread$ThreadIdentifiers
instanceKlass sun/io/Win32ErrorMode
instanceKlass jdk/internal/misc/OSEnvironment
instanceKlass jdk/internal/misc/Signal$NativeHandler
instanceKlass java/util/Hashtable$Entry
instanceKlass jdk/internal/misc/Signal
instanceKlass java/lang/Terminator$1
instanceKlass jdk/internal/misc/Signal$Handler
instanceKlass java/lang/Terminator
instanceKlass java/nio/ByteOrder
instanceKlass java/nio/Buffer$2
instanceKlass jdk/internal/access/JavaNioAccess
instanceKlass java/nio/Buffer$1
instanceKlass jdk/internal/misc/ScopedMemoryAccess
instanceKlass java/nio/charset/CodingErrorAction
instanceKlass sun/nio/cs/SingleByte
instanceKlass java/lang/StringUTF16
instanceKlass sun/nio/cs/MS1252$Holder
instanceKlass sun/nio/cs/ArrayEncoder
instanceKlass java/nio/charset/CharsetEncoder
instanceKlass java/io/Writer
instanceKlass java/io/OutputStream
instanceKlass java/io/Flushable
instanceKlass java/io/FileDescriptor$1
instanceKlass jdk/internal/access/JavaIOFileDescriptorAccess
instanceKlass java/io/FileDescriptor
instanceKlass jdk/internal/util/StaticProperty
instanceKlass jdk/internal/reflect/MethodHandleAccessorFactory
instanceKlass jdk/internal/reflect/Reflection
instanceKlass java/lang/reflect/Modifier
instanceKlass java/lang/Class$Atomic
instanceKlass java/lang/Class$ReflectionData
instanceKlass java/nio/charset/StandardCharsets
instanceKlass sun/nio/cs/HistoricallyNamedCharset
instanceKlass java/util/Arrays
instanceKlass jdk/internal/util/Preconditions$3
instanceKlass jdk/internal/util/Preconditions$2
instanceKlass jdk/internal/util/Preconditions$4
instanceKlass java/util/function/BiFunction
instanceKlass jdk/internal/util/Preconditions$1
instanceKlass jdk/internal/util/Preconditions
instanceKlass java/nio/charset/spi/CharsetProvider
instanceKlass java/nio/charset/Charset
instanceKlass java/util/HashMap$HashIterator
instanceKlass java/util/concurrent/locks/LockSupport
instanceKlass java/util/concurrent/ConcurrentHashMap$Node
instanceKlass java/util/concurrent/ConcurrentHashMap$CounterCell
instanceKlass java/util/concurrent/locks/ReentrantLock
instanceKlass java/util/concurrent/locks/Lock
instanceKlass java/lang/Runtime
instanceKlass java/lang/VersionProps
instanceKlass java/lang/StringConcatHelper
instanceKlass jdk/internal/util/ArraysSupport
instanceKlass java/lang/StringLatin1
instanceKlass java/lang/StrictMath
instanceKlass jdk/internal/util/SystemProps$Raw
instanceKlass jdk/internal/util/SystemProps
instanceKlass java/lang/System$1
instanceKlass jdk/internal/access/JavaLangAccess
instanceKlass java/lang/ref/ReferenceQueue$Lock
instanceKlass java/lang/ref/ReferenceQueue
instanceKlass java/lang/ref/Reference$1
instanceKlass jdk/internal/access/JavaLangRefAccess
instanceKlass java/lang/Math
instanceKlass java/io/ObjectStreamClass
instanceKlass jdk/internal/reflect/ReflectionFactory
instanceKlass jdk/internal/access/SharedSecrets
instanceKlass java/lang/reflect/ReflectAccess
instanceKlass jdk/internal/access/JavaLangReflectAccess
instanceKlass java/util/Objects
instanceKlass jdk/internal/misc/CDS
instanceKlass java/lang/Module$ArchivedData
instanceKlass jdk/internal/misc/VM
instanceKlass java/lang/String$CaseInsensitiveComparator
instanceKlass java/util/Comparator
instanceKlass java/io/ObjectStreamField
instanceKlass jdk/internal/math/FDBigInteger
instanceKlass java/lang/ModuleLayer
instanceKlass java/util/ImmutableCollections
instanceKlass jdk/internal/module/ModuleLoaderMap$Mapper
instanceKlass java/util/function/Function
instanceKlass java/lang/module/ResolvedModule
instanceKlass java/lang/module/Configuration
instanceKlass java/util/HashMap$Node
instanceKlass java/util/Map$Entry
instanceKlass java/util/Collections$UnmodifiableMap
instanceKlass jdk/internal/module/ModuleHashes
instanceKlass jdk/internal/module/ModuleTarget
instanceKlass java/lang/module/ModuleDescriptor$Opens
instanceKlass jdk/internal/module/SystemModuleFinders$2
instanceKlass jdk/internal/module/ModuleHashes$HashSupplier
instanceKlass jdk/internal/module/SystemModuleFinders$1
instanceKlass java/util/function/Supplier
instanceKlass java/net/URI
instanceKlass java/lang/module/ModuleDescriptor$Provides
instanceKlass java/lang/module/ModuleDescriptor$Exports
instanceKlass java/lang/module/ModuleDescriptor$Requires
instanceKlass java/lang/module/ModuleDescriptor$Version
instanceKlass java/lang/module/ModuleDescriptor
instanceKlass java/lang/module/ModuleReference
instanceKlass java/util/Set
instanceKlass jdk/internal/module/SystemModuleFinders$SystemModuleFinder
instanceKlass java/lang/module/ModuleFinder
instanceKlass jdk/internal/module/ArchivedModuleGraph
instanceKlass sun/util/locale/BaseLocale
instanceKlass java/util/jar/Attributes$Name
instanceKlass java/lang/Character$CharacterCache
instanceKlass java/lang/Short$ShortCache
instanceKlass java/lang/Byte$ByteCache
instanceKlass java/lang/Long$LongCache
instanceKlass java/lang/Integer$IntegerCache
instanceKlass jdk/internal/vm/FillerObject
instanceKlass jdk/internal/vm/vector/VectorSupport$VectorPayload
instanceKlass jdk/internal/vm/vector/VectorSupport
instanceKlass java/lang/reflect/RecordComponent
instanceKlass java/util/Iterator
instanceKlass java/lang/Void
instanceKlass java/lang/Number
instanceKlass java/lang/Character
instanceKlass java/lang/Boolean
instanceKlass java/util/concurrent/locks/AbstractOwnableSynchronizer
instanceKlass java/lang/LiveStackFrame
instanceKlass java/lang/ClassFrameInfo
instanceKlass java/lang/StackWalker$StackFrame
instanceKlass java/lang/StackStreamFactory$AbstractStackWalker
instanceKlass java/lang/StackWalker
instanceKlass java/nio/Buffer
instanceKlass java/lang/StackTraceElement
instanceKlass java/util/RandomAccess
instanceKlass java/util/List
instanceKlass java/util/SequencedCollection
instanceKlass java/util/AbstractCollection
instanceKlass java/util/Collection
instanceKlass java/lang/Iterable
instanceKlass java/util/concurrent/ConcurrentMap
instanceKlass java/util/AbstractMap
instanceKlass java/security/CodeSource
instanceKlass jdk/internal/loader/ClassLoaders
instanceKlass java/util/jar/Manifest
instanceKlass java/lang/Enum
instanceKlass java/net/URL
instanceKlass java/io/InputStream
instanceKlass java/io/Closeable
instanceKlass java/lang/AutoCloseable
instanceKlass jdk/internal/module/Modules
instanceKlass jdk/internal/misc/Unsafe
instanceKlass jdk/internal/misc/UnsafeConstants
instanceKlass java/lang/AbstractStringBuilder
instanceKlass java/lang/Appendable
instanceKlass java/lang/AssertionStatusDirectives
instanceKlass jdk/internal/foreign/abi/ABIDescriptor
instanceKlass jdk/internal/foreign/abi/NativeEntryPoint
instanceKlass java/lang/invoke/CallSite
instanceKlass java/lang/invoke/MethodType
instanceKlass java/lang/invoke/TypeDescriptor$OfMethod
instanceKlass java/lang/invoke/LambdaForm
instanceKlass java/lang/invoke/MethodHandleNatives
instanceKlass java/lang/invoke/MethodHandleImpl
instanceKlass java/lang/invoke/ResolvedMethodName
instanceKlass java/lang/invoke/MemberName
instanceKlass java/lang/invoke/VarHandle
instanceKlass java/lang/invoke/MethodHandle
instanceKlass jdk/internal/reflect/ConstructorAccessorImpl
instanceKlass jdk/internal/reflect/ConstructorAccessor
instanceKlass jdk/internal/reflect/CallerSensitive
instanceKlass java/lang/annotation/Annotation
instanceKlass jdk/internal/reflect/ConstantPool
instanceKlass jdk/internal/reflect/MethodAccessorImpl
instanceKlass jdk/internal/reflect/MethodAccessor
instanceKlass jdk/internal/vm/StackChunk
instanceKlass jdk/internal/vm/Continuation
instanceKlass jdk/internal/vm/ContinuationScope
instanceKlass java/lang/reflect/Parameter
instanceKlass java/lang/reflect/Member
instanceKlass java/lang/reflect/AccessibleObject
instanceKlass java/lang/Module
instanceKlass java/util/Map
instanceKlass java/util/Dictionary
instanceKlass java/lang/ThreadGroup
instanceKlass java/lang/Thread$UncaughtExceptionHandler
instanceKlass java/lang/Thread$Constants
instanceKlass java/lang/Thread$FieldHolder
instanceKlass java/lang/Thread
instanceKlass java/lang/Runnable
instanceKlass java/lang/ref/Reference
instanceKlass java/lang/Record
instanceKlass java/security/ProtectionDomain
instanceKlass java/lang/Throwable
instanceKlass java/lang/System
instanceKlass java/lang/ClassLoader
instanceKlass java/lang/Cloneable
instanceKlass java/lang/Class
instanceKlass java/lang/invoke/TypeDescriptor$OfField
instanceKlass java/lang/invoke/TypeDescriptor
instanceKlass java/lang/reflect/Type
instanceKlass java/lang/reflect/GenericDeclaration
instanceKlass java/lang/reflect/AnnotatedElement
instanceKlass java/lang/String
instanceKlass java/lang/constant/ConstantDesc
instanceKlass java/lang/constant/Constable
instanceKlass java/lang/CharSequence
instanceKlass java/lang/Comparable
instanceKlass java/io/Serializable
ciInstanceKlass java/lang/Object 1 1 115 7 1 10 12 1 1 10 7 12 1 1 1 10 7 12 1 1 1 10 12 1 1 8 1 10 12 1 1 10 7 12 1 1 1 10 12 1 10 12 1 1 100 1 8 1 10 12 1 10 7 12 1 1 1 7 1 10 12 1 7 1 10 12 1 1 8 1 3 8 1 100 1 5 0 1 1 1 1 1 1 1 1 1 1 1 1 1 1 1 1 100 1 1 1 1 1 1 1 1 1 1 1 1 1 100 1 1 1 1 1 1 3 1 1
ciInstanceKlass java/io/Serializable 1 0 7 100 1 100 1 1 1
ciInstanceKlass java/lang/System 1 1 591 10 100 12 1 1 1 10 7 12 1 1 1 10 12 1 1 10 12 1 9 12 1 1 10 7 12 1 1 1 11 100 12 1 1 1 10 100 12 1 1 1 10 12 1 1 100 1 8 1 10 12 1 9 12 1 1 9 12 1 1 10 7 12 1 1 1 10 7 12 1 1 1 10 12 1 1 10 12 1 10 7 12 1 1 1 10 12 1 10 12 1 1 7 1 10 12 1 1 100 1 8 1 10 10 12 1 1 100 1 8 1 10 10 100 12 1 1 10 12 10 100 12 1 1 10 7 12 1 1 1 100 1 8 1 10 10 100 12 1 1 1 10 100 12 1 1 1 100 1 10 100 12 1 1 1 10 12 1 1 10 7 12 1 1 1 10 12 1 1 10 12 1 10 12 1 8 1 10 12 1 1 10 12 1 1 8 1 10 12 1 7 1 7 1 10 12 1 9 7 12 1 1 1 10 7 12 1 1 1 10 12 1 10 12 1 10 7 12 1 1 1 100 1 8 1 10 9 12 1 1 9 12 1 10 12 1 10 100 12 1 1 10 12 1 10 12 1 1 100 1 10 8 1 10 12 1 1 10 12 1 10 12 1 1 10 12 1 1 8 1 11 7 12 1 1 10 12 11 12 1 1 11 7 12 1 1 1 11 7 12 1 1 11 12 1 1 7 1 11 12 1 10 12 1 8 1 10 12 1 1 8 1 8 1 8 1 8 1 11 12 1 10 12 1 1 10 12 1 10 12 1 8 1 10 12 1 1 8 1 9 12 1 8 1 10 7 12 1 1 8 1 7 1 9 7 12 1 1 1 10 12 1 7 1 9 12 10 9 12 7 1 10 12 9 12 1 1 8 1 10 12 1 1 8 1 9 12 1 10 7 12 1 1 10 12 1 10 12 1 1 11 7 12 1 1 10 12 10 7 12 1 1 1 9 12 1 1 100 1 100 1 8 1 10 12 1 1 10 12 1 8 1 8 1 10 8 1 8 1 8 1 8 1 8 1 10 8 1 10 7 12 1 1 1 10 7 12 1 1 1 10 12 1 1 7 1 10 10 12 1 10 12 1 9 12 1 1 1 1 1 1 1 1 1 1 1 1 100 1 1 100 1 1 1 1 1 1 1 1 1 1 3 1 1 1 1 1 1 1 1 1 1 1 1 1 1 1 1 1 1 1 1 1 1 1 1 1 1 1 1 1 1 1 1 1 1 1 1 1 1 1 1 1 1 1 1 1 1 1 1 1 1 1 100 1 1 1 1 1 1 1 1 1 1 1 1 1 1 1 1 1 1 1 1 1 1 1 1 1 100 1 100 1 1 1 1 1 1 1 1
staticfield java/lang/System in Ljava/io/InputStream; java/io/BufferedInputStream
staticfield java/lang/System out Ljava/io/PrintStream; java/io/PrintStream
staticfield java/lang/System err Ljava/io/PrintStream; java/io/PrintStream
ciInstanceKlass java/util/Properties 1 1 690 10 7 12 1 1 1 100 1 10 7 12 1 1 7 1 10 12 1 9 12 1 1 9 12 1 1 9 12 1 1 10 7 12 1 1 1 10 12 1 1 8 1 10 7 12 1 1 1 7 1 10 12 1 10 12 1 1 8 1 10 12 1 7 1 10 12 10 12 1 1 9 12 1 1 10 12 1 1 7 1 10 12 1 10 12 1 10 12 1 1 100 1 8 1 10 12 1 10 12 1 10 12 1 1 10 12 1 100 1 3 10 10 100 12 1 1 1 10 12 1 10 12 1 1 8 1 10 12 1 10 12 1 1 8 1 10 100 12 1 1 10 12 1 1 10 12 1 10 12 1 1 100 1 10 12 1 10 12 1 1 100 1 9 100 12 1 1 1 10 12 1 10 12 1 1 10 12 1 1 10 12 1 1 100 1 9 12 1 1 100 1 100 1 10 12 1 100 1 11 100 12 1 1 1 11 12 1 1 11 100 12 1 1 1 11 100 12 1 1 1 11 12 1 1 11 12 1 11 12 1 10 12 1 1 8 1 10 12 1 10 100 12 1 1 10 12 1 100 1 10 10 12 1 10 12 1 100 1 10 10 12 1 1 10 100 12 1 1 9 100 12 1 1 10 12 1 1 10 100 12 1 1 1 100 1 100 1 100 1 10 8 1 8 1 10 12 1 10 12 1 10 12 1 1 10 10 12 1 1 10 12 1 1 100 1 10 10 12 1 11 100 12 1 1 10 100 12 1 1 1 8 1 10 100 12 1 1 11 11 100 1 8 1 10 100 1 11 10 12 1 10 10 12 1 10 12 1 1 10 12 1 1 10 12 1 1 10 12 1 10 12 1 10 10 12 1 10 12 1 10 12 1 10 10 12 1 1 10 12 1 1 10 10 12 1 10 12 1 10 12 1 10 12 1 10 12 1 1 10 12 1 1 10 12 1 10 12 1 10 12 1 1 10 12 10 12 1 1 10 12 1 1 10 12 1 10 12 1 1 10 12 1 1 10 12 10 11 12 1 4 11 10 12 1 1 10 100 12 1 1 11 12 1 10 12 1 1 10 100 12 1 1 10 12 1 100 1 8 1 10 12 1 10 10 100 12 1 1 1 100 1 6 0 10 12 1 1 11 100 12 1 1 1 10 12 1 10 12 1 1 1 1 1 5 0 1 1 1 1 1 1 1 1 1 1 1 1 1 1 1 1 1 1 1 1 1 1 1 1 1 1 1 1 1 1 1 1 1 1 1 1 1 1 1 100 1 1 1 1 1 1 1 1 1 1 1 1 1 1 1 1 1 1 1 1 100 1 1 1 1 1 1 1 1 1 1 1 1 100 1 100 1 1 1 1 1 100 1 1 1 1 1 1 1 1 1 1 1 1 1 1 1 1 1 1 1 1 1 1 1 1 1 1 1 1 1 1 1 1 1 1 1 1 1 1 1 1 1 1 1 1 1 1 1 1 1 1 1 1 1 1 1 1 1 1 1 1 1 1 1 1 1 1 1 1 1 1 1 1 1 1 1 1 1 100 1 1 1 1 1 1 1 1 1 1 1 100 1 1
staticfield java/util/Properties UNSAFE Ljdk/internal/misc/Unsafe; jdk/internal/misc/Unsafe
instanceKlass java/util/Hashtable
ciInstanceKlass java/util/Dictionary 1 1 36 10 7 12 1 1 1 100 1 1 1 1 1 1 1 1 1 1 1 1 1 1 1 1 1 1 1 1 1 1 1 1 1 1 1 1
instanceKlass java/util/Properties
ciInstanceKlass java/util/Hashtable 1 1 516 100 1 10 7 12 1 1 1 9 7 12 1 1 1 100 1 100 1 10 8 1 10 12 1 1 10 12 1 10 12 1 1 10 12 1 10 7 12 1 1 1 8 1 10 12 1 9 12 1 1 7 1 9 12 1 1 4 10 7 12 1 1 1 9 12 1 4 10 12 1 11 100 12 1 1 1 10 12 1 1 10 12 1 1 9 12 1 10 12 1 1 100 1 10 9 12 1 1 10 7 12 1 1 1 9 12 1 1 10 12 1 10 12 1 3 9 12 1 9 12 1 3 10 12 1 10 12 1 10 12 1 1 11 12 1 1 11 100 12 1 1 1 11 100 12 1 1 1 11 12 1 100 1 11 12 1 11 12 1 10 12 1 1 10 12 1 1 10 12 1 9 12 1 1 9 12 9 12 1 1 10 100 1 100 1 10 12 1 10 8 1 10 10 12 1 8 1 10 8 1 10 100 12 1 1 1 100 1 10 12 1 10 12 1 100 1 10 12 1 10 12 1 1 100 1 10 100 1 10 10 12 1 1 11 12 1 1 11 12 1 100 1 10 10 10 100 12 1 1 11 100 12 1 1 1 100 1 10 11 100 12 1 1 11 100 12 1 10 12 1 10 12 1 1 10 100 12 1 1 10 12 1 1 10 12 1 1 10 12 1 1 10 100 12 1 1 1 8 10 100 12 1 1 100 1 8 1 10 4 4 10 12 1 1 10 12 1 8 1 4 10 12 10 100 12 1 1 1 100 1 11 100 12 1 1 1 10 100 12 1 1 1 10 12 1 10 12 1 1 10 100 1 100 1 1 1 1 1 1 5 0 1 1 1 1 1 3 1 3 1 3 1 1 1 1 1 1 1 1 1 1 1 1 1 1 1 1 1 1 1 1 1 1 1 1 1 100 1 1 1 1 1 1 1 1 1 1 1 1 1 1 1 1 1 1 1 1 1 1 1 1 1 1 1 1 1 100 1 1 1 1 1 1 1 1 1 1 1 1 1 1 100 1 1 1 1 1 1 1 1 1 1 1 1 1 1 1 1 1 1 1 1 1 1 1 1 1 1 1 1 1 1 1 1 1 1 1 1 1 1 1 1 1 1 1 1 100 1 1 1 100 1 1 1 1 1 100 1 1 1 1 1 1 1 1 1 1 1 1 1 1 1 1 1 1
ciInstanceKlass java/util/Map 1 1 263 11 7 12 1 1 1 11 12 1 1 10 7 12 1 1 11 12 1 1 11 100 12 1 1 1 11 100 12 1 1 1 11 12 1 1 7 1 11 12 1 11 12 1 100 1 100 1 10 12 1 1 11 100 12 1 1 1 11 100 12 1 1 1 11 12 1 11 12 1 10 12 1 1 11 12 1 11 7 12 1 9 7 12 1 1 1 100 1 10 12 7 1 7 1 10 12 1 7 1 10 100 1 11 12 1 11 12 1 1 11 12 1 1 100 1 11 12 1 1 1 1 1 1 1 1 1 1 1 1 1 1 1 1 1 1 1 1 1 1 1 1 1 1 1 1 1 1 1 1 1 1 1 1 1 1 1 1 1 1 1 1 1 1 1 1 1 1 1 1 1 1 1 1 1 1 1 1 1 1 1 1 1 1 1 1 1 1 1 1 1 1 1 1 1 1 1 1 1 1 1 1 1 1 1 1 1 1 1 1 1 1 1 1 1 1 1 1 1 1 1 1 1 1 1 1 1 1 1 1 1 1 1 1 1 1 1 1 1 1 1 1 1 1 100 1 1 1 1 1 1 1 1 1 1 1 1 1 1 1 1 1 1
ciInstanceKlass java/lang/String 1 1 1471 10 7 12 1 1 1 8 1 9 7 12 1 1 1 9 12 1 1 9 12 1 1 9 12 1 1 10 12 1 10 12 1 1 10 12 1 1 9 12 1 10 7 12 1 1 1 10 12 1 1 10 12 1 10 7 12 1 1 1 10 12 1 1 10 12 1 1 10 12 1 10 12 1 1 10 12 1 10 7 12 1 1 1 7 1 9 7 12 1 1 1 10 7 12 1 1 1 10 12 1 1 10 12 1 1 10 7 12 1 1 1 10 12 1 1 9 7 12 1 1 10 12 9 7 12 1 1 10 12 1 1 3 10 12 1 1 7 1 11 12 1 1 11 12 1 11 12 1 1 10 100 12 1 1 1 10 12 1 1 9 100 12 1 1 1 10 12 1 1 10 12 1 11 12 1 1 10 12 1 10 12 10 12 1 1 100 1 100 1 10 12 1 10 12 1 10 7 12 1 1 1 10 12 1 1 100 1 10 12 1 1 100 1 10 12 1 1 10 12 1 1 10 12 1 10 10 12 1 100 1 100 1 100 1 10 12 1 10 12 1 1 10 12 1 1 10 12 1 10 12 1 1 10 12 1 1 10 100 12 1 1 100 1 11 10 7 12 1 1 11 12 1 11 12 1 10 12 1 10 12 1 10 12 10 12 1 1 10 10 100 12 1 1 1 10 100 12 1 1 10 12 1 1 10 100 12 1 1 10 12 1 10 12 1 1 10 12 1 1 10 12 1 10 12 1 10 12 1 1 100 1 10 12 1 1 10 12 10 12 1 10 12 1 1 10 12 1 1 10 100 12 1 1 1 10 12 1 10 12 1 1 10 12 1 10 12 1 3 3 10 12 1 1 10 12 1 10 12 1 1 10 12 1 1 10 12 1 1 10 12 1 10 12 1 1 10 12 1 1 10 12 1 10 12 1 10 12 1 10 12 1 1 10 12 1 10 12 1 10 12 1 10 12 1 10 12 1 10 12 1 10 100 1 10 8 1 10 12 1 1 10 12 1 8 1 10 12 1 1 10 12 10 12 1 8 1 10 10 12 1 1 10 12 1 1 100 1 5 0 100 1 8 1 10 10 12 1 1 5 0 5 0 5 0 10 12 1 1 10 100 1 10 10 12 1 10 12 1 10 12 1 10 10 12 1 10 12 1 10 12 1 10 12 1 10 12 1 10 12 1 10 12 1 1 10 12 1 1 10 12 1 1 10 10 12 1 1 10 10 12 1 100 1 10 9 100 12 1 1 1 11 100 12 1 1 1 10 12 1 1 10 12 1 1 10 7 1 10 12 1 10 12 1 10 7 12 1 1 1 10 12 1 10 12 1 1 10 12 1 11 7 1 11 12 10 12 1 10 12 1 1 10 12 1 1 10 10 12 1 10 12 1 9 12 1 1 11 7 12 1 1 1 10 12 10 10 12 1 10 12 1 1 10 10 12 1 10 12 1 10 12 1 1 10 12 1 1 10 10 12 1 1 10 10 7 12 1 1 1 10 12 1 10 12 1 10 12 10 10 12 10 10 12 1 10 12 1 10 10 12 10 12 1 1 10 12 10 10 12 10 12 1 10 12 10 12 10 10 12 1 10 12 1 1 10 12 1 1 10 10 12 1 10 7 12 1 1 1 10 12 1 1 10 10 100 12 1 1 1 11 10 12 1 10 12 1 1 10 12 1 1 10 100 12 1 1 1 10 12 1 10 12 1 10 12 1 10 12 1 10 12 1 10 12 1 100 1 10 10 12 1 10 12 1 1 8 1 10 12 1 3 3 10 12 1 10 12 1 1 10 12 7 1 10 10 12 1 1 10 12 10 12 1 10 12 1 10 12 1 1 10 12 1 1 11 7 12 1 1 1 7 1 10 12 1 10 12 1 1 8 1 10 12 1 1 10 12 1 11 100 12 1 1 1 11 100 12 1 1 11 12 1 10 12 1 10 12 1 1 10 10 7 12 1 1 1 10 12 1 10 12 1 10 10 12 10 12 1 1 10 10 12 1 10 10 12 1 10 10 12 1 10 10 12 1 10 12 1 1 10 10 12 1 8 1 10 12 1 1 18 12 1 1 11 100 12 1 1 1 3 18 12 1 18 12 1 8 1 10 100 12 1 1 1 11 12 1 1 10 12 10 10 12 1 10 11 12 1 1 10 12 1 1 11 12 1 18 3 11 10 11 11 10 12 1 10 12 1 1 8 1 10 12 1 10 12 1 10 12 1 1 10 10 12 1 11 100 12 1 100 1 100 1 10 12 100 1 10 10 100 12 1 1 1 100 1 10 7 1 10 10 12 1 10 10 12 1 8 1 10 10 12 1 8 1 8 1 10 12 1 10 12 1 10 10 12 10 100 12 1 1 10 100 12 1 1 10 100 12 1 1 8 1 10 12 1 10 12 1 10 9 12 1 10 12 9 7 12 1 1 1 10 12 1 10 12 1 10 12 1 10 12 10 12 1 10 12 1 8 1 10 100 12 1 1 1 10 12 10 12 1 1 10 12 10 12 10 12 7 1 9 12 1 1 7 1 10 100 1 100 1 100 1 100 1 1 1 1 1 1 5 0 1 1 1 1 1 3 1 3 1 1 1 1 1 1 1 1 1 1 1 1 1 1 1 100 1 1 1 1 1 1 1 1 1 1 1 1 1 1 1 1 1 1 1 1 1 1 1 1 1 1 1 1 1 1 1 100 1 1 1 1 1 1 1 1 1 1 1 1 100 1 1 1 1 1 1 1 1 1 1 1 1 1 1 1 1 1 1 1 1 1 1 1 1 1 1 1 1 1 1 1 1 1 1 1 1 1 1 1 1 1 1 1 1 1 1 1 1 1 1 1 1 1 1 1 1 1 1 1 1 1 1 1 1 1 1 1 1 1 1 1 1 1 1 1 1 1 1 1 1 1 1 1 1 1 1 1 1 1 1 1 1 1 1 1 1 1 1 1 1 1 1 1 1 1 1 1 1 1 1 1 1 1 1 1 1 1 1 1 1 1 1 1 1 1 1 1 1 1 1 1 1 1 1 1 1 1 1 1 1 1 1 1 1 1 1 1 1 1 1 1 1 1 1 1 1 1 1 1 1 1 1 1 1 1 1 1 1 1 1 1 1 1 1 1 1 1 1 1 100 1 1 1 1 1 1 1 1 1 1 1 1 1 1 1 1 1 1 1 1 1 1 1 100 1 1 1 1 1 1 1 1 1 1 1 1 1 1 1 100 1 1 1 1 1 1 1 1 1 1 1 1 1 1 1 16 15 10 12 16 15 10 12 15 10 12 15 10 12 15 10 100 12 1 1 1 1 100 1 1 1 1 1 100 1 100 1 1 1
staticfield java/lang/String COMPACT_STRINGS Z 1
staticfield java/lang/String serialPersistentFields [Ljava/io/ObjectStreamField; 0 [Ljava/io/ObjectStreamField;
staticfield java/lang/String CASE_INSENSITIVE_ORDER Ljava/util/Comparator; java/lang/String$CaseInsensitiveComparator
ciInstanceKlass java/lang/Comparable 1 0 12 100 1 100 1 1 1 1 1 1 1 1
ciInstanceKlass java/lang/CharSequence 1 1 145 11 7 12 1 1 1 18 12 1 1 100 1 10 100 12 1 1 1 18 10 100 12 1 1 1 11 12 1 1 11 100 1 11 12 1 1 10 100 12 1 1 1 11 12 1 1 10 12 1 1 10 12 1 100 1 10 12 1 1 10 100 12 1 1 1 100 1 10 10 12 1 1 100 1 1 1 1 1 1 1 1 1 1 1 1 1 1 1 1 1 1 1 1 1 1 1 1 1 1 1 1 1 1 1 1 1 1 1 1 1 1 1 1 16 1 15 11 12 16 15 11 12 15 10 100 12 1 1 1 1 1 100 1 100 1 1 100 1 1 100 1 100 1 1
ciInstanceKlass java/lang/constant/Constable 1 0 11 100 1 100 1 1 1 1 1 1 1
ciInstanceKlass java/lang/constant/ConstantDesc 1 0 37 100 1 100 1 1 1 1 100 1 1 1 1 100 1 100 1 100 1 100 1 100 1 100 1 100 1 100 1 100 1 1 100 1 100 1 1
ciInstanceKlass java/lang/AutoCloseable 1 0 12 100 1 100 1 1 1 1 100 1 1 1
ciInstanceKlass java/io/Closeable 1 0 14 100 1 100 1 100 1 1 1 1 100 1 1 1
ciInstanceKlass java/lang/Appendable 1 0 14 100 1 100 1 1 1 1 100 1 1 1 1 1
ciInstanceKlass java/util/Iterator 1 1 53 100 1 8 1 10 12 1 1 10 100 12 1 1 1 11 100 12 1 1 1 11 12 1 1 11 100 12 1 1 1 100 1 1 1 1 1 1 1 1 1 1 1 1 1 1 1 1 1 1 1 1 1
instanceKlass sun/nio/ch/ChannelInputStream
instanceKlass jdk/nio/zipfs/ZipFileSystem$EntryInputStream
instanceKlass kotlin/reflect/jvm/internal/impl/protobuf/RopeByteString$RopeInputStream
instanceKlass java/util/zip/ZipFile$ZipFileInputStream
instanceKlass java/io/FilterInputStream
instanceKlass java/io/FileInputStream
instanceKlass java/io/ByteArrayInputStream
ciInstanceKlass java/io/InputStream 1 1 197 100 1 10 7 12 1 1 1 100 1 10 10 7 12 1 1 1 10 7 12 1 1 1 10 12 1 100 1 100 1 3 10 12 1 1 100 1 8 1 10 12 1 10 7 12 1 1 1 3 100 1 8 1 10 10 7 12 1 1 1 7 1 10 11 7 12 1 1 1 10 12 1 1 11 12 1 1 11 7 12 1 1 1 11 12 1 1 7 1 10 7 12 1 1 1 5 0 10 12 1 10 12 1 1 100 1 10 8 1 10 8 1 8 1 10 12 1 1 10 100 12 1 1 1 100 1 5 0 10 12 1 100 1 100 1 1 1 1 3 1 3 1 1 1 1 1 1 1 1 1 1 1 1 1 1 1 1 1 1 1 1 1 1 1 1 1 1 1 1 1 1 1 1 1 1 1 1 1 1 1 1 1 1 1 1 1 1 1 1 1 1 1 1 1 1 1
instanceKlass org/jetbrains/kotlin/preloading/MemoryBasedClassLoader
instanceKlass java/security/SecureClassLoader
ciInstanceKlass java/lang/ClassLoader 1 1 1076 9 7 12 1 1 1 10 7 12 1 1 1 9 12 1 1 10 7 12 1 1 1 7 1 10 12 1 1 10 12 1 1 9 12 1 1 10 12 1 1 100 1 10 12 1 10 12 1 1 10 7 12 1 1 1 100 1 8 1 10 12 1 10 7 1 10 7 1 7 1 7 1 10 12 1 10 12 1 9 12 1 1 10 10 7 12 1 1 1 9 12 1 1 9 12 1 9 12 1 1 9 12 1 9 12 1 1 9 12 1 1 7 1 10 12 1 9 12 1 1 10 12 1 1 10 7 12 1 1 1 9 12 1 9 12 1 1 9 12 1 10 12 1 1 9 12 10 12 1 1 7 1 10 8 1 10 12 1 1 10 12 1 10 7 1 7 1 10 7 12 1 1 1 10 7 12 1 1 1 8 1 10 12 1 10 12 1 10 12 1 1 10 12 1 1 10 12 1 1 10 12 1 1 10 12 1 1 10 12 1 7 1 10 12 1 10 7 12 1 1 1 10 12 1 1 10 12 1 10 12 1 10 12 1 10 12 1 10 12 1 1 10 10 12 1 10 12 1 10 10 12 1 1 10 12 1 1 100 1 8 1 10 8 1 10 12 1 10 12 1 100 1 8 1 10 12 1 1 10 12 1 1 10 10 12 1 1 10 12 1 1 10 12 1 1 10 7 1 10 12 1 10 12 1 1 10 12 1 1 10 12 1 1 10 12 1 1 10 12 1 1 10 12 1 1 10 12 1 1 10 7 12 1 1 1 10 12 1 10 12 1 10 12 1 1 10 12 1 10 12 1 10 12 1 10 12 1 1 10 12 1 10 12 1 1 8 1 9 12 1 10 12 1 1 8 1 8 1 10 7 12 1 1 100 1 10 10 12 10 12 1 10 12 1 10 12 1 10 12 1 1 10 7 12 1 1 10 12 1 10 7 1 7 1 10 12 1 1 10 12 1 10 7 1 10 12 1 100 1 18 12 1 10 100 12 1 1 1 10 100 12 1 1 1 10 7 12 1 1 10 12 1 10 12 1 100 1 10 12 1 8 1 10 10 12 1 1 10 12 1 10 12 1 1 100 1 10 12 1 1 10 100 12 1 1 10 12 1 10 7 12 1 1 10 12 1 8 1 100 1 10 10 12 1 9 12 1 10 7 12 1 1 10 12 1 100 1 8 1 10 12 1 10 8 1 8 1 10 12 1 1 10 12 1 1 10 12 1 1 10 100 12 1 1 100 1 100 1 10 12 1 1 100 1 100 1 10 100 12 1 1 10 12 1 10 12 1 10 12 1 10 12 1 10 12 1 1 10 12 1 8 1 7 1 18 12 1 1 10 12 1 1 10 12 1 10 12 1 10 12 1 8 1 10 12 1 10 12 1 18 12 1 11 100 12 1 1 1 100 1 10 12 1 1 10 12 1 10 11 12 1 1 10 18 10 12 1 1 11 100 12 1 18 12 1 11 12 1 1 10 12 1 10 12 1 1 10 12 1 1 100 1 8 1 10 10 12 1 8 1 8 1 10 100 12 1 1 10 12 1 100 1 10 10 12 1 8 1 8 1 8 1 10 12 1 10 12 1 10 12 1 1 10 12 1 1 10 12 1 10 100 12 1 1 1 11 100 12 1 1 100 1 10 11 10 12 1 10 12 1 10 12 1 1 9 100 12 1 1 9 12 1 1 9 12 9 12 1 9 12 1 9 12 1 8 10 12 1 1 10 7 12 1 1 1 10 12 1 1 10 12 1 1 10 12 1 1 8 1 10 12 1 1 8 10 12 1 1 8 8 10 12 1 10 12 1 10 12 1 11 12 1 1 10 100 12 1 1 1 100 1 10 12 1 10 12 1 10 12 1 1 1 1 1 1 1 1 1 1 1 1 1 1 1 1 1 1 1 1 1 1 1 1 1 1 100 1 1 1 1 1 1 1 1 1 1 1 1 1 1 1 1 1 1 1 1 1 1 1 1 1 100 1 1 1 1 1 1 1 1 1 1 1 1 1 1 1 1 1 1 1 1 1 1 1 1 1 1 1 1 1 1 1 1 1 1 1 1 1 1 1 1 1 1 1 100 1 1 1 1 1 1 1 1 1 1 1 1 1 1 1 1 1 1 1 1 1 100 1 1 1 1 1 1 1 1 1 1 1 1 1 1 1 1 1 1 1 1 1 1 1 1 1 1 1 1 1 1 1 1 1 1 1 1 1 1 1 1 1 1 1 1 100 1 1 1 1 1 1 1 1 1 1 1 1 1 1 1 1 1 1 1 1 1 1 1 1 1 1 1 1 1 1 1 1 1 1 1 1 1 1 1 1 1 1 1 1 1 1 1 1 1 1 1 16 1 15 10 12 16 1 16 15 10 12 16 1 16 1 15 10 12 16 15 10 12 16 15 10 12 16 15 10 100 12 1 1 1 1 1 100 1 100 1 1
staticfield java/lang/ClassLoader nocerts [Ljava/security/cert/Certificate; 0 [Ljava/security/cert/Certificate;
staticfield java/lang/ClassLoader $assertionsDisabled Z 1
instanceKlass jdk/internal/misc/InnocuousThread
instanceKlass java/lang/ref/Finalizer$FinalizerThread
instanceKlass java/lang/ref/Reference$ReferenceHandler
instanceKlass java/lang/BaseVirtualThread
ciInstanceKlass java/lang/Thread 1 1 761 9 7 12 1 1 1 9 7 12 1 1 1 9 12 1 9 12 1 10 12 1 1 9 12 1 1 10 100 12 1 1 10 12 1 10 100 12 1 1 100 1 8 1 10 12 1 1 9 12 1 1 9 12 1 9 12 1 1 100 1 10 12 1 1 10 12 1 100 1 10 12 10 12 1 1 9 12 1 1 10 12 1 100 1 10 12 1 10 12 1 1 10 12 1 1 10 12 1 10 12 1 1 100 1 8 1 10 9 100 12 1 1 1 10 12 1 1 10 3 8 1 100 1 5 0 10 7 12 1 1 1 9 12 1 10 12 1 1 10 7 1 100 1 8 1 10 10 12 1 10 12 1 1 10 12 1 1 10 7 12 1 1 10 12 1 10 12 1 10 7 12 1 1 5 0 9 12 1 10 7 12 1 1 1 10 12 1 1 9 12 1 1 10 100 12 1 1 10 100 12 1 1 1 10 12 1 10 12 1 1 9 12 1 1 10 7 12 1 1 9 12 1 8 1 9 100 12 1 1 1 5 0 100 1 10 100 1 10 100 1 10 7 1 10 8 1 10 12 1 1 10 7 12 1 10 12 1 10 12 1 100 1 8 1 10 10 12 1 10 12 1 1 10 100 12 1 1 1 10 100 12 1 1 1 10 12 1 7 1 9 12 1 1 100 1 10 10 12 1 9 12 1 1 10 12 1 1 10 12 1 1 10 12 1 10 12 1 9 12 1 1 10 10 12 1 1 10 12 1 1 11 7 12 1 1 10 100 12 1 1 9 12 1 1 9 12 1 1 10 100 12 1 1 10 12 1 1 10 12 1 10 100 12 1 1 10 12 1 100 1 10 9 12 1 1 10 12 1 11 100 12 1 1 11 12 1 10 12 1 10 12 1 10 12 1 9 12 1 10 10 12 1 10 12 1 1 9 12 1 9 12 10 12 1 8 1 10 12 1 10 12 1 10 12 1 10 12 1 10 12 1 1 10 12 1 10 12 1 1 10 100 12 1 1 10 12 1 10 12 1 10 12 1 10 12 1 1 9 7 12 1 1 1 8 1 10 9 12 1 10 12 1 100 1 8 1 10 10 12 1 8 1 10 12 1 1 9 12 8 1 10 10 12 1 10 12 1 8 1 10 12 1 10 8 1 9 12 1 1 10 12 1 1 10 10 12 1 10 12 1 100 10 7 12 1 1 1 10 12 1 1 10 12 1 1 10 100 12 1 1 1 11 100 12 1 1 1 10 12 1 1 9 12 1 10 12 1 10 12 1 1 11 100 12 1 1 1 10 12 1 1 1 1 3 1 3 1 3 1 3 1 1 1 1 1 1 1 1 1 1 1 1 1 1 1 1 1 1 1 1 1 1 1 1 1 1 1 100 1 1 1 1 1 1 1 1 1 1 1 1 1 1 1 1 1 1 100 1 1 1 1 1 1 1 1 1 1 1 1 1 1 1 100 1 1 1 1 1 1 1 1 1 1 1 1 1 1 1 1 1 1 1 1 1 1 1 1 1 1 1 1 1 1 1 1 1 1 1 1 1 1 1 1 1 1 1 1 1 1 1 1 1 1 1 1 1 1 1 1 1 1 1 1 1 1 1 1 1 1 1 1 1 1 100 100 1 1 1 1 1 1 1 1 1 1 1 1 1 1 1 1 1 1 1 1 1 1 1 100 1 100 1 100 1 1 1 1 100 1 1 1 1 1 1 1 1 1 1 1 1
staticfield java/lang/Thread NEW_THREAD_BINDINGS Ljava/lang/Object; java/lang/Class
staticfield java/lang/Thread EMPTY_STACK_TRACE [Ljava/lang/StackTraceElement; 0 [Ljava/lang/StackTraceElement;
ciInstanceKlass java/lang/Runnable 1 0 11 100 1 100 1 1 1 1 1 1 1
ciInstanceKlass java/lang/Class 1 1 1652 10 7 12 1 1 1 10 7 12 1 1 9 12 1 1 9 12 1 1 9 12 1 1 9 12 1 1 9 12 1 1 10 12 1 1 8 1 10 12 1 8 1 8 1 10 12 1 1 10 7 12 1 1 1 10 12 1 100 1 10 10 12 1 10 12 1 1 10 12 1 1 10 12 1 1 10 7 12 1 1 10 12 1 10 12 1 10 12 1 1 10 12 1 8 1 10 12 1 8 1 10 12 1 8 1 8 1 10 12 1 1 10 100 12 1 1 1 18 12 1 1 11 100 12 1 1 1 8 1 8 1 8 1 10 100 12 1 1 1 11 12 1 1 8 1 10 12 1 10 10 12 1 1 10 12 1 8 1 10 12 1 1 8 1 10 12 1 10 12 1 1 11 7 12 1 1 1 11 100 12 1 1 1 11 8 1 18 8 1 10 12 1 10 7 12 1 1 10 12 1 1 10 7 12 1 1 1 10 12 1 1 10 12 1 1 10 7 12 1 1 1 10 7 12 1 10 12 1 1 10 7 1 10 12 1 8 1 10 8 1 8 1 8 1 8 1 8 1 8 1 8 1 8 1 9 100 12 1 1 9 100 1 9 100 1 9 100 1 9 100 1 9 100 1 9 100 1 9 100 1 9 100 1 9 12 1 1 7 1 8 1 10 12 1 10 12 1 1 100 1 10 12 1 1 10 7 12 1 1 1 10 7 12 1 1 1 7 1 7 1 10 10 12 1 1 10 12 1 1 100 1 10 100 12 1 1 1 10 12 1 1 10 12 1 1 10 12 9 12 1 1 10 12 1 9 12 1 1 9 12 1 1 10 12 1 1 10 7 1 10 12 1 10 12 1 1 10 9 12 1 10 12 1 8 1 10 12 1 1 10 12 1 1 10 12 1 10 12 1 10 12 1 1 9 7 12 1 1 1 10 12 1 10 7 12 1 1 10 12 1 10 12 1 10 12 1 10 12 1 9 100 12 1 1 1 9 12 1 10 12 1 10 12 1 1 9 12 1 1 10 7 10 12 1 1 10 100 12 1 1 10 12 1 10 12 1 1 10 100 12 1 1 1 10 12 1 10 12 1 1 10 12 1 10 12 1 10 12 1 1 10 7 1 10 10 12 1 1 10 12 1 1 10 12 10 10 12 1 1 100 1 8 1 10 10 12 1 1 10 12 1 100 1 11 12 1 10 12 1 10 12 1 10 100 12 1 1 10 10 12 1 1 8 1 10 12 1 8 1 9 12 1 10 12 1 10 12 1 10 12 1 10 12 100 1 9 12 1 10 12 1 9 12 1 10 12 1 10 12 1 10 12 1 10 10 12 1 10 12 1 10 12 1 10 12 1 10 12 1 10 12 1 7 1 10 10 12 1 10 12 1 11 100 12 1 1 11 12 1 1 10 12 1 1 10 12 1 1 10 12 1 1 10 12 1 1 10 12 1 1 10 12 1 1 7 1 10 10 12 1 1 10 12 1 1 10 12 1 1 10 10 12 1 10 12 1 1 10 12 1 1 10 12 1 1 10 12 1 1 10 12 10 12 1 1 10 7 12 1 1 1 10 12 1 10 12 1 1 10 12 1 10 100 12 1 1 1 10 12 1 1 10 10 12 1 1 100 1 10 10 12 1 1 10 100 12 1 1 1 100 1 100 1 10 12 1 1 10 12 1 10 10 12 1 1 10 12 1 10 12 1 10 12 1 10 100 12 1 1 1 11 7 12 1 1 10 12 1 10 12 1 9 100 12 1 1 8 1 10 12 1 10 12 1 10 12 1 10 12 1 1 9 12 1 9 12 1 1 10 7 12 1 1 9 12 1 10 12 1 1 10 10 12 1 10 7 12 1 1 1 10 7 12 1 1 10 7 12 1 1 9 12 1 1 10 12 1 9 12 1 10 12 1 10 12 1 1 9 12 1 1 9 12 1 10 12 1 10 12 1 1 9 12 1 100 1 10 10 12 1 1 7 1 10 100 11 100 1 9 12 1 1 9 12 1 10 12 1 9 12 1 1 9 12 1 10 12 1 10 12 1 1 9 12 1 7 1 10 10 12 1 1 10 10 12 1 10 12 10 10 12 1 9 12 1 10 12 1 1 10 12 1 8 10 7 8 1 18 8 1 8 1 10 12 1 9 12 1 9 12 1 1 10 12 1 7 1 7 1 10 12 1 9 12 1 1 10 10 12 1 9 12 1 8 1 10 12 1 10 10 12 1 1 100 1 100 1 9 12 1 100 1 8 1 10 10 7 12 1 1 1 10 12 11 7 12 1 1 1 10 12 1 10 12 1 1 10 8 1 10 12 1 8 1 10 12 1 1 9 7 12 1 1 11 12 7 1 11 100 12 1 1 9 12 1 10 100 12 1 1 1 10 7 12 1 1 10 12 1 1 9 12 1 9 10 12 1 1 10 12 1 1 10 12 1 1 10 12 1 1 10 12 1 1 11 12 1 11 12 1 1 11 7 12 1 1 11 12 1 7 1 11 12 1 10 7 12 1 1 1 10 12 1 11 12 1 10 100 12 1 1 1 10 12 1 10 100 12 1 1 1 11 12 1 11 12 1 1 10 12 1 10 12 1 1 9 12 1 1 10 12 1 10 100 12 1 1 1 10 12 1 1 10 12 1 10 12 1 10 12 1 10 7 12 1 1 1 10 12 1 8 1 10 12 1 10 12 1 10 12 1 8 1 8 1 10 7 12 1 1 10 100 12 1 1 100 1 10 12 10 100 12 1 1 1 10 100 12 1 1 1 10 12 1 1 10 12 1 18 12 1 1 11 12 1 1 18 11 12 1 18 12 1 11 12 1 10 12 1 10 12 1 10 12 1 10 12 10 12 1 8 1 10 12 1 7 1 9 12 1 1 100 1 100 1 100 1 100 1 1 1 3 1 3 1 3 1 1 1 1 1 1 1 1 1 5 0 1 1 1 1 1 1 1 1 1 1 1 1 1 1 1 1 1 1 1 1 1 1 1 1 1 1 1 100 1 1 1 1 1 1 1 1 1 1 1 100 1 1 1 1 1 7 1 1 1 1 1 1 1 1 1 1 1 1 1 1 1 1 1 1 1 1 1 1 1 1 1 1 1 1 1 1 1 1 1 1 100 1 1 1 1 1 1 1 1 1 1 1 1 1 1 1 1 1 1 1 1 1 1 1 1 1 1 1 1 1 1 1 100 1 1 1 1 1 1 1 1 1 1 1 1 1 1 1 1 1 1 1 1 1 1 1 1 1 1 1 1 1 1 1 1 1 1 1 1 1 1 1 1 1 1 1 1 1 1 1 1 1 1 1 1 1 1 1 1 1 1 1 1 1 100 1 100 1 1 1 1 1 1 1 1 1 1 1 1 1 1 1 1 1 1 1 1 1 1 1 1 1 1 1 1 1 1 1 1 1 1 1 1 1 1 1 1 1 1 1 1 1 1 1 1 1 1 1 1 1 1 1 1 1 1 1 1 1 1 1 1 1 1 1 1 1 1 1 1 1 1 1 1 1 1 1 1 1 1 1 1 1 1 1 1 1 1 1 1 1 1 1 1 1 1 1 1 1 1 1 1 1 1 1 1 1 1 1 1 1 1 1 1 1 1 1 1 16 15 10 12 16 15 11 12 16 1 15 10 12 16 16 15 10 12 16 15 16 1 15 10 12 16 15 10 100 12 1 1 1 1 1 100 1 1 1 1 1 1 1 1 100 1 1 100 1 100 1 1 100 1 100 1 1
staticfield java/lang/Class EMPTY_CLASS_ARRAY [Ljava/lang/Class; 0 [Ljava/lang/Class;
staticfield java/lang/Class serialPersistentFields [Ljava/io/ObjectStreamField; 0 [Ljava/io/ObjectStreamField;
ciInstanceKlass java/lang/reflect/AnnotatedElement 1 1 165 11 7 12 1 1 1 11 12 1 1 100 1 10 100 12 1 1 1 10 12 1 1 10 12 1 1 10 12 1 10 100 12 1 1 1 11 12 1 1 11 100 12 1 1 10 100 12 1 1 1 10 12 1 10 100 12 1 1 1 18 12 1 1 11 100 12 1 1 18 12 1 18 12 1 1 10 100 12 1 1 1 11 100 12 1 1 1 100 1 10 100 12 1 1 1 1 1 1 1 1 1 1 1 1 1 1 1 1 1 1 1 1 1 1 1 1 1 1 100 1 1 1 1 1 1 1 1 1 1 1 16 15 16 1 16 1 15 11 12 16 16 1 15 10 100 12 1 1 1 16 1 15 10 100 12 1 1 1 1 100 1 100 1 1
ciInstanceKlass java/lang/reflect/Type 1 1 17 11 100 12 1 1 1 100 1 1 1 1 1 1 1 1 1
ciInstanceKlass java/lang/invoke/TypeDescriptor 1 0 17 100 1 100 1 1 1 1 1 1 100 1 100 1 1 1 1
ciInstanceKlass java/lang/invoke/TypeDescriptor$OfField 1 0 21 100 1 100 1 100 1 1 1 1 1 1 1 1 1 1 1 1 1 1 1
ciInstanceKlass java/lang/reflect/GenericDeclaration 1 0 30 100 1 100 1 100 1 1 1 1 1 1 1 1 100 1 8 1 1 12 10 1 1 1 8 1 1 1 8 1
ciInstanceKlass java/lang/Module 1 1 1076 10 7 12 1 1 1 9 7 12 1 1 1 10 7 12 1 1 1 9 12 1 9 12 1 1 9 12 1 1 10 12 1 1 10 12 1 10 12 1 1 10 7 12 1 1 1 7 1 10 7 12 1 1 1 10 12 1 1 11 7 12 1 1 1 10 12 1 1 10 12 1 8 1 10 7 12 1 1 1 10 7 12 1 1 1 10 7 12 1 1 1 10 12 1 1 10 12 1 9 12 1 1 10 7 12 1 1 1 9 7 12 1 1 1 100 1 10 8 1 10 12 1 1 10 12 1 10 12 8 1 10 7 12 1 1 1 10 100 12 1 1 1 10 100 12 1 1 1 8 1 10 12 1 8 1 9 12 1 100 1 8 1 10 12 1 10 8 1 8 1 8 1 10 7 12 1 1 1 8 1 10 100 12 1 1 1 8 1 10 12 1 9 12 1 1 11 12 1 9 7 12 1 1 10 7 12 1 1 1 10 100 12 1 1 1 10 12 1 1 8 1 10 12 1 1 10 12 1 10 12 1 1 9 7 12 1 1 1 10 12 1 1 10 12 1 1 9 12 1 10 12 1 10 12 1 9 12 1 1 11 7 12 1 1 10 12 1 1 9 12 1 9 12 1 10 12 1 10 12 1 100 1 8 1 10 10 12 1 1 10 12 1 8 1 10 12 1 1 8 1 8 1 10 12 1 1 10 12 1 10 12 1 1 10 12 1 18 12 1 1 10 12 1 1 11 12 1 9 12 1 11 12 7 1 10 12 1 18 12 1 11 12 1 1 11 12 1 1 11 12 1 10 12 1 1 10 12 1 1 9 12 1 10 12 10 7 12 1 1 10 7 1 18 12 1 1 11 100 12 1 1 1 18 12 1 11 12 1 1 10 100 12 1 1 1 11 12 1 1 10 7 12 1 1 11 12 1 1 10 12 1 1 7 1 11 12 1 7 1 7 1 10 12 1 10 7 12 1 1 1 10 7 12 1 1 1 10 11 7 12 1 8 1 10 12 1 10 12 1 1 10 7 12 1 1 10 12 1 10 12 1 7 1 10 12 1 10 11 12 1 10 12 11 12 1 1 11 7 12 1 1 11 12 1 1 10 12 1 1 9 12 1 1 100 1 10 10 12 1 1 11 100 1 10 12 1 1 11 12 1 10 11 10 12 1 11 10 12 1 1 10 12 1 1 10 12 1 1 10 7 12 1 1 10 12 1 10 12 1 1 10 10 12 1 1 10 12 1 18 12 1 11 12 1 18 12 1 10 12 1 10 12 1 10 12 7 1 10 12 1 10 12 1 10 12 1 9 12 1 7 1 10 10 10 10 12 1 10 12 1 10 12 1 10 12 1 1 10 12 1 1 10 12 1 9 12 1 10 12 1 100 1 8 1 10 12 1 1 10 12 1 10 100 12 1 1 100 1 10 12 1 1 100 1 8 1 100 1 9 100 12 1 1 1 11 100 12 1 1 10 12 1 1 11 12 1 1 18 12 1 1 11 12 1 1 100 1 10 12 1 10 12 1 1 100 1 100 1 10 12 8 1 10 12 1 1 10 12 1 1 10 100 12 1 1 10 12 1 1 10 12 1 10 12 10 12 1 1 100 1 10 10 12 1 1 10 100 12 1 1 1 100 1 10 100 12 1 1 1 10 100 12 1 1 8 1 18 12 1 1 100 1 100 1 9 12 1 1 9 12 1 9 12 1 11 100 12 1 1 1 100 1 11 12 1 1 100 1 10 12 1 8 1 10 12 1 10 12 10 12 1 8 1 10 10 100 12 1 1 10 12 1 1 7 1 10 10 12 1 10 7 12 1 1 9 12 1 9 12 1 9 12 1 9 12 1 9 12 1 10 12 10 12 1 100 1 1 1 1 1 1 1 1 1 1 1 1 1 1 1 1 1 1 1 1 1 1 1 1 1 1 1 1 1 1 1 1 1 1 1 1 1 1 1 1 1 1 1 1 1 1 1 1 1 1 1 1 1 1 1 1 1 1 1 1 1 1 1 1 1 1 1 1 1 1 1 1 1 1 1 1 1 1 1 1 1 1 1 1 1 1 1 1 1 1 1 1 1 1 1 1 1 1 1 1 1 1 1 1 1 1 1 1 100 100 1 1 1 1 1 1 1 1 1 1 1 1 1 1 1 1 1 1 1 1 1 1 1 1 1 1 100 1 100 1 1 1 1 1 1 1 1 1 1 1 1 1 1 1 1 1 1 100 1 1 1 1 1 1 1 1 1 1 1 1 1 1 1 1 1 1 1 1 1 1 1 1 1 1 1 16 15 10 12 16 15 10 12 16 1 16 15 10 12 16 16 15 10 16 1 15 10 12 16 1 15 10 12 16 1 16 1 15 10 12 16 15 10 7 12 1 1 1 15 10 100 12 1 1 1 1 1 1 1 1 1 1 1 1 1 100 1 100 1 1
staticfield java/lang/Module ALL_UNNAMED_MODULE Ljava/lang/Module; java/lang/Module
staticfield java/lang/Module ALL_UNNAMED_MODULE_SET Ljava/util/Set; java/util/ImmutableCollections$Set12
staticfield java/lang/Module EVERYONE_MODULE Ljava/lang/Module; java/lang/Module
staticfield java/lang/Module EVERYONE_SET Ljava/util/Set; java/util/ImmutableCollections$Set12
staticfield java/lang/Module $assertionsDisabled Z 1
ciInstanceKlass jdk/internal/misc/Unsafe 1 1 1248 10 7 12 1 1 1 10 7 12 1 1 9 12 1 1 9 12 1 1 10 12 1 1 10 100 12 1 1 1 10 12 1 1 10 12 1 1 10 12 1 1 10 12 1 1 10 12 1 1 10 12 1 1 10 12 1 1 10 12 1 1 10 12 1 1 10 12 1 1 10 12 1 1 10 12 1 1 10 12 1 1 10 12 1 10 12 1 100 1 10 10 12 1 1 10 12 1 1 5 0 10 12 1 1 10 12 1 1 10 7 12 1 1 1 10 12 1 1 10 12 1 10 12 1 10 12 1 1 10 12 1 1 10 12 1 10 12 1 100 1 100 1 10 8 1 10 12 1 1 10 12 1 8 1 10 12 1 1 10 12 1 10 12 1 10 12 1 1 10 12 1 10 12 1 1 10 12 1 1 10 12 1 10 12 1 10 12 1 10 12 1 1 10 12 1 10 12 1 10 12 1 1 10 12 1 5 0 5 0 5 0 10 12 1 10 12 1 10 12 1 10 12 1 10 12 1 10 12 1 10 12 1 10 12 1 10 12 1 1 10 12 1 10 12 1 100 1 8 1 10 100 1 10 10 12 1 1 10 12 1 1 10 12 1 10 12 1 1 10 12 1 1 10 12 1 10 12 1 1 10 12 1 9 7 12 1 1 9 12 1 100 1 10 10 12 1 1 8 1 10 8 1 8 1 10 12 1 1 9 7 12 1 1 1 9 100 1 9 100 1 9 7 1 9 9 100 1 9 7 1 9 100 1 10 12 1 1 10 12 1 1 10 12 1 1 10 12 1 1 5 0 5 0 9 12 1 1 10 12 1 10 12 1 10 12 1 1 10 12 1 1 10 12 1 8 1 3 10 12 1 1 10 12 1 1 10 12 1 10 12 1 1 10 12 1 1 10 12 1 10 12 1 10 12 1 10 12 1 10 12 1 10 12 1 1 10 12 1 1 10 12 1 10 12 1 10 12 1 10 12 1 10 12 1 10 12 1 1 10 12 1 1 10 12 1 10 12 1 10 12 1 10 12 1 10 12 1 10 12 1 1 10 12 1 1 10 12 1 1 10 12 1 1 10 12 1 10 12 1 10 12 1 10 12 1 10 12 1 10 12 1 10 12 1 1 10 12 1 1 10 12 1 10 12 1 10 12 1 10 12 1 10 12 1 10 12 1 10 12 1 1 10 12 1 1 10 12 1 10 12 1 10 12 1 10 12 1 10 12 1 10 12 1 10 12 1 10 12 1 1 10 12 1 10 12 1 10 12 1 10 12 1 10 12 1 1 10 12 1 10 12 1 10 12 1 10 12 1 10 12 1 10 12 1 10 12 1 10 12 1 1 10 12 1 10 12 1 10 12 1 10 12 1 10 12 1 10 12 1 1 10 12 1 10 12 1 10 12 1 1 10 12 1 10 12 1 10 12 1 10 12 1 10 12 1 10 12 1 10 12 1 10 12 1 10 12 1 10 12 1 10 12 1 10 12 1 10 12 1 10 12 1 10 12 1 10 12 1 10 12 1 10 12 1 10 12 1 10 12 1 10 12 1 10 12 1 10 12 1 100 1 10 100 1 10 9 12 1 5 0 10 12 1 1 5 0 10 12 1 5 0 10 12 1 10 12 1 10 12 1 1 10 12 1 1 10 12 1 10 12 1 10 12 1 10 12 1 1 10 12 1 10 12 1 10 12 1 10 12 1 10 12 1 1 10 12 1 10 12 1 10 12 1 10 12 1 1 10 12 1 10 12 1 10 12 1 1 10 12 1 10 12 1 10 12 1 10 12 1 1 10 12 1 10 10 12 1 1 10 12 1 10 12 1 1 10 12 1 10 12 5 0 5 0 5 0 10 12 1 1 10 12 1 10 12 1 10 12 10 100 12 1 1 8 1 100 1 11 12 1 1 8 1 11 12 1 1 10 100 12 1 1 10 12 1 10 7 1 10 12 1 1 9 12 1 1 7 1 9 12 1 7 1 9 12 1 7 1 9 12 1 7 1 9 12 1 7 1 9 12 1 7 1 9 12 1 7 1 9 12 1 7 1 9 12 1 10 12 1 9 12 1 9 12 1 9 12 1 9 12 1 9 12 1 9 12 1 9 12 1 9 12 1 9 12 1 9 12 1 1 1 5 0 1 1 1 1 1 1 1 1 1 1 1 1 1 1 1 1 1 1 1 1 1 1 1 1 1 1 1 1 1 1 1 1 1 1 1 1 1 1 1 1 1 1 1 1 1 1 1 1 1 1 1 1 1 1 1 1 1 1 1 1 1 1 1 1 1 1 1 1 1 1 1 1 1 1 1 1 1 1 1 1 1 1 1 1 1 1 1 1 1 1 100 1 1 1 1 1 1 1 1 1 1 1 1 1 1 1 1 1 1 1 1 1 1 1 1 1 1 1 1 1 1 1 1 1 1 1 1 1 1 1 1 1 1 1 1 1 1 1 1 1 1 1 1 1 1 1 1 1 1 1 1 1 1 1 1 1 1 1 1 1 1 1 1 1 1 1 1 1 1 1 1 1 1 1 1 1 1 1 1 1 1 1 1 1 1 1 1 1 1 1 1 1 1 1 1 1 1 1 1 1 1 1 1 1 1 1 1 1 1 1 1 1 1 1 1 1 1 1 1 1 1 1 1 1 1 1 1 1 1 1 1 1 1 1 1 1 1 1 1 1 1 1 1 1 1 1 1 1 1 1 1 1 1 1 1 1 1 1 1 1 1 1 1 1 1 1 1 1 1 1 1 1 1 1 1 1 1 1 1 1 1 1 1 1 1 1 1 1 1 1 1 1 1 1 1 1 1 1 1 1 1 1 1 1
staticfield jdk/internal/misc/Unsafe theUnsafe Ljdk/internal/misc/Unsafe; jdk/internal/misc/Unsafe
staticfield jdk/internal/misc/Unsafe ARRAY_BOOLEAN_BASE_OFFSET J 16
staticfield jdk/internal/misc/Unsafe ARRAY_BYTE_BASE_OFFSET J 16
staticfield jdk/internal/misc/Unsafe ARRAY_SHORT_BASE_OFFSET J 16
staticfield jdk/internal/misc/Unsafe ARRAY_CHAR_BASE_OFFSET J 16
staticfield jdk/internal/misc/Unsafe ARRAY_INT_BASE_OFFSET J 16
staticfield jdk/internal/misc/Unsafe ARRAY_LONG_BASE_OFFSET J 16
staticfield jdk/internal/misc/Unsafe ARRAY_FLOAT_BASE_OFFSET J 16
staticfield jdk/internal/misc/Unsafe ARRAY_DOUBLE_BASE_OFFSET J 16
staticfield jdk/internal/misc/Unsafe ARRAY_OBJECT_BASE_OFFSET J 16
staticfield jdk/internal/misc/Unsafe ARRAY_BOOLEAN_INDEX_SCALE I 1
staticfield jdk/internal/misc/Unsafe ARRAY_BYTE_INDEX_SCALE I 1
staticfield jdk/internal/misc/Unsafe ARRAY_SHORT_INDEX_SCALE I 2
staticfield jdk/internal/misc/Unsafe ARRAY_CHAR_INDEX_SCALE I 2
staticfield jdk/internal/misc/Unsafe ARRAY_INT_INDEX_SCALE I 4
staticfield jdk/internal/misc/Unsafe ARRAY_LONG_INDEX_SCALE I 8
staticfield jdk/internal/misc/Unsafe ARRAY_FLOAT_INDEX_SCALE I 4
staticfield jdk/internal/misc/Unsafe ARRAY_DOUBLE_INDEX_SCALE I 8
staticfield jdk/internal/misc/Unsafe ARRAY_OBJECT_INDEX_SCALE I 4
staticfield jdk/internal/misc/Unsafe ADDRESS_SIZE I 8
ciInstanceKlass java/lang/Thread$FieldHolder 1 1 55 10 7 12 1 1 1 9 7 12 1 1 1 9 12 1 1 9 12 1 1 9 12 1 1 9 12 1 1 1 1 1 1 1 1 1 1 1 1 100 1 100 1 1 1 1 100 1 1 1 100 1 100 1 1
ciInstanceKlass java/lang/Thread$Constants 0 0 47 100 1 10 100 12 1 1 1 10 12 1 1 10 12 1 1 10 100 12 1 1 8 1 10 12 1 9 100 12 1 1 1 1 1 1 1 1 1 1 1 1 1 1 1 1 1
ciInstanceKlass java/lang/ThreadGroup 1 1 380 10 7 12 1 1 1 9 7 12 1 1 1 8 1 9 12 1 1 100 1 9 12 1 1 9 12 1 1 10 7 12 1 1 1 10 12 1 1 10 12 1 10 12 1 1 10 12 1 1 10 12 1 10 12 1 10 12 1 10 100 12 1 1 1 10 12 1 1 18 12 1 1 11 100 12 1 1 1 10 12 1 1 10 12 1 1 10 12 1 1 10 100 12 1 1 1 10 12 1 11 12 1 1 11 100 12 1 1 11 12 1 1 10 12 1 1 10 12 1 10 12 1 11 12 1 11 12 1 1 10 12 1 100 1 10 18 12 1 1 11 100 12 1 1 1 11 12 1 1 9 100 12 1 1 1 10 12 1 1 8 1 10 100 12 1 1 1 10 100 12 1 1 1 10 12 1 1 11 12 10 12 1 1 10 12 1 1 11 100 1 9 12 1 100 1 10 8 1 10 12 1 1 10 12 1 1 8 1 10 12 1 10 100 12 1 1 1 10 12 1 1 10 7 1 8 1 10 8 1 10 12 1 10 12 1 8 1 9 12 1 1 9 12 1 10 100 12 1 1 1 100 9 12 1 1 7 1 9 12 1 10 12 10 12 1 1 100 10 12 9 12 1 10 12 1 100 1 10 100 1 10 10 12 1 10 12 1 1 1 1 1 1 1 1 1 1 1 1 1 1 1 1 3 1 1 1 1 1 1 1 1 1 1 1 100 1 1 1 1 1 1 1 1 1 1 1 1 1 1 1 1 1 1 1 1 1 1 1 1 1 1 1 1 1 1 1 1 1 1 1 1 1 1 1 1 16 15 10 12 16 16 15 10 12 16 15 10 100 12 1 1 1 1 1 100 1 100 1 1
staticfield java/lang/ThreadGroup $assertionsDisabled Z 1
ciInstanceKlass java/lang/Thread$UncaughtExceptionHandler 1 0 16 100 1 100 1 1 1 1 1 1 1 1 100 1 1 1
instanceKlass java/lang/ThreadBuilders$BoundVirtualThread
instanceKlass java/lang/VirtualThread
ciInstanceKlass java/lang/BaseVirtualThread 0 0 36 10 100 12 1 1 1 100 1 1 1 1 1 1 1 1 1 1 1 1 1 1 1 1 1 1 1 1 100 1 100 1 1 100 1 1
ciInstanceKlass java/lang/VirtualThread 0 0 928 9 100 12 1 1 1 9 12 1 1 10 100 12 1 1 1 10 100 12 1 1 1 10 100 12 1 1 1 9 12 1 1 100 1 10 12 1 9 12 1 1 18 12 1 1 9 12 1 1 10 12 1 1 100 1 10 12 1 10 12 1 1 10 12 1 1 10 12 1 10 12 1 1 9 12 1 1 10 12 1 10 100 12 1 10 12 1 10 12 1 10 12 1 10 12 1 9 12 1 1 11 100 12 1 1 1 10 10 12 1 11 100 12 1 1 1 10 12 1 100 1 10 12 1 1 100 1 9 12 1 1 5 0 10 100 12 1 1 1 9 12 1 100 1 100 1 10 10 100 12 1 1 1 10 100 12 1 1 1 10 12 1 1 10 12 1 10 12 1 1 10 12 1 10 12 10 12 1 100 1 10 10 12 1 10 12 1 1 9 12 1 1 10 12 1 1 9 12 1 1 10 12 1 9 12 1 10 100 12 1 1 10 9 10 10 12 1 1 10 12 1 1 10 100 12 1 1 10 100 1 10 9 10 100 1 10 12 1 1 10 12 1 10 10 12 1 1 9 12 1 10 12 1 10 12 1 9 12 1 1 10 12 1 10 12 1 10 12 1 1 9 12 1 1 10 12 1 10 12 1 1 10 12 1 10 12 1 1 9 12 1 18 9 100 12 1 1 1 10 12 1 1 9 12 1 10 12 1 10 12 1 1 10 12 1 9 12 1 1 18 12 1 9 12 1 9 12 1 10 12 9 12 1 1 10 100 12 1 1 10 12 1 10 12 1 1 10 100 12 1 1 10 12 1 100 1 8 1 10 12 1 10 12 1 1 10 12 1 10 12 1 10 12 1 10 100 12 1 1 10 12 1 10 12 1 10 12 1 10 12 1 10 100 12 1 1 8 1 10 12 1 10 12 1 10 12 1 10 12 1 1 10 12 1 10 12 10 12 1 100 1 10 10 12 1 10 12 1 1 10 12 1 1 10 12 1 10 12 1 10 12 1 1 10 12 1 1 11 100 12 1 1 11 12 1 10 12 9 100 12 1 1 1 9 12 1 10 12 1 1 9 12 1 9 12 1 9 12 1 9 12 1 100 1 10 10 12 1 1 10 12 1 100 1 100 1 10 8 1 10 12 1 1 10 12 1 10 12 1 10 10 12 1 8 1 10 10 12 1 10 12 1 10 100 12 1 1 8 1 8 1 10 12 1 1 10 10 9 100 12 1 1 1 10 12 1 1 10 12 1 10 10 12 9 12 1 10 12 1 1 10 12 1 9 12 1 10 12 1 1 9 12 1 10 12 1 1 9 12 1 10 12 1 1 18 12 1 1 8 1 10 12 1 1 8 1 8 1 10 100 12 1 1 1 10 100 12 1 1 1 10 12 1 10 12 1 1 10 12 1 18 12 1 1 18 12 1 1 5 0 9 12 1 10 12 1 10 12 1 10 100 1 10 12 1 1 9 12 1 9 12 1 1 10 12 1 1 10 12 1 10 12 10 12 1 1 10 100 12 1 1 10 12 1 1 100 1 8 1 10 10 12 1 8 10 12 1 1 8 8 9 12 1 8 8 10 12 1 10 12 1 1 8 1 18 12 1 10 100 12 1 1 10 12 1 10 12 1 3 1 3 1 3 1 3 1 3 1 3 1 3 1 3 1 3 1 3 1 3 1 3 1 3 3 1 3 3 1 3 3 1 3 3 1 3 1 1 1 1 1 1 1 1 1 1 1 1 1 1 1 1 1 100 1 1 1 1 1 1 1 1 1 1 1 1 1 1 1 1 1 1 1 1 100 1 1 1 1 1 1 1 1 1 1 1 1 1 1 1 1 1 1 1 1 1 1 1 1 1 1 1 1 1 1 1 1 1 100 1 1 1 1 1 1 1 1 1 1 1 1 1 1 1 1 1 1 1 1 1 1 1 1 1 1 1 100 1 1 1 1 1 1 1 1 1 1 1 1 1 1 1 1 1 1 1 1 1 1 100 1 1 16 15 10 12 15 10 12 15 10 12 16 15 10 12 16 15 10 12 16 15 10 12 16 15 10 12 15 10 100 12 1 1 1 1 1 1 1 100 1 1 1 100 1 100 1 1
ciInstanceKlass java/lang/ThreadBuilders$BoundVirtualThread 0 0 132 10 100 12 1 1 1 9 100 12 1 1 1 10 100 12 1 1 1 9 12 1 1 10 12 1 1 10 12 1 1 9 12 1 1 10 100 12 1 1 1 10 12 1 1 100 1 8 1 10 12 1 10 12 1 1 10 12 1 1 10 12 1 1 10 100 12 1 1 1 8 1 10 12 1 8 1 10 12 1 1 10 100 12 1 1 9 100 12 1 1 1 10 12 1 1 10 10 12 1 1 1 1 1 1 1 1 1 1 1 1 1 1 1 1 1 1 1 1 1 1 1 1 1 1 1 1 100 1 1 1 1
instanceKlass org/jetbrains/kotlin/ir/interpreter/state/ExceptionState
instanceKlass java/lang/Exception
instanceKlass java/lang/Error
ciInstanceKlass java/lang/Throwable 1 1 403 10 7 12 1 1 1 9 7 12 1 1 1 9 12 1 1 9 12 1 9 12 1 1 9 12 1 10 12 1 1 9 12 1 1 10 12 1 1 10 100 12 1 1 1 9 12 1 1 10 12 1 1 10 12 1 100 1 7 1 10 8 1 10 12 1 1 8 1 10 100 12 1 1 10 10 12 1 100 1 8 1 10 10 7 12 1 1 10 12 1 8 1 9 100 12 1 1 1 10 12 1 1 100 1 10 12 10 12 1 100 1 10 10 7 12 1 1 1 11 100 12 1 1 1 10 100 12 1 1 1 10 12 1 1 10 12 1 1 8 1 10 12 1 10 12 1 1 8 1 8 1 10 12 1 1 10 12 1 8 1 8 1 9 12 1 10 100 12 1 1 100 1 10 11 12 1 8 1 8 1 10 7 12 1 1 8 1 10 12 1 8 1 100 1 10 12 1 9 12 1 1 10 12 1 10 100 12 1 9 12 1 1 10 12 1 1 100 1 8 1 10 12 1 10 100 12 1 1 10 12 1 1 100 1 10 100 12 1 1 1 10 12 1 11 100 12 1 1 1 11 100 12 1 1 1 11 12 1 8 1 10 12 1 1 8 1 10 10 9 100 12 1 1 1 8 1 10 12 1 1 11 10 100 1 8 1 10 11 12 1 1 8 1 9 12 1 10 100 12 1 1 11 9 12 1 1 11 12 1 1 100 10 12 1 10 12 1 1 100 1 1 1 1 5 0 1 1 1 1 1 1 1 1 1 1 1 1 100 1 1 1 1 1 1 1 1 1 1 1 1 1 1 1 1 1 1 1 1 1 1 1 1 1 1 1 1 1 1 1 1 1 1 1 1 1 1 1 1 1 1 1 100 1 100 1 1 1 1 1 1 1 1 1 1 1 1 1 1 1 1 1 1
staticfield java/lang/Throwable UNASSIGNED_STACK [Ljava/lang/StackTraceElement; 0 [Ljava/lang/StackTraceElement;
staticfield java/lang/Throwable SUPPRESSED_SENTINEL Ljava/util/List; java/util/Collections$EmptyList
staticfield java/lang/Throwable EMPTY_THROWABLE_ARRAY [Ljava/lang/Throwable; 0 [Ljava/lang/Throwable;
staticfield java/lang/Throwable $assertionsDisabled Z 1
ciInstanceKlass jdk/internal/vm/ContinuationScope 0 0 50 10 100 12 1 1 1 10 100 12 1 1 1 100 1 9 100 12 1 1 1 10 12 1 1 10 100 12 1 1 1 10 12 1 1 10 12 1 1 1 1 1 1 1 1 1 1 1 1 1
ciInstanceKlass jdk/internal/vm/StackChunk 1 1 32 10 100 12 1 1 1 9 100 12 1 1 1 9 12 1 1 9 12 1 1 1 1 1 1 1 1 1 1 1 1 1
ciInstanceKlass java/lang/Boolean 1 1 146 10 7 12 1 1 1 9 7 12 1 1 1 10 12 1 1 10 12 1 8 1 10 7 12 1 1 9 12 1 1 9 12 1 10 12 1 1 10 12 1 1 10 12 1 1 10 12 1 10 7 12 1 1 1 10 12 1 1 9 100 12 1 1 9 12 10 100 12 1 1 1 10 12 1 1 8 1 10 7 12 1 1 1 9 12 1 1 100 1 100 1 100 1 1 1 1 1 1 5 0 1 1 1 1 1 1 1 1 1 1 1 1 1 1 1 1 1 1 1 1 1 1 1 1 1 1 1 1 1 1 1 1 1 1 1 100 1 1 1 1 1 1 1 1 1
staticfield java/lang/Boolean TRUE Ljava/lang/Boolean; java/lang/Boolean
staticfield java/lang/Boolean FALSE Ljava/lang/Boolean; java/lang/Boolean
staticfield java/lang/Boolean TYPE Ljava/lang/Class; java/lang/Class
ciInstanceKlass java/lang/Character 1 1 603 7 1 100 1 100 1 9 12 1 1 8 1 9 12 1 1 100 1 9 12 1 1 10 100 12 1 1 1 10 100 12 1 1 1 10 100 12 1 1 1 10 7 12 1 1 1 9 7 12 1 1 1 10 12 1 10 12 1 1 10 12 1 1 10 100 12 1 1 10 12 1 1 3 3 3 3 3 10 12 1 1 10 12 1 3 11 7 12 1 1 1 11 12 1 1 10 12 1 1 10 12 1 1 100 1 10 10 12 1 3 10 12 1 1 10 12 1 10 12 1 1 100 1 8 1 10 12 1 1 10 12 1 10 12 1 10 12 1 10 100 12 1 1 1 10 12 1 10 12 1 10 12 1 1 10 12 1 10 7 12 1 1 10 10 12 1 10 10 12 1 10 12 1 1 10 12 1 10 10 12 1 10 12 1 10 12 1 10 12 1 10 12 1 10 12 1 10 12 1 10 12 10 10 12 10 10 12 1 10 10 12 1 10 10 12 1 10 10 12 1 10 12 1 10 12 1 10 12 1 10 12 1 10 12 1 10 12 1 10 10 12 1 10 10 12 1 10 10 12 1 1 10 10 12 1 10 5 0 10 12 1 10 12 1 10 10 12 1 10 10 12 1 1 10 10 12 1 10 10 12 1 9 12 1 1 100 1 10 10 12 1 10 12 1 1 3 10 100 12 1 1 1 10 12 1 10 100 12 1 1 100 1 10 10 12 1 1 10 12 1 1 10 12 1 1 8 1 10 12 1 9 100 12 1 1 1 10 12 1 10 10 12 1 10 12 1 1 10 12 1 10 10 12 1 1 10 10 12 1 1 100 1 8 1 10 12 1 1 10 7 12 1 1 1 8 1 10 12 1 1 9 12 1 1 100 1 100 1 100 1 1 1 1 3 1 3 1 3 1 3 1 1 1 1 1 3 1 1 3 1 3 1 3 1 3 1 3 1 3 1 3 1 3 1 3 1 3 1 3 1 3 1 3 1 3 1 3 1 3 1 3 1 3 1 3 1 3 1 3 1 3 1 3 1 3 1 3 1 3 1 3 1 3 1 1 1 1 1 1 1 1 1 1 1 1 1 1 1 1 1 1 1 3 1 1 1 1 1 1 1 3 1 1 3 1 1 1 1 1 3 1 1 5 0 1 1 1 1 1 1 1 1 1 1 1 1 1 1 1 1 1 1 1 1 1 1 1 1 1 1 1 1 1 1 1 1 1 1 1 1 1 1 1 1 1 1 1 1 1 1 1 1 1 1 1 1 1 1 1 1 1 1 1 1 1 1 1 1 1 1 1 1 1 1 1 1 1 1 1 1 1 1 1 1 1 1 1 1 1 1 1 1 1 100 1 100 1 1 1 1 1 1
staticfield java/lang/Character TYPE Ljava/lang/Class; java/lang/Class
staticfield java/lang/Character $assertionsDisabled Z 1
ciInstanceKlass java/lang/Float 1 1 277 7 1 100 1 10 100 12 1 1 1 10 100 12 1 1 1 4 100 1 10 12 1 1 10 12 1 1 8 1 8 1 10 100 12 1 1 1 10 12 1 1 10 12 1 1 10 100 1 4 10 7 12 1 1 9 12 1 1 10 12 1 1 10 12 1 10 10 12 1 1 10 12 1 10 12 1 3 3 100 1 4 4 4 3 10 12 1 1 9 12 1 1 100 1 10 3 3 4 4 10 12 1 3 3 3 10 12 1 1 10 12 1 1 10 12 1 10 100 12 1 1 1 10 12 1 1 10 12 1 1 10 7 12 1 1 1 8 1 10 12 1 1 9 12 1 1 100 1 100 1 100 1 1 1 1 4 1 4 1 1 1 4 1 1 3 1 3 1 3 1 3 1 3 1 1 1 1 5 0 1 1 1 1 1 1 1 1 1 1 100 1 1 1 1 1 1 1 1 1 1 1 1 1 1 1 1 1 1 1 1 1 1 1 1 1 1 1 1 1 1 1 1 1 1 1 1 1 1 1 1 1 1 1 1 1 1 1 1 1 1 1 1 1 1 1 1 1 1 1 1 1 1 1 1 1 1 1 1 1 1 1 1 1 100 1 1 1 1 1 1 1 100 1 100 1 1
staticfield java/lang/Float TYPE Ljava/lang/Class; java/lang/Class
staticfield java/lang/Float $assertionsDisabled Z 1
instanceKlass java/math/BigInteger
instanceKlass java/util/concurrent/atomic/AtomicLong
instanceKlass java/util/concurrent/atomic/AtomicInteger
instanceKlass java/lang/Long
instanceKlass java/lang/Integer
instanceKlass java/lang/Short
instanceKlass java/lang/Byte
instanceKlass java/lang/Double
instanceKlass java/lang/Float
ciInstanceKlass java/lang/Number 1 1 37 10 7 12 1 1 1 10 100 12 1 1 1 100 1 1 1 1 5 0 1 1 1 1 1 1 1 1 1 1 1 1 1 1 1 1 1
ciInstanceKlass java/lang/Double 1 1 288 7 1 100 1 10 100 12 1 1 1 10 12 1 1 10 100 1 10 12 1 1 10 100 12 1 1 1 6 0 8 1 10 12 1 1 8 1 10 12 1 1 8 1 6 0 10 12 1 1 100 1 5 0 5 0 8 1 8 1 10 100 12 1 1 1 10 100 12 1 1 1 8 1 10 12 1 1 8 1 8 1 8 1 10 12 1 1 10 12 1 10 12 1 1 10 12 1 10 12 1 10 12 1 1 10 12 1 10 100 1 6 0 10 7 12 1 1 9 12 1 1 10 12 1 10 12 1 10 12 1 10 12 1 10 12 1 5 0 10 12 1 1 10 12 1 10 12 1 10 100 12 1 1 1 10 12 1 1 10 12 1 1 8 1 10 7 12 1 1 1 9 12 1 1 100 1 100 1 100 1 1 1 6 0 1 6 0 1 6 0 1 1 1 6 0 1 1 3 1 3 1 3 1 3 1 3 1 1 1 1 5 0 1 1 1 1 1 1 1 1 1 1 1 1 1 1 1 1 100 1 1 1 1 1 1 1 1 1 1 1 1 1 1 1 1 1 1 1 1 1 1 1 1 1 1 1 1 1 1 1 1 1 1 1 1 1 1 1 1 1 1 1 1 1 100 1 1 1 1 1 1 1 100 1 100 1 1
staticfield java/lang/Double TYPE Ljava/lang/Class; java/lang/Class
ciInstanceKlass java/lang/Byte 1 1 212 7 1 100 1 10 100 12 1 1 1 9 12 1 1 8 1 9 12 1 1 100 1 10 12 1 1 10 12 1 1 10 100 12 1 1 1 10 100 12 1 1 1 9 7 12 1 1 1 10 12 1 1 100 1 100 1 10 12 1 1 8 1 10 12 1 1 8 1 10 12 1 10 12 1 10 12 1 10 12 1 1 10 12 1 10 12 1 10 12 1 1 10 8 1 8 1 10 7 1 9 12 1 1 10 12 1 1 10 12 1 1 10 12 1 1 10 12 1 5 0 10 12 1 1 8 1 10 7 12 1 1 1 9 12 1 1 100 1 100 1 1 1 3 1 3 1 1 1 1 3 1 3 1 1 5 0 1 1 1 1 1 1 1 1 1 1 1 1 1 1 1 1 1 1 1 1 1 1 1 1 1 1 1 1 1 1 1 1 1 1 1 1 1 1 1 1 1 1 1 1 1 1 1 1 1 1 1 1 1 1 1
staticfield java/lang/Byte TYPE Ljava/lang/Class; java/lang/Class
ciInstanceKlass java/lang/Short 1 1 220 7 1 100 1 100 1 10 100 12 1 1 1 10 12 1 1 100 1 100 1 10 12 1 1 8 1 10 12 1 1 8 1 10 12 1 10 12 1 10 12 1 10 12 1 1 10 12 1 1 10 12 1 9 12 1 1 8 1 9 12 1 1 100 1 10 12 1 1 10 12 1 10 100 12 1 1 1 10 100 12 1 1 1 9 7 12 1 1 1 10 12 1 10 12 1 1 10 8 1 8 1 10 7 1 9 12 1 1 10 12 1 1 10 12 1 1 10 12 1 1 10 12 1 3 3 5 0 10 12 1 1 8 1 10 7 12 1 1 1 9 12 1 1 100 1 100 1 1 1 3 1 3 1 1 1 1 3 1 3 1 1 5 0 1 1 1 1 1 1 1 1 1 1 1 1 1 1 1 1 1 1 1 1 1 1 1 1 1 1 1 1 1 1 1 1 1 1 1 1 1 1 1 1 1 1 1 1 1 1 1 1 1 1 1 1 1 1 1 1
staticfield java/lang/Short TYPE Ljava/lang/Class; java/lang/Class
ciInstanceKlass java/lang/Integer 1 1 436 7 1 100 1 7 1 7 1 10 12 1 1 9 12 1 1 9 12 1 1 10 100 12 1 1 1 10 12 1 1 10 100 12 1 1 1 10 10 12 1 1 10 100 12 1 1 1 10 12 1 10 12 1 1 10 7 12 1 1 1 10 12 1 1 10 12 1 1 10 12 1 10 7 12 1 1 10 12 1 1 10 12 1 10 12 1 100 1 8 1 10 12 1 8 1 100 1 10 12 1 1 10 12 1 1 8 1 10 12 1 1 8 1 10 12 1 1 10 12 1 1 10 12 1 1 3 3 10 7 12 1 1 1 11 7 1 10 12 1 1 11 10 12 1 1 10 12 1 1 8 1 10 12 1 10 12 1 8 1 100 1 10 12 1 8 1 10 12 1 1 10 12 1 8 1 10 12 1 10 12 1 7 1 9 12 1 1 9 12 1 1 10 12 1 10 7 1 9 12 1 10 12 1 10 12 1 10 12 1 1 10 12 1 1 10 7 12 1 1 1 10 12 1 1 8 1 8 1 10 12 1 1 8 1 8 1 8 1 8 1 8 1 8 1 10 12 1 10 12 1 10 12 1 5 0 3 3 3 3 10 12 1 10 12 1 3 10 12 1 10 100 12 1 1 1 10 12 1 1 10 12 1 1 8 1 10 7 12 1 1 1 9 12 1 1 100 1 100 1 100 1 1 1 1 3 1 1 1 1 1 3 1 3 1 1 5 0 1 1 1 1 1 1 1 1 1 100 1 1 1 1 1 1 1 1 1 1 1 1 1 1 1 1 1 1 1 1 1 1 1 1 1 1 1 1 1 1 1 1 1 1 1 1 1 1 1 1 1 1 1 1 1 1 1 1 1 1 1 1 1 1 1 1 1 1 1 1 1 1 1 1 1 1 1 1 1 1 1 1 1 1 1 1 1 1 1 1 1 1 1 1 1 1 1 1 1 1 1 1 1 100 1 1 1 1 1 1 1 1 1 100 1 100 1 1
staticfield java/lang/Integer TYPE Ljava/lang/Class; java/lang/Class
staticfield java/lang/Integer digits [B 36
ciInstanceKlass java/lang/Long 1 1 498 7 1 100 1 7 1 100 1 10 12 1 1 9 12 1 1 9 7 12 1 1 1 10 100 12 1 1 1 10 12 1 1 10 100 12 1 1 1 10 10 12 10 12 1 10 12 1 10 12 1 5 0 5 0 100 1 10 12 1 1 10 12 1 1 10 12 1 10 12 1 10 12 1 10 12 1 1 10 100 12 1 1 10 12 1 10 12 1 1 10 12 1 1 10 12 1 1 10 12 1 1 10 100 12 1 1 1 10 12 1 1 10 12 1 10 12 1 10 7 12 1 1 10 12 1 1 10 12 1 10 12 1 100 1 8 1 10 12 1 8 1 100 1 10 12 1 10 12 1 1 8 1 10 12 1 1 8 1 10 12 1 1 10 12 1 1 10 12 1 1 5 0 5 0 10 100 12 1 1 1 11 100 1 10 12 1 1 11 10 12 1 1 10 12 1 1 8 1 5 0 10 12 1 1 10 12 1 1 8 1 8 1 10 12 1 8 1 10 12 1 10 12 1 5 0 5 0 9 7 12 1 1 1 10 12 1 10 12 1 1 8 1 8 1 10 12 1 1 8 1 8 1 8 1 8 1 8 1 8 1 10 12 1 10 12 1 10 7 1 9 12 1 1 10 12 1 10 12 1 1 10 12 1 1 10 100 12 1 1 1 10 12 1 1 10 12 1 10 12 1 10 12 1 5 0 5 0 5 0 10 12 1 1 10 12 1 5 0 5 0 10 12 10 12 1 10 100 12 1 1 1 10 12 1 1 10 12 1 1 8 1 10 7 12 1 1 1 9 12 1 1 100 1 100 1 100 1 1 1 1 5 0 1 1 1 1 3 1 3 1 5 0 1 1 1 1 1 1 1 1 1 100 1 1 1 1 1 1 1 1 1 1 1 1 1 1 1 1 1 1 1 1 1 1 1 1 1 1 1 1 1 1 1 1 1 1 1 1 1 1 1 1 1 1 1 1 1 1 1 1 1 1 1 1 1 1 1 1 1 1 1 1 1 1 1 1 1 1 1 1 1 1 1 1 1 1 1 1 1 1 1 1 1 1 1 1 1 1 1 1 1 1 1 1 1 1 1 1 1 1 1 1 100 1 1 1 1 1 1 1 1 1 100 1 100 1 1
staticfield java/lang/Long TYPE Ljava/lang/Class; java/lang/Class
ciInstanceKlass java/lang/Void 1 1 31 10 100 12 1 1 1 8 1 10 7 12 1 1 1 9 7 12 1 1 1 1 1 1 1 1 1 1 1 1 1
staticfield java/lang/Void TYPE Ljava/lang/Class; java/lang/Class
ciInstanceKlass jdk/internal/vm/vector/VectorSupport 0 0 597 100 1 10 100 12 1 1 1 9 12 1 1 10 100 12 1 1 1 100 1 10 12 1 11 100 12 1 1 1 11 100 12 1 1 1 11 100 12 1 1 1 11 100 12 1 1 11 100 12 1 1 11 100 12 1 1 11 100 12 1 1 11 100 12 1 1 11 100 12 1 1 11 100 12 1 1 11 100 12 1 1 1 11 100 12 1 1 11 100 12 1 1 1 11 100 12 1 1 1 11 100 12 1 1 11 100 12 1 1 1 11 100 12 1 1 100 1 10 12 1 1 11 100 12 1 1 11 100 12 1 1 11 100 12 1 1 11 100 1 11 100 12 1 1 11 100 12 1 1 11 100 12 1 1 9 12 1 1 10 100 12 1 1 11 100 12 1 1 10 100 12 1 1 1 10 100 12 1 1 10 12 1 1 10 12 1 1 1 1 1 3 1 3 1 3 1 3 1 3 1 3 1 3 1 3 1 3 1 3 1 3 1 3 1 3 1 3 1 3 1 3 1 3 1 3 1 3 1 3 1 3 1 3 1 3 1 3 1 3 1 3 1 3 1 3 1 3 1 3 1 3 1 3 1 3 1 3 1 3 1 3 1 3 1 3 1 3 1 3 1 3 1 3 1 3 1 3 1 3 1 3 1 3 1 3 1 3 1 3 1 3 1 3 1 3 1 1 1 3 1 3 1 3 1 3 1 3 1 3 1 1 1 1 1 1 1 1 1 1 1 1 1 1 1 1 1 1 1 1 1 1 1 1 1 1 1 1 1 1 1 1 1 1 1 1 1 1 1 1 1 1 1 1 1 1 1 1 1 1 1 1 1 1 1 1 1 1 1 1 1 1 1 1 1 1 1 1 1 1 1 1 1 1 1 1 1 1 1 1 1 1 1 1 1 1 1 1 1 1 1 1 1 1 1 1 1 1 1 1 1 1 1 1 1 1 1 1 1 1 1 1 1 1 1 1 1 1 1 1 1 1 1 1 1 1 1 1 1 1 1 1 1 1 1 1 1 1 1 1 1 1 1 1 1 1 1 1 1 1 1 1 1 1 1 1 1 1 1 1 1 1 1 1 1 1 1 1 1 1 1 1 1 1 1 1 1 1 1 1 1 1 1 1 1 1 1 1 1 1 1 1 1 1 1 1 1 1 1 1 1 1 1 1 1 1 1 1 1 1 1 1 1 1 1 1 1 1 1 1 1 1 1 1 1 1 1 1 1 1 1 1 1 1 1 1 1 1 1 1 1 1 1 1 1 1 1 100 1 100 1 100 1 100 1 100 1 1 1 1 1 1 1 1 1 1 1 1 1 1 1 1 1 1 1 1 1 1 1 1 1 1 1 1 1 1 1
instanceKlass jdk/internal/vm/vector/VectorSupport$VectorShuffle
instanceKlass jdk/internal/vm/vector/VectorSupport$VectorMask
instanceKlass jdk/internal/vm/vector/VectorSupport$Vector
ciInstanceKlass jdk/internal/vm/vector/VectorSupport$VectorPayload 0 0 32 10 100 12 1 1 1 9 100 12 1 1 1 10 100 12 1 1 1 1 1 1 1 1 1 1 1 1 1 1 1 1
ciInstanceKlass jdk/internal/vm/vector/VectorSupport$Vector 0 0 28 10 100 12 1 1 1 100 1 1 1 1 1 1 1 1 1 1 1 1 1 1 1 100 1 1 1 1
ciInstanceKlass jdk/internal/vm/vector/VectorSupport$VectorMask 0 0 28 10 100 12 1 1 1 100 1 1 1 1 1 1 1 1 1 1 1 1 1 1 1 100 1 1 1 1
ciInstanceKlass jdk/internal/vm/vector/VectorSupport$VectorShuffle 0 0 28 10 100 12 1 1 1 100 1 1 1 1 1 1 1 1 1 1 1 1 1 1 1 100 1 1 1 1
ciInstanceKlass jdk/internal/vm/FillerObject 0 0 16 10 100 12 1 1 1 100 1 1 1 1 1 1 1 1
instanceKlass java/lang/ref/PhantomReference
instanceKlass java/lang/ref/FinalReference
instanceKlass java/lang/ref/WeakReference
instanceKlass java/lang/ref/SoftReference
ciInstanceKlass java/lang/ref/Reference 1 1 198 9 7 12 1 1 1 9 7 12 1 1 10 12 1 1 10 12 1 1 9 12 1 1 10 12 1 1 9 12 1 1 9 12 1 1 7 1 10 12 1 10 7 12 1 1 10 12 1 10 12 1 1 10 12 1 7 1 8 1 10 12 1 1 7 1 10 12 1 1 10 12 1 1 10 12 1 7 1 10 12 10 7 12 1 1 1 9 12 1 10 12 1 1 10 12 1 10 12 1 10 12 1 9 12 1 100 1 100 1 10 9 12 1 9 12 1 100 1 10 10 12 1 10 10 7 12 1 1 10 12 1 1 1 1 1 1 1 1 1 1 1 1 1 1 1 1 1 100 1 1 1 100 1 1 1 1 1 1 1 1 1 1 1 1 1 1 1 1 1 1 1 1 1 1 1 1 1 1 1 1 1 1 1 1 1 1 1 1 1 100 1 100 1 100 1 1 1
staticfield java/lang/ref/Reference processPendingLock Ljava/lang/Object; java/lang/Object
staticfield java/lang/ref/Reference $assertionsDisabled Z 1
instanceKlass com/intellij/reference/SoftReference
instanceKlass java/lang/invoke/LambdaFormEditor$Transform
instanceKlass jdk/internal/util/SoftReferenceKey
ciInstanceKlass java/lang/ref/SoftReference 1 1 50 10 7 12 1 1 1 9 7 12 1 1 1 9 12 1 10 12 1 10 12 1 1 1 1 1 1 1 1 1 1 1 1 1 1 1 1 1 1 1 1 1 1 100 1 1 1 1 1 1
instanceKlass com/intellij/util/containers/IntKeyWeakValueHashMap$MyReference
instanceKlass java/lang/WeakPairMap$WeakRefPeer
instanceKlass java/util/logging/Level$KnownLevel
instanceKlass jdk/internal/util/WeakReferenceKey
instanceKlass java/lang/ThreadLocal$ThreadLocalMap$Entry
instanceKlass java/util/WeakHashMap$Entry
ciInstanceKlass java/lang/ref/WeakReference 1 1 34 10 7 12 1 1 1 10 12 1 100 1 1 1 1 1 1 1 1 1 1 1 1 1 1 1 1 1 1 1 1 1 1 1
instanceKlass java/lang/ref/Finalizer
ciInstanceKlass java/lang/ref/FinalReference 1 1 50 10 7 12 1 1 1 10 100 12 1 1 1 10 12 1 1 100 1 8 1 10 12 1 1 1 1 1 1 1 1 1 1 1 1 1 1 1 1 1 1 1 1 1 1 1 1 1 100 1
instanceKlass jdk/internal/ref/PhantomCleanable
instanceKlass jdk/internal/ref/Cleaner
ciInstanceKlass java/lang/ref/PhantomReference 1 1 47 10 7 12 1 1 1 10 12 1 1 10 7 12 1 1 1 1 1 1 1 1 1 1 1 1 1 1 1 1 1 1 1 1 1 1 1 1 1 1 1 1 1 1 1 1 1
ciInstanceKlass java/lang/ref/Finalizer 1 1 177 9 7 12 1 1 1 10 7 12 1 1 1 9 12 1 1 9 12 1 1 9 12 1 9 12 1 9 12 1 1 10 12 1 100 1 8 1 10 12 1 10 12 1 1 9 12 1 100 1 10 12 1 100 1 11 100 12 1 1 10 12 1 100 1 10 12 1 10 7 12 1 1 1 10 12 1 1 10 100 12 1 1 8 1 10 12 1 10 12 1 10 12 1 100 1 10 12 1 10 100 12 1 1 1 100 1 10 10 12 1 1 7 1 10 12 1 10 12 1 1 10 12 1 1 10 7 12 1 1 1 7 1 10 7 1 10 10 12 1 1 1 1 1 1 1 1 1 1 1 1 1 1 1 1 1 1 1 1 1 1 1 1 1 1 100 1 1 1 1 1 1 1 1 1 1 1
staticfield java/lang/ref/Finalizer lock Ljava/lang/Object; java/lang/Object
staticfield java/lang/ref/Finalizer ENABLED Z 1
staticfield java/lang/ref/Finalizer $assertionsDisabled Z 1
instanceKlass java/lang/reflect/Executable
instanceKlass java/lang/reflect/Field
ciInstanceKlass java/lang/reflect/AccessibleObject 1 1 374 10 7 12 1 1 1 10 100 12 1 1 1 10 7 12 1 1 1 10 12 1 1 9 12 1 1 7 1 10 7 12 1 1 1 11 12 1 100 1 10 12 1 7 1 100 1 10 12 1 1 10 12 1 1 10 12 1 1 10 12 1 1 10 12 1 1 7 1 10 7 12 1 1 1 10 12 1 1 11 10 7 12 1 1 1 10 12 1 1 10 12 1 10 12 1 10 12 1 1 10 12 1 8 1 100 1 100 1 10 10 12 1 1 8 1 10 12 1 10 12 1 8 1 8 1 8 1 8 1 8 1 8 1 8 1 8 1 8 1 100 1 10 12 1 10 12 1 9 100 12 1 1 1 10 12 1 1 10 12 1 10 100 1 100 1 8 1 10 8 1 10 12 1 8 1 10 12 1 10 12 1 1 10 100 1 8 1 10 11 7 12 1 1 1 10 12 1 1 10 12 1 1 10 12 1 1 9 12 1 1 100 1 10 12 1 7 1 10 12 1 10 12 1 1 10 100 1 10 12 1 10 12 10 12 1 10 12 1 10 12 1 1 10 12 1 9 12 1 10 100 12 1 1 8 1 10 12 1 1 8 1 10 100 12 1 1 1 9 12 1 100 1 10 7 1 10 10 7 12 1 1 1 10 7 12 1 1 1 9 12 1 1 1 1 1 1 1 1 1 1 1 1 1 1 1 1 1 1 1 1 1 1 1 1 1 1 1 1 1 1 1 1 1 1 1 1 1 1 1 1 1 1 1 1 1 1 1 1 1 1 1 1 1 1 1 1 1 1 1 1 1 1 1 1 1 1 1 1 1 1 1 1 1 1 1 1 1 1 1 1 1 1 1
staticfield java/lang/reflect/AccessibleObject reflectionFactory Ljdk/internal/reflect/ReflectionFactory; jdk/internal/reflect/ReflectionFactory
ciInstanceKlass java/lang/reflect/Method 1 1 468 9 7 12 1 1 1 10 100 12 1 1 1 10 100 12 1 1 9 12 1 1 9 12 1 1 10 12 1 1 10 12 1 1 10 12 1 1 10 100 12 1 1 10 7 12 1 1 1 9 12 1 1 9 12 1 9 12 1 1 9 12 1 9 12 1 9 12 1 1 9 12 1 9 12 1 1 9 12 1 9 12 1 100 1 8 1 10 12 1 10 12 1 9 12 1 1 10 7 12 1 1 1 10 12 1 1 10 12 1 1 10 12 1 10 12 1 1 9 100 12 1 1 1 10 12 1 1 10 12 10 100 12 1 1 10 12 1 1 10 12 1 10 12 1 10 12 1 10 7 12 1 1 1 10 12 1 1 9 12 1 10 7 1 10 7 12 1 1 1 10 7 12 1 1 10 12 1 1 10 12 1 1 10 12 1 10 7 12 1 1 1 10 12 1 10 8 1 10 12 1 10 12 1 7 1 8 1 8 1 8 1 10 12 1 10 12 1 1 10 12 1 1 10 10 12 1 1 10 12 1 11 100 1 10 12 1 9 12 1 1 10 12 1 1 10 12 1 10 12 1 1 10 12 1 1 11 7 12 1 1 1 11 12 1 9 12 1 1 10 12 1 10 12 1 10 12 1 10 12 1 10 12 1 10 12 1 9 12 1 1 10 7 12 1 1 1 10 7 12 1 1 10 12 1 1 10 7 12 1 1 1 10 7 12 1 1 1 10 7 12 1 1 1 11 7 12 1 1 1 10 7 12 1 1 1 7 1 100 1 100 1 10 12 1 10 12 1 1 10 12 1 100 1 8 1 10 12 1 10 10 12 1 1 10 12 1 1 10 12 1 1 10 12 1 1 8 1 10 12 1 1 1 1 1 1 1 1 1 1 1 1 1 1 1 1 1 1 1 1 1 1 1 1 1 1 1 1 1 1 1 1 1 1 1 1 1 1 1 1 1 1 1 1 1 1 1 1 1 1 1 1 1 100 1 100 1 100 1 1 1 1 1 1 1 1 1 1 1 1 1 1 1 1 1 1 1 1 1 1 1 1 1 1 1 1 1 1
ciInstanceKlass java/lang/reflect/Member 1 1 37 100 1 10 12 1 1 100 1 100 1 1 1 1 3 1 3 1 1 1 1 1 1 1 1 1 1 1 1 1 1 1 1 1 1 1 1
instanceKlass java/lang/reflect/Constructor
instanceKlass java/lang/reflect/Method
ciInstanceKlass java/lang/reflect/Executable 1 1 587 10 7 12 1 1 1 10 7 12 1 1 1 10 7 12 1 1 1 11 7 12 1 1 1 10 7 12 1 1 1 10 12 1 1 10 7 12 1 1 1 10 7 12 1 1 1 10 12 1 8 1 10 10 12 1 1 10 12 1 1 10 100 12 1 1 1 18 12 1 1 11 100 12 1 1 1 8 1 8 1 8 1 10 100 12 1 1 1 11 12 1 1 100 1 8 1 8 1 10 12 1 100 1 8 1 10 12 1 8 1 11 100 12 1 1 1 100 1 11 100 12 1 1 1 11 12 1 8 1 18 8 1 10 12 1 10 12 1 1 18 8 1 10 12 1 100 1 10 12 1 10 12 1 11 12 1 10 12 1 1 8 1 8 1 10 12 1 1 10 12 1 1 10 10 12 1 9 12 1 1 9 100 12 1 1 1 10 100 12 1 1 1 10 12 1 10 12 1 1 10 100 12 1 1 10 12 1 10 12 1 10 12 1 10 7 12 1 1 100 1 10 100 12 1 1 1 10 12 1 1 10 7 12 1 1 10 12 1 10 12 1 1 9 7 12 1 1 1 10 7 10 12 1 8 1 10 12 1 10 12 1 3 100 1 8 1 10 12 1 10 12 1 10 10 12 1 10 12 1 1 8 1 8 1 8 1 9 12 1 1 9 12 1 10 12 1 100 1 8 1 10 12 1 10 12 1 10 12 1 1 10 12 1 1 10 12 1 10 12 10 12 1 100 1 10 12 1 10 12 1 1 100 1 10 100 12 1 1 1 7 1 10 7 12 1 1 1 10 12 1 1 11 7 12 1 1 10 12 1 10 100 12 1 1 1 10 12 1 1 9 12 1 10 12 1 1 10 12 1 10 12 1 1 9 100 12 1 1 1 10 100 12 1 1 1 10 12 1 10 12 1 1 9 12 1 10 10 10 10 100 12 1 1 1 10 12 1 9 12 1 10 12 1 1 9 12 1 100 1 100 1 1 1 1 1 1 1 1 1 1 1 1 1 1 1 1 1 1 1 1 1 1 1 1 1 1 1 1 1 1 1 1 1 1 1 1 100 1 1 1 1 1 1 1 1 1 1 1 1 1 1 1 1 1 1 1 100 1 1 1 1 1 1 1 1 1 1 1 1 1 1 1 1 1 1 1 1 1 1 1 1 1 1 1 1 1 1 1 1 1 1 1 1 1 1 1 1 1 1 1 100 1 1 1 1 1 1 1 1 1 1 1 1 1 1 1 1 1 1 1 1 1 1 100 1 1 16 15 16 1 16 1 15 10 12 16 15 10 100 12 1 1 1 1 100 1 1 1 100 1 1 100 1 100 1 1
ciInstanceKlass java/lang/reflect/Constructor 1 1 437 10 100 12 1 1 1 10 100 12 1 1 9 7 12 1 1 1 9 12 1 1 10 12 1 1 10 12 1 1 10 12 1 1 10 100 12 1 1 10 7 12 1 1 1 9 12 1 1 9 12 1 1 9 12 1 9 12 1 1 9 12 1 9 12 1 1 9 12 1 1 9 12 1 100 1 8 1 10 12 1 10 12 1 9 12 1 1 10 7 12 1 1 1 10 12 1 1 10 12 1 1 10 12 1 7 1 100 1 8 1 10 10 12 1 10 12 1 10 12 1 1 9 100 12 1 1 1 10 7 12 1 1 10 12 1 1 10 12 1 10 12 1 1 10 100 12 1 1 1 10 100 12 1 1 10 12 1 1 10 12 1 10 100 12 1 1 1 8 1 10 10 12 1 100 1 8 1 10 12 1 10 12 1 1 10 12 1 1 10 12 1 10 12 1 10 12 1 1 10 12 1 1 9 12 1 1 10 12 1 1 10 12 1 1 10 12 1 1 11 7 12 1 1 1 10 12 1 1 10 12 1 10 12 1 10 12 1 8 1 9 12 1 1 10 7 12 1 1 1 10 7 12 1 1 10 12 1 1 10 12 1 1 10 12 1 1 10 12 1 1 10 12 1 9 100 12 1 1 10 12 1 10 12 1 10 12 1 100 1 8 1 10 10 12 1 1 10 12 1 10 10 12 1 1 10 12 1 1 10 100 12 1 1 1 11 100 12 1 1 1 10 12 1 1 9 100 12 1 1 1 10 100 12 1 1 1 10 12 1 1 1 1 1 1 1 1 1 1 1 1 1 1 1 1 1 1 1 1 1 1 1 1 1 1 1 1 1 1 1 1 1 1 1 1 1 1 1 1 1 1 1 1 1 1 1 1 1 1 1 1 1 1 1 1 100 1 100 1 100 1 100 1 1 1 1 1 1 1 1 1 1 1 1 1 1 1 1 1 1 1 1 1 1 1 1 1 1 1 1 1 1 1 1 100 1 1
ciInstanceKlass java/lang/reflect/Field 1 1 454 9 7 12 1 1 1 10 12 1 1 10 100 12 1 1 1 10 100 12 1 1 9 12 1 1 9 12 1 1 10 12 1 1 10 12 1 1 10 12 1 1 10 100 12 1 1 10 7 12 1 1 1 9 12 1 1 9 12 1 9 12 1 9 12 1 1 9 12 1 1 9 12 1 9 12 1 1 100 1 8 1 10 12 1 10 12 1 9 12 1 1 9 12 1 10 7 12 1 1 10 12 1 1 10 12 1 1 10 12 1 9 12 1 1 10 12 1 1 9 100 12 1 1 1 10 7 12 1 1 1 7 1 10 12 1 1 10 12 1 1 10 12 1 10 12 1 10 7 1 10 100 12 1 1 100 1 10 8 1 10 12 1 1 10 12 1 1 8 1 10 12 10 12 1 8 1 8 1 10 11 100 1 9 12 1 10 12 1 1 10 12 1 1 11 7 12 1 1 1 10 12 1 11 12 1 1 11 12 1 1 11 12 1 1 11 12 1 1 11 12 1 1 11 12 1 1 11 12 1 1 11 12 1 1 11 12 1 1 11 12 1 1 11 12 1 1 11 12 1 1 11 12 1 1 11 12 1 1 11 12 1 1 11 12 1 1 11 12 1 1 10 12 1 10 100 12 1 1 10 12 1 10 12 1 10 12 1 10 12 1 1 10 12 1 1 10 12 1 10 7 12 1 1 10 12 1 1 11 7 1 10 12 1 7 1 10 7 12 1 1 1 10 7 12 1 1 1 9 12 1 10 7 12 1 1 1 11 7 12 1 1 1 10 12 1 1 10 12 1 1 9 100 12 1 1 10 100 12 1 1 1 10 12 1 1 100 1 1 1 1 1 1 1 1 1 1 1 1 1 1 1 1 1 1 1 1 1 1 1 1 1 1 1 1 1 1 1 1 1 1 1 1 1 1 1 100 1 1 1 1 1 1 1 1 1 1 1 1 1 1 1 1 1 1 1 1 1 1 1 1 1 1 1 1 1 1 1 1 100 1 1 1 1 1 1 1 1 100 1 1 100 1 1
ciInstanceKlass java/lang/reflect/Parameter 1 1 256 10 7 12 1 1 1 9 7 12 1 1 1 9 12 1 1 9 12 1 1 9 12 1 10 12 1 1 10 12 1 1 10 100 12 1 1 1 100 1 10 10 12 1 1 11 100 12 1 1 1 10 12 1 10 100 12 1 1 1 10 12 1 1 10 12 1 10 12 1 8 1 8 1 10 100 12 1 1 1 10 12 1 10 12 9 100 12 1 1 1 9 100 12 1 1 1 10 12 1 1 10 12 1 1 10 100 12 1 1 1 10 12 1 8 1 10 12 1 9 12 1 1 10 12 1 1 9 12 1 1 10 12 1 1 10 12 1 1 10 12 1 1 10 12 1 10 10 12 1 10 100 12 1 1 1 10 12 1 1 11 100 12 1 1 10 100 12 1 1 100 1 10 100 12 1 1 1 10 12 1 1 10 12 1 1 10 12 1 1 10 12 1 1 9 12 1 100 1 10 11 12 1 11 12 1 1 100 1 1 1 1 1 1 1 1 1 1 1 1 1 1 1 1 1 1 1 1 1 1 1 1 1 1 1 1 1 1 1 1 1 1 1 1 1 1 1 100 1 1 1 1 1 100 1 1
ciInstanceKlass java/lang/reflect/RecordComponent 0 0 196 10 100 12 1 1 1 9 100 12 1 1 1 9 12 1 1 9 12 1 10 12 1 1 10 12 1 1 10 100 12 1 1 1 10 12 1 1 9 12 1 1 10 12 1 1 10 12 1 1 10 12 1 10 100 12 1 1 10 100 12 1 1 9 12 1 1 10 100 12 1 1 1 11 100 12 1 1 1 10 9 100 12 1 1 1 10 100 12 1 1 1 9 12 1 1 10 100 12 1 1 1 10 12 1 1 11 100 12 1 1 10 100 12 1 1 100 1 9 12 1 9 12 1 1 9 12 1 10 100 12 1 1 1 10 12 1 1 10 12 1 1 100 1 10 10 12 1 10 12 1 1 8 1 10 12 1 10 12 1 9 12 1 100 1 1 1 1 1 1 1 1 1 1 1 1 1 1 1 1 1 1 1 1 1 1 100 1 1 1 1 1 1 100 1 1
ciInstanceKlass java/lang/StringBuffer 0 0 487 10 100 12 1 1 1 10 12 1 10 12 1 10 12 1 1 9 100 12 1 1 1 10 12 1 1 10 12 1 10 12 1 1 9 12 1 1 10 12 1 10 12 1 1 10 12 1 1 10 12 1 10 12 1 1 10 12 1 10 12 1 1 10 12 1 1 10 100 12 1 1 1 10 12 1 1 10 12 1 10 12 1 10 12 1 10 12 1 10 12 1 10 12 1 10 12 1 10 12 1 10 12 1 10 12 1 10 12 1 10 12 1 10 12 1 10 12 1 1 10 12 1 10 12 1 1 10 12 1 1 10 10 12 1 1 10 12 1 10 12 1 10 12 1 10 12 1 10 12 1 10 12 1 10 12 10 12 1 10 12 1 10 12 1 10 12 1 1 10 12 1 10 12 1 10 10 12 1 1 10 12 1 10 12 1 10 12 1 8 1 10 12 1 10 10 100 12 1 1 1 10 10 12 1 1 9 12 1 1 10 100 12 1 1 10 100 1 8 10 100 12 1 1 1 8 10 12 1 8 1 10 12 1 10 12 1 10 100 12 1 1 1 10 100 12 1 1 1 100 1 10 12 100 1 8 1 10 10 12 1 1 10 12 1 1 10 12 1 10 12 1 10 12 1 1 10 12 1 10 12 1 10 12 1 10 12 1 10 12 1 10 12 10 12 1 10 12 1 10 12 1 10 12 1 10 12 1 10 12 1 10 12 1 10 12 1 10 12 1 10 12 1 10 12 10 12 10 12 1 10 12 1 10 12 1 10 12 10 12 1 10 12 1 10 12 1 10 12 1 10 12 1 10 12 1 10 12 1 10 12 1 10 12 1 10 12 1 10 12 1 100 1 10 12 1 9 100 12 1 1 1 9 100 1 9 12 1 1 100 1 100 1 100 1 100 1 1 1 1 5 0 1 1 1 1 1 1 1 1 1 1 1 1 1 1 1 1 1 1 1 1 1 1 1 1 1 1 1 1 1 1 1 1 1 1 1 1 1 1 1 1 1 1 1 1 1 1 1 1 1 1 1 1 1 1 1 1 1 1 1 1 100 1 1 1 1 1 100 1 1 1 1 1 1 1 1 1 1 1 1 1 1 1 1 1 1
instanceKlass java/lang/StringBuilder
instanceKlass java/lang/StringBuffer
ciInstanceKlass java/lang/AbstractStringBuilder 1 1 662 7 1 10 7 12 1 1 1 9 7 12 1 1 1 9 12 1 9 12 1 1 9 12 1 1 10 7 12 1 1 1 10 12 1 1 100 1 3 3 10 12 1 10 12 1 1 10 12 1 1 11 7 1 100 1 100 1 10 8 1 10 12 1 10 12 1 10 12 1 1 10 12 1 10 12 1 9 12 1 10 12 1 9 12 1 1 10 7 12 1 1 1 10 10 12 1 10 12 1 10 12 1 1 9 12 1 100 1 8 1 10 12 1 10 12 1 1 8 1 10 7 12 1 1 1 10 12 1 1 8 1 10 7 12 1 1 1 100 1 8 1 10 100 1 10 12 1 10 12 1 1 10 100 12 1 1 1 10 12 1 1 10 12 1 1 10 12 1 1 10 12 1 1 10 7 12 1 1 1 10 12 1 100 1 10 10 100 12 1 1 1 9 12 1 1 9 12 1 10 12 1 1 10 10 12 1 1 10 12 1 1 10 12 1 1 10 12 1 1 10 12 1 1 10 12 1 1 10 12 1 1 10 12 1 10 10 10 12 1 10 12 1 1 10 8 1 10 12 1 1 10 12 1 10 12 1 10 12 1 10 10 7 12 1 1 1 10 12 1 1 10 12 1 10 12 1 10 12 1 10 12 100 1 9 12 1 1 9 12 1 10 12 1 1 100 1 9 12 1 9 12 10 12 1 10 12 1 1 10 12 1 1 10 12 1 10 12 1 1 10 12 1 10 12 1 1 10 12 1 1 10 10 7 12 1 1 1 10 12 1 10 12 1 10 12 1 1 10 12 1 10 12 1 1 10 12 1 10 12 1 10 12 1 10 12 1 10 12 1 10 12 1 10 12 1 10 12 1 1 10 12 1 10 12 1 10 12 10 12 1 1 18 12 1 1 100 1 10 100 12 1 1 1 18 10 12 1 1 10 12 1 1 10 12 1 10 12 1 10 12 1 1 10 12 1 10 12 1 1 11 12 1 1 10 12 1 10 12 1 1 10 12 1 10 12 1 10 12 1 10 5 0 10 100 1 8 1 10 10 12 1 1 10 100 12 1 1 1 10 12 1 10 12 1 1 100 1 10 12 100 1 10 100 1 10 10 7 12 1 1 100 1 1 1 1 1 1 1 1 1 1 1 100 1 1 1 1 1 1 1 1 1 1 1 1 1 1 1 1 1 1 1 1 1 1 1 1 1 1 1 1 1 1 1 1 1 1 1 1 1 1 1 1 1 1 1 1 1 1 1 1 1 1 1 1 100 1 1 1 1 1 1 1 1 1 1 1 1 1 1 1 1 1 1 1 1 1 1 1 1 1 1 1 1 1 1 1 1 1 1 1 1 1 1 1 1 1 1 1 1 1 1 1 1 1 1 1 1 1 1 1 1 1 1 1 1 1 1 1 100 1 1 1 1 1 1 100 1 1 1 1 1 1 100 1 1 16 1 15 10 12 16 15 10 12 15 10 100 12 1 1 1 1 1 1 1 100 1 100 1 1
staticfield java/lang/AbstractStringBuilder EMPTYVALUE [B 0
staticfield java/lang/AbstractStringBuilder $assertionsDisabled Z 1
ciInstanceKlass java/lang/StringBuilder 1 1 425 10 7 12 1 1 1 10 12 1 10 12 1 10 12 1 1 10 7 12 1 1 1 10 7 12 1 1 1 10 12 1 10 12 1 10 12 1 10 12 1 10 12 1 10 12 1 10 12 1 10 12 1 10 12 1 10 12 1 10 12 1 10 12 1 10 12 1 10 12 1 1 10 12 1 10 12 1 1 10 12 1 1 10 12 1 10 12 1 10 12 1 10 12 1 10 12 1 10 12 1 10 12 1 10 12 10 12 1 10 12 1 10 12 1 10 12 1 1 10 12 1 10 12 1 10 12 10 12 1 1 10 12 1 10 12 1 10 12 1 1 8 1 10 12 1 10 100 12 1 1 1 9 12 1 1 10 12 1 10 12 1 10 12 1 1 9 12 1 1 10 100 12 1 1 1 10 100 1 10 12 1 1 10 100 12 1 1 10 12 1 10 12 1 1 100 1 100 1 8 1 10 10 12 1 1 10 12 1 10 12 1 10 12 1 1 10 12 1 10 12 1 10 12 1 10 12 1 10 12 1 10 12 10 12 1 10 12 1 10 12 1 10 12 1 10 12 1 10 12 1 10 12 1 10 12 1 10 12 1 1 10 12 1 1 10 12 1 10 12 1 10 12 1 10 12 10 12 10 12 1 10 12 1 10 12 1 10 12 10 12 1 10 12 1 10 12 1 10 12 1 10 12 1 10 12 1 10 12 1 10 12 1 10 12 1 1 10 12 1 10 12 1 1 10 12 1 10 12 1 1 10 12 1 10 12 1 1 10 12 1 10 12 1 10 12 1 10 10 10 12 1 100 1 100 1 100 1 100 1 1 1 1 5 0 1 1 1 1 1 1 1 1 1 1 1 1 1 1 1 1 1 1 1 1 1 1 1 1 1 1 1 1 1 1 1 1 1 1 1 1 1 1 1 1 1 1 1 1 100 1 1 1 100 1 1 1 1 1 1 1 1 1 1 1
ciMethod java/lang/StringBuilder toString ()Ljava/lang/String; 104 0 32617 0 -1
ciMethod java/lang/StringBuilder <init> ()V 100 0 28522 0 -1
ciMethod java/lang/StringBuilder append (Ljava/lang/String;)Ljava/lang/StringBuilder; 298 0 50224 0 -1
ciMethod java/lang/StringBuilder append (C)Ljava/lang/StringBuilder; 630 0 33878 0 -1
ciInstanceKlass java/security/CodeSource 1 1 396 10 7 12 1 1 1 9 7 12 1 1 1 9 12 1 1 9 12 1 1 9 12 1 1 10 7 12 1 1 1 9 12 1 1 10 100 12 1 1 10 100 10 100 12 1 1 1 10 12 1 1 10 12 1 1 100 1 10 10 100 12 1 1 1 10 100 12 1 1 1 10 12 1 1 100 1 10 12 1 1 10 12 1 1 10 12 1 1 10 12 1 10 10 100 1 10 12 1 1 10 100 12 1 1 1 10 12 1 1 10 12 1 10 12 1 8 1 10 12 1 10 12 1 10 12 1 1 10 12 1 8 1 10 12 1 1 10 100 1 10 10 12 1 1 8 1 10 12 1 10 12 1 10 12 1 8 1 8 1 9 12 1 1 100 1 8 1 10 12 1 10 12 1 1 8 1 10 12 1 8 1 8 1 8 1 10 100 12 1 1 10 12 1 1 10 12 1 10 12 1 1 10 12 1 1 10 12 1 1 100 1 100 1 10 12 1 10 12 10 12 1 1 10 100 12 1 1 10 12 1 100 1 10 12 10 100 12 1 1 1 10 8 1 10 12 1 10 12 1 1 100 1 10 12 1 1 100 1 100 1 8 1 8 1 10 10 12 1 1 10 100 12 1 1 1 100 1 10 12 10 12 1 1 11 100 12 1 1 10 10 12 1 11 10 12 1 8 1 100 1 10 12 1 10 12 1 1 10 12 1 11 12 1 1 100 1 1 1 1 5 0 1 1 1 1 1 1 1 1 1 1 1 1 1 1 1 1 1 1 1 1 1 1 1 1 1 1 1 1 1 1 1 1 1 1 1 1 1 1 1 1 1 1 1 1 1 1 1 1 1 1 1 1 1 1 1 1 1 1 1 1 1 1 1 1 1 1 100 1 1 1 1 1 1 1
ciInstanceKlass java/security/ProtectionDomain 1 1 141 10 7 12 1 1 1 9 7 12 1 1 1 9 12 1 1 9 12 1 1 10 7 12 1 1 7 1 9 12 1 9 12 1 1 7 1 9 12 1 1 9 12 1 10 100 12 1 1 10 100 12 1 1 1 10 12 1 1 10 12 1 8 1 100 1 8 1 10 12 1 10 11 12 1 1 10 100 12 1 1 1 10 12 1 1 8 1 11 8 1 10 12 1 8 1 8 1 8 1 10 12 1 8 1 8 1 1 1 1 1 1 1 1 100 1 1 100 1 1 1 1 1 1 1 1 1 1 1 1 1 1 1 1 1 1 1 100 1 1 1
instanceKlass java/net/URLClassLoader
instanceKlass jdk/internal/loader/BuiltinClassLoader
ciInstanceKlass java/security/SecureClassLoader 1 1 99 10 7 12 1 1 1 7 1 10 12 1 9 7 12 1 1 1 10 12 1 10 12 1 10 12 1 1 10 12 1 1 10 12 1 7 1 10 7 1 10 12 1 7 1 10 12 1 11 7 12 1 1 1 7 1 11 12 1 10 12 1 1 1 1 1 1 1 1 1 1 1 1 1 1 1 1 1 1 1 1 1 1 1 1 1 1 1 1 1 1 1 1 1 1 1 1 1 1
ciInstanceKlass java/net/URL 1 1 736 10 7 12 1 1 1 10 12 1 10 7 12 1 1 9 12 1 1 9 12 1 10 12 1 1 9 12 1 1 10 7 12 1 1 1 8 1 10 12 1 1 100 1 10 10 12 1 1 8 1 10 12 1 1 9 12 1 100 1 8 1 10 12 1 10 12 1 8 1 9 12 1 10 12 1 1 9 12 1 10 12 1 10 12 1 9 12 1 9 12 1 8 1 9 12 1 10 12 1 1 8 1 9 12 1 1 10 12 1 1 10 7 12 1 1 1 8 1 10 12 1 7 1 10 12 1 10 12 1 10 12 1 10 12 1 1 10 12 1 1 8 1 10 12 1 1 10 12 1 8 1 9 12 1 8 1 10 12 1 10 7 12 1 1 1 100 1 10 12 1 10 12 1 1 10 7 12 1 1 1 100 1 8 1 10 10 12 1 8 1 10 12 1 1 10 12 1 10 12 1 10 12 1 10 12 1 10 12 1 10 12 1 8 1 10 12 1 8 1 10 10 100 1 10 10 12 1 8 1 10 7 12 1 1 1 10 12 1 9 12 1 1 10 12 1 10 100 12 1 1 1 100 1 10 12 1 10 12 1 10 12 1 10 12 1 10 12 1 10 12 10 10 12 1 8 1 100 1 10 100 12 1 1 1 10 12 1 1 10 12 1 10 12 1 1 8 1 9 100 12 1 1 1 10 100 12 1 1 1 10 12 1 10 12 1 10 7 12 1 1 1 10 12 1 1 10 12 1 9 12 1 1 9 12 1 1 100 1 8 1 10 9 12 1 1 10 7 12 1 1 8 1 10 7 12 1 1 8 1 10 12 1 1 10 12 1 8 1 8 1 10 7 12 1 1 1 100 1 10 100 12 1 1 1 10 12 1 10 12 1 9 100 12 1 1 1 10 100 12 1 1 10 12 1 1 10 12 1 8 1 100 1 10 100 12 1 1 1 10 12 1 1 11 100 12 1 1 11 12 1 10 12 1 10 12 1 8 9 100 12 1 1 1 10 12 1 1 10 12 1 10 12 1 1 10 7 12 1 1 11 7 1 10 12 1 10 12 1 9 12 1 10 12 1 1 10 100 12 1 1 10 100 12 1 1 1 8 10 100 12 1 1 100 1 10 8 8 10 12 1 8 8 8 100 1 10 12 1 9 12 1 1 10 12 1 10 12 1 1 10 12 1 10 12 10 12 1 1 10 12 1 1 10 10 10 12 1 10 12 1 10 12 1 10 12 1 10 12 1 10 10 12 1 100 1 8 1 10 10 10 12 1 1 10 12 1 10 12 1 1 8 1 7 1 10 10 7 1 10 12 1 9 7 12 1 1 1 9 12 1 1 7 1 10 10 7 12 1 1 1 100 1 1 1 1 1 5 0 1 1 1 1 1 1 1 1 1 1 1 1 1 1 1 1 1 1 1 1 1 1 1 1 1 1 1 1 1 1 1 1 1 1 1 1 1 1 1 1 1 1 1 1 1 1 100 1 1 1 1 1 1 1 1 1 1 1 1 1 1 1 1 1 1 1 1 1 1 1 1 1 1 1 1 1 1 1 1 1 1 1 1 100 1 1 1 1 1 1 1 1 1 1 1 1 1 1 1 1 1 1 1 1 1 1 1 100 1 1 1 1 1 1 1 1 1 1 1 1 1 1 1 1 1 1 1
staticfield java/net/URL defaultFactory Ljava/net/URLStreamHandlerFactory; java/net/URL$DefaultFactory
staticfield java/net/URL handlers Ljava/util/Hashtable; java/util/Hashtable
staticfield java/net/URL streamHandlerLock Ljava/lang/Object; java/lang/Object
staticfield java/net/URL serialPersistentFields [Ljava/io/ObjectStreamField; 7 [Ljava/io/ObjectStreamField;
ciInstanceKlass java/util/jar/Manifest 1 1 320 10 7 12 1 1 1 7 1 10 9 7 12 1 1 1 7 1 10 9 12 1 1 9 12 1 1 10 12 1 10 12 1 1 10 12 1 1 10 12 1 1 10 12 1 1 11 7 1 11 12 1 1 10 12 1 1 10 100 12 1 1 1 100 1 100 1 10 8 1 10 12 1 1 10 12 1 1 10 12 1 10 12 1 11 100 1 10 12 1 10 12 1 1 11 12 1 1 10 12 1 11 12 1 1 11 100 12 1 1 1 11 100 12 1 1 11 12 1 1 100 1 10 12 1 8 1 11 12 1 100 1 10 12 1 1 11 12 1 10 12 1 10 12 1 10 9 100 12 1 1 1 10 12 1 1 10 100 12 1 10 12 1 10 12 1 9 100 12 1 1 1 8 1 10 12 1 8 1 8 1 7 1 10 12 1 10 12 1 10 12 1 1 100 1 8 1 10 12 1 1 8 1 10 10 12 1 1 8 1 10 12 1 1 10 100 12 1 1 1 10 12 1 10 11 12 1 1 10 12 1 1 10 100 12 1 1 1 10 12 1 1 10 12 1 10 12 1 1 11 10 12 1 11 10 12 1 100 1 1 1 1 1 1 1 1 1 1 1 1 1 1 1 1 1 1 1 1 1 1 1 1 1 1 1 1 1 1 1 1 1 1 1 100 1 1 1 1 1 1 1 1 1 1 1 1 1 1 100 1 1 1 1 1 1 1 1 1 1 1
ciInstanceKlass java/io/ByteArrayInputStream 1 1 135 10 7 12 1 1 1 9 7 12 1 1 1 9 12 1 1 9 12 1 9 12 1 10 100 12 1 1 1 10 7 12 1 1 1 10 7 12 1 1 1 10 100 12 1 1 1 10 12 1 1 10 100 12 1 1 1 100 1 100 1 100 1 3 10 100 1 10 100 12 1 1 1 9 12 1 1 100 1 10 10 7 12 1 1 1 1 1 1 1 1 1 1 1 1 1 1 1 1 1 1 1 1 1 1 1 1 1 1 1 1 1 1 1 1 1 1 1 100 1 100 1 1 1 1 1 1 1 1 1 1 1 1 1 1
staticfield java/io/ByteArrayInputStream $assertionsDisabled Z 1
instanceKlass java/nio/CharBuffer
instanceKlass java/nio/IntBuffer
instanceKlass java/nio/LongBuffer
instanceKlass java/nio/ByteBuffer
ciInstanceKlass java/nio/Buffer 1 1 259 100 1 10 7 12 1 1 1 9 7 12 1 1 1 9 12 1 9 12 1 1 9 12 1 9 12 1 1 10 12 1 1 10 12 1 1 10 12 100 1 100 1 10 8 1 10 12 1 1 10 12 1 8 1 8 1 10 12 1 1 10 12 1 8 1 9 12 1 1 100 1 8 1 10 12 1 8 1 8 1 9 12 10 12 1 8 1 8 1 8 1 10 12 1 8 1 8 1 8 1 100 1 10 100 1 10 100 1 10 9 12 1 1 10 7 12 1 1 1 100 1 10 12 1 1 10 12 1 10 100 12 1 1 10 7 12 1 1 1 10 7 12 1 1 1 9 12 1 1 10 7 12 1 1 1 9 12 1 1 7 1 10 10 12 1 1 7 1 10 10 7 12 1 1 1 1 1 3 1 1 1 1 1 1 1 1 1 1 1 1 1 1 100 1 1 1 1 1 1 1 100 1 1 1 1 1 1 1 1 1 1 1 1 1 1 1 1 1 1 1 1 1 1 1 1 1 1 1 1 1 1 1 1 1 1 1 1 1 1 1 1 1 1 100 1 100 1 100 1 100 1 100 1 100 1 100 1 1
staticfield java/nio/Buffer UNSAFE Ljdk/internal/misc/Unsafe; jdk/internal/misc/Unsafe
staticfield java/nio/Buffer SCOPED_MEMORY_ACCESS Ljdk/internal/misc/ScopedMemoryAccess; jdk/internal/misc/ScopedMemoryAccess
staticfield java/nio/Buffer IOOBE_FORMATTER Ljava/util/function/BiFunction; jdk/internal/util/Preconditions$4
staticfield java/nio/Buffer $assertionsDisabled Z 1
ciInstanceKlass java/lang/AssertionStatusDirectives 0 0 24 10 100 12 1 1 1 100 1 1 1 1 1 1 1 1 1 1 1 1 1 1 1 1
instanceKlass java/util/Formatter$FixedString
instanceKlass java/lang/reflect/Executable$ParameterData
instanceKlass jdk/internal/classfile/impl/StackCounter$Target
instanceKlass jdk/internal/classfile/impl/StackMapDecoder$StackMapFrameImpl
instanceKlass jdk/internal/classfile/impl/StackMapDecoder$ObjectVerificationTypeInfoImpl
instanceKlass java/lang/reflect/Proxy$ProxyBuilder$ProxyClassContext
instanceKlass java/lang/ClassValue$Version
instanceKlass java/util/stream/Collectors$CollectorImpl
instanceKlass java/lang/invoke/MethodHandles$Lookup$ClassDefiner
instanceKlass jdk/internal/classfile/impl/ClassHierarchyImpl$ClassHierarchyInfoImpl
instanceKlass java/lang/classfile/ClassHierarchyResolver$1Factory
instanceKlass jdk/internal/classfile/impl/RawBytecodeHelper$CodeRange
instanceKlass jdk/internal/classfile/impl/StackMapGenerator$Type
instanceKlass jdk/internal/classfile/impl/Util$1WithCodeMethodHandler
instanceKlass jdk/internal/classfile/impl/DirectCodeBuilder$DeferredLabel
instanceKlass java/lang/invoke/InvokerBytecodeGenerator$ClassData
instanceKlass jdk/internal/classfile/impl/AnnotationImpl
instanceKlass java/security/SecureClassLoader$CodeSourceKey
instanceKlass java/util/zip/ZipFile$EntryPos
instanceKlass sun/nio/fs/WindowsPathParser$Result
instanceKlass jdk/internal/reflect/ReflectionFactory$Config
instanceKlass jdk/internal/foreign/abi/UpcallLinker$CallRegs
instanceKlass jdk/internal/foreign/abi/VMStorage
ciInstanceKlass java/lang/Record 1 1 22 10 7 12 1 1 1 100 1 1 1 1 1 1 1 1 1 1 1 1 1 1
ciInstanceKlass java/util/concurrent/ConcurrentHashMap 1 1 1219 100 1 7 1 10 7 12 1 1 1 10 12 1 1 9 12 1 1 3 10 7 12 1 1 1 3 100 1 10 7 12 1 1 1 100 1 10 100 12 1 1 1 100 1 11 12 1 1 11 12 1 11 12 1 1 9 12 1 1 9 12 1 9 12 1 1 10 7 12 1 1 1 7 1 10 12 1 1 10 12 1 1 10 7 12 1 1 1 4 10 12 1 11 100 12 1 1 10 12 1 10 12 1 1 100 1 10 5 0 10 12 1 9 12 1 10 12 1 1 5 0 10 12 1 10 12 1 9 12 1 1 10 12 1 1 9 12 1 9 12 1 1 10 12 1 1 9 12 1 10 12 1 1 9 12 1 1 10 12 1 1 100 1 10 100 1 10 12 1 10 12 1 1 10 12 1 1 10 12 1 1 10 12 1 10 12 1 1 10 12 1 1 100 1 10 12 1 1 7 1 100 1 8 1 10 12 1 10 12 1 1 10 12 1 1 10 10 12 1 11 12 1 1 11 100 12 1 1 1 11 100 12 1 1 1 11 12 1 100 1 11 12 1 11 12 1 10 12 1 1 10 12 1 1 9 12 1 1 10 100 12 1 1 1 9 10 12 1 1 9 12 1 10 12 1 1 5 0 9 12 1 1 7 1 10 12 1 9 12 1 1 7 1 10 12 1 9 12 1 100 1 10 100 1 10 10 12 1 1 8 1 10 12 1 10 12 1 1 11 100 1 10 12 1 10 100 12 1 1 1 8 1 10 100 12 1 1 1 8 1 10 12 1 8 1 10 12 1 10 12 1 1 10 100 12 1 1 10 12 1 10 12 1 10 12 1 9 12 1 9 10 12 1 9 12 1 11 100 12 1 1 1 11 7 12 1 1 1 100 1 10 12 11 100 12 1 1 10 11 7 12 1 10 12 1 100 1 10 12 1 100 1 10 10 9 7 12 1 1 1 3 10 100 12 1 1 9 12 1 10 12 1 1 9 12 1 1 9 12 1 10 12 1 1 10 100 12 1 1 9 12 1 9 7 12 1 1 10 12 1 1 10 12 1 3 9 12 1 9 12 1 10 12 1 1 7 1 9 3 100 1 10 12 1 9 12 1 10 12 1 9 12 1 10 12 1 9 12 1 10 100 12 1 1 1 100 10 12 1 100 1 5 0 10 100 12 1 1 100 1 10 12 1 1 10 12 1 10 12 1 100 1 10 12 1 10 100 1 100 1 10 10 12 1 10 100 1 10 12 1 10 100 1 10 12 1 10 100 1 10 12 1 1 100 1 10 12 1 10 10 12 1 100 1 10 12 1 10 10 12 1 100 1 10 12 1 10 100 1 10 12 1 10 100 1 10 12 1 10 100 1 10 12 1 10 100 1 10 12 1 10 100 1 10 12 1 10 100 1 10 12 1 10 100 1 10 12 1 10 100 1 10 10 100 1 10 10 100 1 10 10 100 1 10 12 1 10 100 1 10 12 1 10 100 1 10 12 1 10 100 1 10 12 1 10 100 1 10 12 1 10 100 1 10 10 100 1 10 10 100 1 10 10 100 1 10 12 1 10 100 1 10 12 1 10 100 1 10 12 1 10 100 1 10 12 1 10 100 1 10 12 1 10 10 12 1 10 12 1 7 1 7 1 10 12 1 9 12 1 1 9 12 1 1 10 12 1 1 8 10 12 1 1 8 8 8 8 7 10 12 1 1 10 12 1 1 100 1 8 1 10 7 1 100 1 100 1 1 1 5 0 1 1 3 1 3 1 1 1 1 3 1 3 1 3 1 1 1 1 1 3 1 3 1 3 1 1 1 1 1 1 1 1 1 1 1 1 1 1 1 1 1 1 1 1 1 1 1 1 1 1 1 100 1 1 1 1 1 1 1 1 1 1 1 1 1 1 1 1 1 1 1 1 1 1 1 1 1 1 1 1 1 1 1 1 1 1 1 1 1 1 1 1 1 1 1 1 1 1 1 1 1 1 1 1 1 1 1 1 1 1 1 1 1 1 1 1 1 1 1 1 1 1 1 1 1 1 1 1 1 1 1 1 1 1 1 1 100 1 1 1 1 1 1 1 1 1 1 1 100 1 1 1 1 1 1 1 1 1 1 1 1 1 1 1 1 1 1 1 1 1 1 1 1 1 1 1 1 1 1 1 1 1 1 1 1 1 1 1 1 1 1 1 1 1 1 1 1 1 1 1 1 1 1 1 1 1 1 1 1 1 1 1 1 1 1 1 1 1 1 1 1 1 1 1 1 1 1 1 1 1 1 1 1 1 1 1 1 1 1 1 1 1 1 1 1 1 1 1 1 1 1 1 1 1 1 1 1 1 1 1 1 1 1 1 1 1 1 1 1 1 1 1 1 1 1 1 1 1 1 1 1 1 1 1 1 1 1 1 1 1 1 1 1 1 1 1 1 1 1 1 1 1 1 1 1 1 1 1 1 1 1 1 1 1 1 1 1 1 1 1 1 1 1 1 1 1 1 1 1 1 1 1 1 1 1 1 1 1 1 1 1 1 1 1 1 1 1 1 1 1 1 1 1 1 1 1 1 1 1 1 1 1 1 1 1 1 1 1 1 1 1 1 100 1 100 1 100 1 100 1 100 1 100 1 100 1 100 1 100 1 1 1 1 1 1 1 1 1 1 1 1 1 1 1 1 1 1 1 1 1 1 1 1 1 1 1 1 1 1 1 1 1 1 1 1 1 1 1 1 1 1 1 1 1 1 1 1 1 1 1 1 1 1 1 1 1 1
staticfield java/util/concurrent/ConcurrentHashMap serialPersistentFields [Ljava/io/ObjectStreamField; 3 [Ljava/io/ObjectStreamField;
staticfield java/util/concurrent/ConcurrentHashMap U Ljdk/internal/misc/Unsafe; jdk/internal/misc/Unsafe
staticfield java/util/concurrent/ConcurrentHashMap SIZECTL J 44
staticfield java/util/concurrent/ConcurrentHashMap TRANSFERINDEX J 56
staticfield java/util/concurrent/ConcurrentHashMap BASECOUNT J 48
staticfield java/util/concurrent/ConcurrentHashMap CELLSBUSY J 60
staticfield java/util/concurrent/ConcurrentHashMap CELLVALUE J 144
staticfield java/util/concurrent/ConcurrentHashMap ABASE J 16
staticfield java/util/concurrent/ConcurrentHashMap ASHIFT I 2
instanceKlass org/jetbrains/kotlin/protobuf/SmallSortedMap
instanceKlass kotlin/reflect/jvm/internal/impl/protobuf/SmallSortedMap
instanceKlass com/intellij/util/containers/RefHashMap
instanceKlass java/util/TreeMap
instanceKlass java/util/Collections$SingletonMap
instanceKlass java/util/EnumMap
instanceKlass java/util/IdentityHashMap
instanceKlass java/util/WeakHashMap
instanceKlass java/util/Collections$EmptyMap
instanceKlass sun/util/PreHashedMap
instanceKlass java/util/HashMap
instanceKlass java/util/ImmutableCollections$AbstractImmutableMap
instanceKlass java/util/concurrent/ConcurrentHashMap
ciInstanceKlass java/util/AbstractMap 1 1 198 10 7 12 1 1 1 10 7 12 1 1 1 11 100 12 1 1 1 10 11 12 1 1 11 100 12 1 1 1 11 12 1 1 100 1 11 12 1 10 12 1 1 11 12 1 100 1 10 11 12 1 11 7 1 10 12 1 1 11 12 1 9 12 1 1 100 1 10 12 1 9 12 1 1 100 1 10 11 11 12 1 1 11 12 1 100 1 100 1 11 12 1 8 1 100 1 10 10 12 1 1 8 1 10 12 1 10 12 1 1 10 12 1 1 1 1 1 1 1 1 1 1 1 1 1 1 1 1 1 1 1 1 1 1 1 1 1 1 1 1 1 1 1 1 1 1 1 1 1 1 1 1 100 1 1 1 1 1 1 1 100 1 1 1 1 1 1 1 1 1 100 1 1 1 1 1 1 1 1 1 100 1 100 1 100 1 100 1 100 1 1 1 1 1 1 1 1
ciInstanceKlass java/util/concurrent/ConcurrentMap 1 1 201 11 100 12 1 1 1 10 100 12 1 1 11 12 1 1 11 100 12 1 1 1 11 100 12 1 1 1 11 12 1 1 100 1 11 12 1 11 12 1 100 1 11 100 12 1 1 1 18 12 1 11 12 1 1 11 100 12 1 1 11 12 1 1 11 100 12 1 11 12 1 1 11 12 1 1 100 1 100 1 1 1 1 1 1 1 1 1 1 1 1 1 1 1 1 1 1 1 1 1 1 1 1 1 1 1 1 1 1 1 1 1 1 1 1 1 1 1 1 1 1 1 1 1 1 1 1 1 1 1 1 1 1 1 1 1 1 1 1 16 15 11 12 15 10 100 12 1 1 1 1 1 100 1 100 1 1 1 100 1 8 1 1 12 10 1 8 1 1 1 8 1 8 1 1 8 1 1 1 8 1 1 1 8 1 1 8 1 8 1 1 1 8 1 1 8 1 1 1 8 1
ciInstanceKlass java/util/Collection 1 1 115 11 100 12 1 1 1 100 1 11 7 12 1 1 1 10 100 12 1 1 1 11 12 1 1 11 100 12 1 1 1 11 12 1 1 11 100 12 1 1 1 11 12 1 1 10 100 12 1 1 1 11 12 1 10 7 12 1 1 1 100 1 100 1 1 1 1 1 1 1 1 1 1 1 1 1 1 1 1 1 1 1 1 1 1 1 1 1 1 1 1 1 1 1 1 1 1 1 1 1 1 1 1 1 1 1 1 1 1 1 1 1 1 1 1
instanceKlass jdk/internal/loader/ClassLoaders$BootClassLoader
instanceKlass jdk/internal/loader/ClassLoaders$PlatformClassLoader
instanceKlass jdk/internal/loader/ClassLoaders$AppClassLoader
ciInstanceKlass jdk/internal/loader/BuiltinClassLoader 1 1 652 9 7 12 1 1 1 10 7 12 1 1 1 10 7 12 1 1 1 9 12 1 1 9 12 1 1 7 1 10 12 1 9 12 1 10 12 1 9 12 1 10 7 12 1 1 1 10 7 12 1 1 1 10 7 12 1 1 1 11 7 12 1 1 1 100 1 100 1 10 10 12 1 1 8 1 10 12 1 10 12 7 1 10 12 1 10 12 1 1 11 7 12 1 1 1 11 7 12 1 1 1 11 12 1 1 7 1 8 1 8 1 10 9 12 1 1 10 7 12 1 1 11 12 1 1 10 12 1 1 10 12 1 1 10 12 1 1 11 7 12 1 1 1 10 7 12 1 1 100 1 10 7 12 1 1 1 10 7 12 1 1 1 10 12 1 10 12 1 100 1 8 1 10 12 1 1 10 8 1 10 12 1 1 10 12 1 1 10 12 1 1 11 7 12 1 1 11 12 1 7 1 10 11 12 1 1 11 10 12 1 1 7 1 10 12 1 10 7 12 1 10 12 1 11 12 1 1 11 7 1 11 12 1 7 1 10 12 1 1 100 1 100 1 11 12 1 1 10 12 1 10 12 10 12 1 10 7 12 1 1 1 7 1 10 10 12 1 1 10 12 1 1 10 12 1 1 10 12 1 9 12 1 1 100 1 10 10 12 1 1 10 12 1 1 10 12 1 10 12 10 12 1 1 10 12 1 1 10 12 1 1 10 12 1 10 12 1 1 10 12 1 1 10 12 1 10 12 1 1 10 12 1 7 1 10 12 10 7 12 1 1 1 10 12 1 11 12 1 7 1 10 12 1 7 1 100 1 10 12 1 10 12 1 11 12 1 1 10 12 1 1 10 12 1 1 10 12 1 1 10 12 1 1 10 12 1 10 12 1 10 12 1 10 12 1 8 1 10 12 1 1 10 7 12 1 1 10 12 1 100 1 8 1 8 1 10 10 12 1 8 1 8 1 10 7 12 1 1 1 11 7 12 1 1 1 9 7 12 1 1 1 10 7 12 1 1 1 9 12 1 9 12 1 9 12 1 9 12 1 9 12 1 9 12 1 10 7 12 1 1 1 8 1 10 12 1 7 1 10 11 12 1 1 10 12 10 12 1 10 12 1 100 1 10 12 1 10 12 1 11 11 12 1 10 7 12 1 1 10 7 12 1 1 8 1 10 7 12 1 1 10 12 1 1 1 1 1 1 1 1 1 1 1 1 1 1 1 1 1 1 1 1 1 1 1 1 1 1 1 1 1 1 1 1 1 1 1 1 1 1 1 1 1 1 1 1 1 1 1 1 1 1 1 1 1 1 1 100 1 1 1 1 1 1 1 1 1 1 1 1 1 100 1 100 1 1 1 1 1 1 1 1 1 1 1 1 1 1 1 1 1 1 1 1 1 1 1 1 1 1 1 1 1 1 1 1 1 1 1 1 1 1 1 1 1 1 1 1 1 1 1 100 1 1 1 100 1 1 1 1 1
staticfield jdk/internal/loader/BuiltinClassLoader packageToModule Ljava/util/Map; java/util/concurrent/ConcurrentHashMap
staticfield jdk/internal/loader/BuiltinClassLoader $assertionsDisabled Z 1
ciInstanceKlass jdk/internal/loader/ClassLoaders$AppClassLoader 1 1 57 8 1 10 7 12 1 1 1 10 100 12 1 1 1 10 12 1 1 10 7 12 1 1 1 100 1 10 12 1 1 1 1 1 1 1 1 1 1 1 1 1 1 1 1 1 1 1 1 1 1 1 1 100 1 1 1
ciInstanceKlass jdk/internal/loader/ClassLoaders$PlatformClassLoader 1 1 42 8 1 10 7 12 1 1 1 10 7 12 1 1 1 100 1 10 12 1 100 1 1 1 1 1 1 1 1 1 1 1 1 1 1 100 1 1 1 100 1 1
ciInstanceKlass java/lang/ArithmeticException 1 1 26 10 100 12 1 1 1 10 12 1 100 1 1 1 1 5 0 1 1 1 1 1 1 1 1 1
instanceKlass org/jetbrains/kotlin/ir/interpreter/exceptions/InterpreterException
instanceKlass org/jetbrains/kotlin/types/TypeSubstitutor$SubstitutionException
instanceKlass kotlin/reflect/full/IllegalPropertyDelegateAccessException
instanceKlass org/jetbrains/kotlin/backend/common/linkage/issues/IrDeserializationException
instanceKlass kotlin/reflect/jvm/internal/impl/types/TypeSubstitutor$SubstitutionException
instanceKlass kotlin/reflect/full/IllegalCallableAccessException
instanceKlass java/net/URISyntaxException
instanceKlass java/lang/CloneNotSupportedException
instanceKlass java/lang/InterruptedException
instanceKlass java/io/IOException
instanceKlass java/lang/ReflectiveOperationException
instanceKlass java/lang/RuntimeException
ciInstanceKlass java/lang/Exception 1 1 40 10 7 12 1 1 1 10 12 1 10 12 1 10 12 1 10 12 1 100 1 1 1 1 5 0 1 1 1 1 1 1 1 1 1 1 1 1 1 1
instanceKlass org/jetbrains/kotlin/utils/KotlinExceptionWithAttachments
instanceKlass org/jetbrains/kotlin/backend/common/CompilationException
instanceKlass java/time/DateTimeException
instanceKlass java/nio/file/FileSystemAlreadyExistsException
instanceKlass kotlin/reflect/jvm/internal/impl/protobuf/UninitializedMessageException
instanceKlass kotlin/reflect/jvm/internal/impl/utils/WrappedValues$WrappedProcessCanceledException
instanceKlass com/intellij/openapi/diagnostic/RuntimeExceptionWithAttachments
instanceKlass com/intellij/psi/PsiInvalidElementAccessException
instanceKlass com/intellij/openapi/project/IndexNotReadyException
instanceKlass com/intellij/util/lang/CompoundRuntimeException
instanceKlass java/lang/SecurityException
instanceKlass com/intellij/diagnostic/ImplementationConflictException
instanceKlass java/nio/file/FileSystemNotFoundException
instanceKlass org/jetbrains/kotlin/util/ServiceLoaderLite$ServiceLoadingException
instanceKlass org/jetbrains/kotlin/compiler/plugin/PluginProcessingException
instanceKlass org/jetbrains/kotlin/compiler/plugin/CliOptionProcessingException
instanceKlass com/intellij/util/IncorrectOperationException
instanceKlass kotlin/KotlinNothingValueException
instanceKlass org/jetbrains/kotlin/cli/pipeline/SuccessfulPipelineExecutionException
instanceKlass org/jetbrains/kotlin/cli/pipeline/PipelineStepException
instanceKlass org/jetbrains/kotlin/analyzer/CompilationErrorException
instanceKlass java/util/ConcurrentModificationException
instanceKlass java/lang/reflect/UndeclaredThrowableException
instanceKlass java/util/NoSuchElementException
instanceKlass kotlin/NoWhenBranchMatchedException
instanceKlass kotlin/UninitializedPropertyAccessException
instanceKlass java/lang/IllegalStateException
instanceKlass org/jetbrains/kotlin/cli/jvm/compiler/CompileEnvironmentException
instanceKlass java/lang/UnsupportedOperationException
instanceKlass org/jetbrains/kotlin/preloading/Preloader$PreloaderException
instanceKlass java/lang/IllegalArgumentException
instanceKlass java/lang/IndexOutOfBoundsException
instanceKlass java/lang/ArithmeticException
instanceKlass java/lang/NullPointerException
instanceKlass java/lang/IllegalCallerException
instanceKlass java/lang/IllegalMonitorStateException
instanceKlass java/lang/ArrayStoreException
instanceKlass java/lang/ClassCastException
ciInstanceKlass java/lang/RuntimeException 1 1 40 10 100 12 1 1 1 10 12 1 10 12 1 10 12 1 10 12 1 100 1 1 1 1 5 0 1 1 1 1 1 1 1 1 1 1 1 1 1 1
ciInstanceKlass java/lang/ArrayIndexOutOfBoundsException 1 1 45 10 100 12 1 1 1 10 12 1 100 1 10 8 1 10 12 1 1 10 12 1 10 12 1 1 100 1 1 1 1 5 0 1 1 1 1 1 1 1 1 1 1 1 1
ciInstanceKlass java/lang/ArrayStoreException 1 1 26 10 100 12 1 1 1 10 12 1 100 1 1 1 1 5 0 1 1 1 1 1 1 1 1 1
instanceKlass kotlin/TypeCastException
ciInstanceKlass java/lang/ClassCastException 1 1 26 10 100 12 1 1 1 10 12 1 100 1 1 1 1 5 0 1 1 1 1 1 1 1 1 1
ciInstanceKlass java/lang/ClassNotFoundException 1 1 96 7 1 10 7 12 1 1 1 10 12 1 10 12 1 1 10 100 12 1 1 1 8 1 10 100 12 1 1 1 10 7 12 1 1 10 100 12 1 1 1 10 100 12 1 1 1 10 12 1 1 7 1 10 12 1 9 12 1 1 1 1 1 5 0 1 1 1 1 1 1 1 1 1 1 1 1 1 1 1 1 1 1 100 1 1 1 1 1 1 1 1 1 1 1 1
staticfield java/lang/ClassNotFoundException serialPersistentFields [Ljava/io/ObjectStreamField; 1 [Ljava/io/ObjectStreamField;
instanceKlass java/lang/reflect/InvocationTargetException
instanceKlass java/lang/InstantiationException
instanceKlass java/lang/IllegalAccessException
instanceKlass java/lang/NoSuchFieldException
instanceKlass java/lang/NoSuchMethodException
instanceKlass java/lang/ClassNotFoundException
ciInstanceKlass java/lang/ReflectiveOperationException 1 1 34 10 7 12 1 1 1 10 12 1 10 12 1 10 12 1 100 1 1 1 1 5 0 1 1 1 1 1 1 1 1 1 1 1
ciInstanceKlass java/lang/IllegalCallerException 0 0 35 10 100 12 1 1 1 10 12 1 10 12 1 10 12 1 100 1 1 1 1 5 0 1 1 1 1 1 1 1 1 1 1 1 1
ciInstanceKlass java/lang/IllegalMonitorStateException 1 1 26 10 100 12 1 1 1 10 12 1 100 1 1 1 1 5 0 1 1 1 1 1 1 1 1 1
ciInstanceKlass java/lang/BootstrapMethodError 0 0 45 10 100 12 1 1 1 10 12 1 10 12 1 10 100 12 1 1 1 10 100 12 1 1 1 1 1 1 5 0 1 1 1 1 1 1 1 1 1 1 1 100 1 1 1
instanceKlass java/io/IOError
instanceKlass org/jetbrains/kotlin/cli/jvm/plugins/PluginCliParser$PluginProcessingError
instanceKlass kotlin/reflect/jvm/internal/KotlinReflectionInternalError
instanceKlass kotlin/jvm/KotlinReflectionNotSupportedError
instanceKlass kotlin/NotImplementedError
instanceKlass java/lang/AssertionError
instanceKlass java/lang/VirtualMachineError
instanceKlass java/lang/LinkageError
ciInstanceKlass java/lang/Error 1 1 58 10 7 12 1 1 1 9 12 1 1 10 100 12 1 1 1 10 100 12 1 1 1 10 12 1 10 12 1 10 12 1 10 12 1 100 1 1 1 1 5 0 1 1 1 1 1 1 1 1 100 1 1 1 1 1 1 1
instanceKlass java/lang/UnsatisfiedLinkError
instanceKlass java/lang/IncompatibleClassChangeError
instanceKlass java/lang/BootstrapMethodError
instanceKlass java/lang/NoClassDefFoundError
ciInstanceKlass java/lang/LinkageError 1 1 31 10 7 12 1 1 1 10 12 1 10 12 1 100 1 1 1 1 5 0 1 1 1 1 1 1 1 1 1 1 1
instanceKlass kotlin/KotlinNullPointerException
ciInstanceKlass java/lang/NullPointerException 1 1 52 10 100 12 1 1 1 10 12 1 9 100 12 1 1 1 10 12 1 1 9 12 1 1 10 12 1 1 10 12 1 1 1 1 5 0 1 1 1 1 1 1 1 1 100 1 100 1 100 1 1 1
ciInstanceKlass java/lang/InternalError 1 1 34 10 100 12 1 1 1 10 12 1 10 12 1 10 12 1 100 1 1 1 1 5 0 1 1 1 1 1 1 1 1 1 1 1
instanceKlass java/lang/StackOverflowError
instanceKlass java/lang/OutOfMemoryError
instanceKlass java/lang/InternalError
ciInstanceKlass java/lang/VirtualMachineError 1 1 34 10 100 12 1 1 1 10 12 1 10 12 1 10 12 1 100 1 1 1 1 5 0 1 1 1 1 1 1 1 1 1 1 1
ciInstanceKlass java/lang/NoClassDefFoundError 0 0 26 10 100 12 1 1 1 10 12 1 100 1 1 1 1 5 0 1 1 1 1 1 1 1 1 1
ciInstanceKlass java/lang/OutOfMemoryError 1 1 26 10 100 12 1 1 1 10 12 1 100 1 1 1 1 5 0 1 1 1 1 1 1 1 1 1
ciInstanceKlass java/lang/StackOverflowError 1 1 26 10 100 12 1 1 1 10 12 1 100 1 1 1 1 5 0 1 1 1 1 1 1 1 1 1
ciInstanceKlass java/lang/StackTraceElement 0 0 235 10 100 12 1 1 1 10 100 12 1 1 9 12 1 1 9 12 1 1 9 12 1 9 12 1 8 1 10 100 12 1 1 1 100 1 9 12 1 8 1 9 12 1 9 12 1 9 12 1 1 10 12 1 1 10 12 1 8 1 10 100 12 1 1 1 100 1 10 12 1 10 12 1 1 10 12 1 10 12 1 1 10 12 1 10 12 1 10 10 12 1 8 1 10 12 1 10 12 1 1 10 12 1 1 10 12 1 10 12 1 10 12 1 9 12 1 1 10 100 12 1 1 1 10 12 1 1 100 1 10 12 1 1 10 100 12 1 1 10 100 12 1 1 1 10 100 12 1 1 10 100 12 1 1 10 10 12 1 1 10 12 1 1 10 12 1 1 10 12 1 100 1 1 1 1 1 1 1 3 1 3 1 1 5 0 1 1 1 1 1 1 1 1 1 1 1 1 1 1 1 1 1 1 1 1 1 1 1 1 1 1 1 1 1 100 1 100 1 1 1 1 1 1 1 100 1 1 1 1 1 1 1 1 1
instanceKlass java/util/concurrent/locks/AbstractQueuedLongSynchronizer
instanceKlass java/util/concurrent/locks/AbstractQueuedSynchronizer
ciInstanceKlass java/util/concurrent/locks/AbstractOwnableSynchronizer 1 1 32 10 7 12 1 1 1 9 7 12 1 1 1 100 1 1 1 1 5 0 1 1 1 1 1 1 1 1 1 1 1 1
ciInstanceKlass jdk/internal/vm/Continuation 1 1 551 9 7 12 1 1 1 9 12 1 9 12 1 9 12 1 100 1 100 1 10 12 1 1 8 1 10 12 1 1 10 12 1 10 12 1 1 10 12 1 9 7 12 1 1 1 11 100 12 1 1 1 10 100 1 9 12 1 1 9 12 1 1 10 8 1 10 12 1 9 12 1 1 10 11 12 1 1 100 1 10 100 12 1 1 1 10 12 1 1 10 12 1 10 12 1 1 11 12 1 1 9 12 1 1 10 12 1 1 18 12 1 1 10 100 12 1 1 1 100 1 10 12 1 11 100 12 1 1 1 10 12 1 9 12 1 10 12 1 1 100 1 8 1 10 12 1 10 12 1 1 9 12 1 1 11 12 1 1 9 12 1 1 8 1 10 11 12 1 1 11 12 1 1 10 12 1 1 10 12 1 1 9 12 1 10 12 1 10 10 12 1 8 1 10 12 1 8 1 8 1 10 7 12 1 1 1 10 100 12 1 1 1 10 12 1 9 12 1 11 12 1 100 1 10 12 1 10 12 1 1 9 12 1 1 100 1 10 12 1 1 9 12 1 1 10 12 1 10 12 1 11 100 12 1 1 10 7 1 10 12 1 8 1 10 12 1 1 9 12 1 1 10 7 12 1 1 8 1 8 1 8 1 8 1 10 12 1 1 10 12 1 10 12 1 10 12 1 10 12 1 1 10 12 1 1 8 1 9 12 1 10 12 1 1 9 12 1 1 10 12 1 1 9 12 1 8 1 10 100 12 1 1 1 10 12 1 8 1 100 1 8 1 10 9 12 1 1 8 1 10 100 12 1 1 10 100 12 1 1 8 1 8 1 10 12 10 12 1 1 10 100 1 10 100 12 1 1 1 18 11 100 12 1 1 1 18 12 1 11 12 1 1 100 1 10 7 12 1 1 10 12 1 1 8 10 12 1 1 10 7 12 1 1 1 10 7 12 1 1 10 12 1 8 1 10 12 1 100 1 100 1 10 12 1 1 1 1 1 1 1 1 1 1 1 1 1 1 1 1 1 1 1 1 1 1 1 1 1 1 1 1 1 1 1 1 1 1 1 1 1 1 1 1 1 1 1 1 1 1 1 1 1 1 1 1 1 1 1 1 1 1 1 1 1 1 1 1 1 1 1 1 1 1 1 1 1 1 1 1 100 1 1 16 1 15 10 12 16 15 11 100 12 1 1 1 16 1 16 1 15 10 12 16 15 10 100 12 1 1 1 1 1 1 1 1 100 1 100 1 1
staticfield jdk/internal/vm/Continuation U Ljdk/internal/misc/Unsafe; jdk/internal/misc/Unsafe
staticfield jdk/internal/vm/Continuation MOUNTED_OFFSET J 13
staticfield jdk/internal/vm/Continuation PRESERVE_SCOPED_VALUE_CACHE Z 1
staticfield jdk/internal/vm/Continuation JLA Ljdk/internal/access/JavaLangAccess; java/lang/System$1
staticfield jdk/internal/vm/Continuation $assertionsDisabled Z 1
ciInstanceKlass jdk/internal/misc/UnsafeConstants 1 1 34 10 100 12 1 1 1 9 7 12 1 1 1 9 12 1 9 12 1 1 9 12 1 9 12 1 1 1 1 1 1 1 1 1
staticfield jdk/internal/misc/UnsafeConstants ADDRESS_SIZE0 I 8
staticfield jdk/internal/misc/UnsafeConstants PAGE_SIZE I 4096
staticfield jdk/internal/misc/UnsafeConstants BIG_ENDIAN Z 0
staticfield jdk/internal/misc/UnsafeConstants UNALIGNED_ACCESS Z 1
staticfield jdk/internal/misc/UnsafeConstants DATA_CACHE_LINE_FLUSH_SIZE I 0
ciInstanceKlass java/lang/invoke/MethodHandleImpl 1 1 1424 10 7 12 1 1 1 100 1 10 100 12 1 1 1 10 7 12 1 1 1 100 1 10 8 1 10 12 1 1 10 12 1 10 12 1 1 10 7 12 1 1 1 9 100 12 1 1 1 10 100 12 1 1 1 100 1 10 12 1 1 10 12 1 1 10 12 1 1 10 7 12 1 1 1 9 7 12 1 1 1 10 7 12 1 1 1 100 1 10 9 12 1 1 9 12 1 10 12 1 1 10 12 1 10 12 1 1 10 12 1 1 10 12 1 1 8 1 8 1 10 12 1 1 10 12 1 1 10 12 1 1 10 12 1 1 10 12 1 10 12 1 1 10 7 12 1 1 1 10 12 1 7 1 10 100 12 1 1 1 10 12 1 1 10 12 1 1 11 7 12 1 1 1 11 7 12 1 1 11 12 1 1 7 1 11 12 1 10 12 1 1 10 12 1 1 11 12 1 10 7 12 1 1 10 12 1 1 10 7 12 1 1 10 12 1 10 12 1 1 10 7 12 1 1 1 10 7 12 1 1 1 10 12 1 1 10 12 1 1 9 7 12 1 1 1 10 10 12 1 1 10 12 1 1 10 10 12 1 1 10 12 1 1 10 7 12 1 1 1 10 12 1 1 10 12 1 10 12 1 10 7 12 1 1 1 10 7 12 1 1 1 10 12 1 1 10 12 1 10 12 1 10 12 1 10 12 1 1 10 12 1 10 12 1 1 10 12 1 10 12 1 8 1 100 1 10 12 1 10 12 1 1 10 12 1 10 12 1 1 10 12 1 1 100 1 10 12 1 100 1 8 1 10 12 1 10 100 12 1 1 1 8 1 10 12 1 10 100 12 1 1 1 100 1 9 100 1 10 12 1 1 10 12 1 1 9 12 1 10 12 1 1 10 100 12 1 1 10 12 1 1 10 12 1 1 10 12 1 10 12 1 100 1 10 12 1 1 9 12 1 1 10 12 1 9 100 12 1 1 1 11 100 12 1 1 7 1 9 12 1 100 1 10 12 1 10 12 1 1 100 1 10 12 1 1 10 12 1 1 10 100 12 1 1 1 10 12 1 1 10 12 1 10 12 1 1 10 12 1 10 12 1 1 10 12 1 7 1 9 100 12 1 1 1 10 12 1 10 12 1 9 100 12 1 1 1 10 12 1 1 10 12 1 1 10 12 1 10 100 12 1 1 10 100 12 1 1 1 9 12 1 10 12 1 9 12 10 12 1 10 12 1 10 12 1 10 12 1 1 10 12 1 10 12 1 1 10 12 1 10 12 1 1 10 12 1 1 10 12 1 1 10 12 1 10 12 1 10 12 1 1 10 12 1 10 100 12 1 1 10 12 1 10 100 12 1 1 8 1 10 8 1 100 1 10 9 12 1 100 1 10 12 1 8 1 10 10 12 1 10 10 12 1 1 10 12 1 1 10 12 1 10 12 1 100 1 8 1 10 12 1 10 100 12 1 1 1 10 12 1 1 10 12 1 10 12 1 100 1 10 12 1 10 12 1 10 12 1 1 7 1 10 12 1 10 7 12 1 1 10 12 1 9 12 1 10 12 1 1 10 12 1 1 100 1 10 10 12 1 8 1 8 1 9 12 1 8 1 8 1 8 1 9 12 1 10 12 1 1 9 12 1 1 10 12 1 8 1 9 7 1 10 12 1 1 10 12 1 8 1 8 1 8 1 100 1 100 1 8 8 1 8 1 100 1 8 1 100 1 10 12 1 7 1 10 10 7 12 1 1 1 10 12 1 10 12 10 12 1 10 12 1 11 100 12 1 1 1 18 12 1 11 100 12 1 1 1 18 18 12 1 11 12 1 1 10 12 1 1 10 12 1 10 12 1 11 12 1 9 12 1 9 12 10 10 12 1 1 9 12 1 1 11 12 1 1 18 12 1 1 11 12 1 1 11 12 1 1 10 12 1 11 100 1 10 12 1 10 12 1 10 12 1 9 12 1 9 12 10 12 1 10 100 12 1 1 1 10 12 1 10 12 1 1 10 12 1 10 12 9 12 1 1 10 12 1 10 12 1 1 9 12 1 9 12 1 10 12 1 10 12 1 1 10 12 1 100 1 10 12 1 9 12 1 1 11 100 1 9 12 1 9 12 11 12 1 9 12 1 10 12 10 12 1 1 10 12 1 1 9 100 12 1 1 10 12 1 10 12 1 10 12 1 1 100 1 10 12 1 10 12 1 1 100 1 10 12 1 1 10 12 1 1 100 1 10 12 1 1 10 12 1 1 10 12 1 10 12 1 10 12 1 9 12 1 10 12 1 10 12 1 1 9 7 12 1 1 1 8 10 12 1 1 8 1 10 12 1 8 1 8 1 8 1 8 1 8 1 8 1 100 1 8 1 8 1 10 12 1 9 12 1 10 12 1 1 1 1 1 3 1 1 3 1 3 1 3 1 3 1 3 1 3 1 3 1 3 1 1 1 1 1 1 1 1 1 3 1 3 1 1 1 1 1 1 1 1 1 1 1 1 1 1 1 1 1 1 1 1 1 1 1 1 1 1 1 1 1 1 1 1 1 1 1 1 1 1 1 1 1 1 1 1 1 1 1 1 1 1 1 1 1 1 1 1 1 1 1 1 1 1 1 1 1 1 1 1 1 1 1 1 1 1 1 1 1 1 1 1 1 1 1 1 1 1 1 1 1 1 1 1 1 1 1 1 1 1 1 1 1 1 1 100 1 1 1 1 1 1 1 1 1 1 1 1 1 1 1 1 1 1 1 1 1 1 1 1 1 1 1 1 1 1 1 1 1 1 1 1 1 1 1 1 1 1 1 1 1 1 1 1 1 1 1 1 1 1 1 1 1 1 1 1 1 1 1 1 1 1 1 1 1 1 1 1 1 1 1 1 1 1 1 1 1 1 1 1 1 1 1 1 1 1 1 1 1 1 1 1 1 1 1 1 1 1 1 1 1 1 1 1 1 1 1 1 1 1 1 1 1 1 1 1 1 1 1 1 1 1 1 1 1 1 1 1 1 1 1 1 1 1 1 1 1 1 1 1 1 1 1 1 1 1 1 1 1 1 1 1 1 1 1 1 1 1 1 1 1 1 1 1 1 100 1 100 1 100 1 100 1 100 1 100 1 100 1 1 16 15 10 12 16 15 16 16 1 15 10 12 16 16 15 10 12 16 15 10 100 12 1 1 1 1 1 1 1 1 1 1 1 1 1 1 1 1 1 1 1 1 1 1 1 1
staticfield java/lang/invoke/MethodHandleImpl ARRAYS [Ljava/lang/invoke/MethodHandle; 256 [Ljava/lang/invoke/MethodHandle;
staticfield java/lang/invoke/MethodHandleImpl NFS [Ljava/lang/invoke/LambdaForm$NamedFunction; 7 [Ljava/lang/invoke/LambdaForm$NamedFunction;
staticfield java/lang/invoke/MethodHandleImpl HANDLES [Ljava/lang/invoke/MethodHandle; 9 [Ljava/lang/invoke/MethodHandle;
staticfield java/lang/invoke/MethodHandleImpl $assertionsDisabled Z 1
ciInstanceKlass java/lang/invoke/MethodHandleStatics 1 1 328 10 100 12 1 1 1 9 7 12 1 1 1 9 12 1 1 10 7 12 1 1 1 9 12 1 9 12 1 9 12 1 9 12 1 9 7 12 1 1 1 100 1 10 8 1 10 12 1 1 10 100 12 1 1 1 8 1 10 100 12 1 1 1 10 12 1 1 8 1 8 1 10 12 1 10 100 12 1 1 1 10 7 12 1 1 8 1 10 12 1 1 8 1 8 1 8 1 8 1 10 12 1 1 100 1 10 12 10 12 1 10 12 1 100 1 10 10 12 1 1 100 1 10 10 12 1 100 1 100 1 8 1 8 1 10 12 1 8 1 10 7 12 1 1 1 9 12 1 1 10 7 12 1 1 1 10 12 1 1 9 12 1 1 10 12 1 1 8 1 10 7 12 1 1 10 7 12 1 1 1 8 1 8 1 8 1 8 1 8 1 10 12 1 10 7 12 1 1 1 9 12 1 8 1 8 1 8 1 8 1 9 12 1 8 1 9 12 1 8 1 8 1 9 12 1 8 1 8 1 9 12 1 8 1 9 12 1 8 1 9 12 1 8 1 9 12 1 8 1 8 1 9 12 1 8 1 8 1 10 12 1 1 8 1 10 12 1 1 1 1 1 1 1 1 1 1 1 1 1 1 1 1 1 1 1 1 1 1 1 100 1 100 1 100 1 1 1 1 1 1 1 1 1 1 1 1 1 1 1 1 1 1 1 1 1 1 1 1 1 1 1 1 1 1 1 1 1
staticfield java/lang/invoke/MethodHandleStatics UNSAFE Ljdk/internal/misc/Unsafe; jdk/internal/misc/Unsafe
staticfield java/lang/invoke/MethodHandleStatics CLASSFILE_VERSION I 69
staticfield java/lang/invoke/MethodHandleStatics DEBUG_METHOD_HANDLE_NAMES Z 0
staticfield java/lang/invoke/MethodHandleStatics TRACE_INTERPRETER Z 0
staticfield java/lang/invoke/MethodHandleStatics TRACE_METHOD_LINKAGE Z 0
staticfield java/lang/invoke/MethodHandleStatics TRACE_RESOLVE Z 0
staticfield java/lang/invoke/MethodHandleStatics COMPILE_THRESHOLD I 0
staticfield java/lang/invoke/MethodHandleStatics LOG_LF_COMPILATION_FAILURE Z 0
staticfield java/lang/invoke/MethodHandleStatics DONT_INLINE_THRESHOLD I 30
staticfield java/lang/invoke/MethodHandleStatics PROFILE_LEVEL I 0
staticfield java/lang/invoke/MethodHandleStatics PROFILE_GWT Z 1
staticfield java/lang/invoke/MethodHandleStatics CUSTOMIZE_THRESHOLD I 127
staticfield java/lang/invoke/MethodHandleStatics VAR_HANDLE_GUARDS Z 1
staticfield java/lang/invoke/MethodHandleStatics MAX_ARITY I 255
staticfield java/lang/invoke/MethodHandleStatics VAR_HANDLE_IDENTITY_ADAPT Z 0
staticfield java/lang/invoke/MethodHandleStatics VAR_HANDLE_SEGMENT_FORCE_EXACT Z 0
staticfield java/lang/invoke/MethodHandleStatics DUMP_CLASS_FILES Ljdk/internal/util/ClassFileDumper; jdk/internal/util/ClassFileDumper
instanceKlass java/lang/invoke/DelegatingMethodHandle
instanceKlass java/lang/invoke/BoundMethodHandle
instanceKlass java/lang/invoke/DirectMethodHandle
ciInstanceKlass java/lang/invoke/MethodHandle 1 1 734 100 1 9 7 12 1 1 1 10 7 12 1 1 1 10 7 12 1 1 1 7 1 7 1 10 12 1 1 9 12 1 1 10 12 1 10 12 1 1 10 12 1 1 10 100 12 1 1 1 10 12 1 1 10 12 1 1 11 100 12 1 1 1 10 12 1 1 10 12 1 10 12 1 9 12 1 1 9 12 1 1 10 7 12 1 1 1 10 12 1 10 12 1 1 10 12 1 10 12 1 100 1 100 1 10 8 1 10 12 1 1 10 12 1 8 1 10 12 1 1 10 12 1 10 7 12 1 1 1 10 12 1 1 10 12 1 1 10 12 1 1 10 7 12 1 1 1 10 12 1 1 10 12 1 1 10 12 1 10 12 1 1 10 7 12 1 1 10 7 12 1 1 10 12 1 10 12 1 10 12 1 1 10 12 1 1 10 12 1 1 10 12 1 1 10 7 12 1 1 1 10 100 12 1 1 1 10 12 1 1 10 12 1 1 10 12 1 1 8 1 10 7 12 1 1 1 8 1 10 12 1 10 12 1 1 10 12 1 1 10 12 1 8 1 10 12 1 1 8 1 10 12 1 8 1 10 100 12 1 1 1 9 12 1 1 100 1 10 9 100 12 1 1 1 9 100 1 8 1 10 12 1 1 10 12 1 10 12 1 1 10 12 1 10 12 1 1 10 12 1 10 12 1 1 10 12 1 10 12 1 1 10 12 1 1 8 1 10 12 1 1 8 1 10 12 1 10 12 1 1 10 12 1 10 12 1 10 12 1 1 9 100 12 1 1 1 10 12 1 1 11 12 1 10 12 1 10 12 1 1 10 100 12 1 1 100 1 11 12 1 10 100 1 11 12 1 100 1 10 12 1 11 12 1 9 100 12 1 1 1 11 12 1 1 11 100 12 1 1 1 10 12 1 1 9 12 1 11 12 1 9 12 1 9 12 1 9 12 1 11 12 1 1 9 12 1 9 12 1 9 12 1 9 12 1 9 12 1 9 12 1 9 12 1 8 1 10 12 1 10 12 1 8 1 10 12 1 10 12 1 10 12 1 1 10 10 10 7 12 1 1 10 12 1 1 100 1 100 1 8 1 8 1 10 10 12 1 1 10 12 1 10 12 1 100 1 10 100 12 1 1 1 10 9 7 12 1 1 1 10 12 1 1 10 12 1 1 8 1 8 1 10 100 12 1 1 9 12 1 9 12 1 1 9 12 1 1 10 12 1 7 1 10 12 1 10 12 1 1 9 12 1 1 9 12 1 1 10 7 12 1 1 1 11 7 12 1 1 9 12 1 10 12 1 1 9 12 1 10 12 1 8 10 12 1 1 8 1 1 1 1 1 1 1 1 100 1 1 1 1 1 1 1 1 1 1 1 1 1 1 1 1 1 1 1 1 1 1 1 1 1 1 1 1 1 1 1 1 100 1 1 1 1 1 1 1 1 1 1 1 1 1 1 1 1 1 1 1 1 1 1 1 1 1 1 1 1 1 1 1 1 1 1 1 1 1 1 1 1 1 1 1 1 1 1 1 1 1 1 1 1 1 1 1 1 1 1 1 1 1 1 1 1 1 1 1 1 1 1 1 1 1 1 1 1 1 1 1 1 1 1 1 1 1 1 100 1 1 100 1 100 1 100 1 1 100 1 1 100 1 1 1 1
staticfield java/lang/invoke/MethodHandle FORM_OFFSET J 20
staticfield java/lang/invoke/MethodHandle UPDATE_OFFSET J 13
staticfield java/lang/invoke/MethodHandle $assertionsDisabled Z 1
ciInstanceKlass java/lang/invoke/MethodType 1 1 724 7 1 10 7 12 1 1 1 9 12 1 1 9 12 1 1 9 12 1 1 10 7 12 1 1 1 9 7 12 1 1 8 1 10 100 12 1 1 1 9 7 1 9 7 1 10 12 1 1 100 1 10 8 1 10 12 1 1 10 12 1 10 12 1 1 100 1 8 1 10 12 1 100 1 10 10 12 1 10 12 1 1 10 12 1 1 11 7 12 1 1 1 9 12 1 11 12 1 1 7 10 12 1 1 10 12 1 1 7 1 7 1 10 7 12 1 1 1 10 12 1 10 12 1 9 12 1 1 10 7 12 1 1 10 12 1 1 10 7 12 1 1 1 10 7 12 1 1 1 10 12 1 9 12 1 1 10 12 1 1 10 12 1 1 10 12 1 1 10 12 1 1 10 12 1 1 10 12 1 10 12 1 10 12 1 1 10 12 1 8 1 8 1 10 12 1 1 9 12 1 1 100 1 10 10 12 1 1 10 12 1 10 12 1 1 10 12 1 1 10 12 1 10 12 1 10 12 1 8 1 10 12 1 1 10 100 12 1 1 1 10 12 1 10 12 1 1 10 12 1 10 12 1 10 12 1 1 10 12 1 10 12 1 9 12 1 10 12 1 10 10 12 1 1 10 12 1 9 12 1 1 10 12 1 1 11 12 1 1 10 12 1 1 10 12 1 10 12 1 100 1 8 1 8 1 8 1 10 12 1 10 12 1 10 12 1 1 10 10 12 1 11 12 1 1 11 12 1 10 100 12 1 1 1 9 12 1 10 12 1 10 12 1 1 10 12 1 1 10 12 1 10 12 1 10 100 12 1 1 1 10 12 1 1 10 12 1 10 12 1 10 12 1 10 9 12 1 1 7 1 10 12 1 10 100 12 1 1 1 10 12 1 1 10 100 12 1 1 1 10 12 1 1 8 1 10 100 12 1 1 1 11 12 1 1 9 12 1 1 10 12 1 1 10 12 1 10 12 1 1 10 12 1 1 10 100 12 1 1 10 12 1 10 12 100 1 11 100 12 1 1 10 12 1 11 12 1 10 100 12 1 1 10 12 1 1 10 12 1 1 9 12 1 1 9 100 12 1 1 1 10 100 12 1 1 1 9 12 1 10 100 12 1 1 10 12 1 100 10 12 1 10 12 1 1 10 12 1 7 1 10 10 12 1 1 7 1 7 1 9 12 1 1 100 1 100 1 100 1 1 1 5 0 1 1 1 1 1 1 1 3 1 3 1 3 1 1 1 1 1 1 1 1 1 1 1 1 1 1 1 1 1 1 1 1 1 1 1 1 1 1 1 1 1 1 1 1 1 1 1 1 1 1 1 1 1 1 1 1 1 1 1 1 1 1 1 1 1 1 1 1 1 1 1 1 1 1 1 1 1 1 1 1 1 1 1 1 1 1 1 1 1 1 1 1 1 1 1 1 1 1 1 1 1 1 1 1 1 1 1 1 1 1 1 1 1 1 1 1 1 1 1 1 1 1 1 1 1 1 1 1 1 1 1 1 1 1 1 1 1 1 1 1 100 1 100 1 1 1 1 1 1 1 1 1 1 1 1 1 100 1 1 1 1 100 1 1 1 100 1 1 1 1 1 1 1 1 1 1 1 1 1 1 1 1 1 1 100 1 1 100 1 1
staticfield java/lang/invoke/MethodType internTable Ljdk/internal/util/ReferencedKeySet; jdk/internal/util/ReferencedKeySet
staticfield java/lang/invoke/MethodType NO_PTYPES [Ljava/lang/Class; 0 [Ljava/lang/Class;
staticfield java/lang/invoke/MethodType objectOnlyTypes [Ljava/lang/invoke/MethodType; 20 [Ljava/lang/invoke/MethodType;
staticfield java/lang/invoke/MethodType METHOD_HANDLE_ARRAY [Ljava/lang/Class; 1 [Ljava/lang/Class;
staticfield java/lang/invoke/MethodType serialPersistentFields [Ljava/io/ObjectStreamField; 0 [Ljava/io/ObjectStreamField;
staticfield java/lang/invoke/MethodType $assertionsDisabled Z 1
ciInstanceKlass java/lang/invoke/TypeDescriptor$OfMethod 1 0 43 100 1 100 1 100 1 1 1 1 1 1 1 1 1 1 1 1 1 1 1 1 1 1 1 1 1 1 1 1 1 1 1 1 1 1 1 1 1 1 100 1 1
instanceKlass org/jetbrains/kotlin/backend/common/lower/ConstructorDelegationKind
instanceKlass org/jetbrains/kotlin/backend/common/lower/loops/ProgressionDirection
instanceKlass org/jetbrains/kotlin/builtins/UnsignedArrayType
instanceKlass org/jetbrains/kotlin/ir/inline/InlineMode
instanceKlass org/jetbrains/kotlin/backend/common/linkage/partial/PartialLinkageIssueSignificance
instanceKlass org/jetbrains/kotlin/types/TypeCheckerState$LowerCapturedTypePolicy
instanceKlass org/jetbrains/kotlin/types/model/CaptureStatus
instanceKlass org/jetbrains/kotlin/types/model/TypeVariance
instanceKlass org/jetbrains/kotlin/backend/common/serialization/mangle/SpecialDeclarationType
instanceKlass org/jetbrains/kotlin/resolve/OverridingUtil$OverrideCompatibilityInfo$Result
instanceKlass org/jetbrains/kotlin/ir/expressions/IrSyntheticBodyKind
instanceKlass org/jetbrains/kotlin/ir/expressions/IrTypeOperator
instanceKlass org/jetbrains/kotlin/backend/common/serialization/proto/IrOperationPre_2_4_0$OperationCase
instanceKlass org/jetbrains/kotlin/backend/common/serialization/proto/IrExpression$OperationCase
instanceKlass org/jetbrains/kotlin/backend/common/serialization/proto/IrConst$ValueCase
instanceKlass org/jetbrains/kotlin/backend/common/serialization/proto/IrDynamicOperatorExpression$IrDynamicOperator
instanceKlass org/jetbrains/kotlin/backend/common/serialization/proto/IrVarargElement$VarargElementCase
instanceKlass org/jetbrains/kotlin/backend/common/serialization/proto/IrTypeOperator
instanceKlass org/jetbrains/kotlin/backend/common/serialization/proto/IrSyntheticBodyKind
instanceKlass org/jetbrains/kotlin/backend/common/serialization/proto/IrStatement$StatementCase
instanceKlass org/jetbrains/kotlin/metadata/ProtoBuf$Type$Argument$Projection
instanceKlass org/jetbrains/kotlin/descriptors/ClassKind
instanceKlass org/jetbrains/kotlin/resolve/ReturnValueStatus
instanceKlass org/jetbrains/kotlin/metadata/ProtoBuf$MemberKind
instanceKlass org/jetbrains/kotlin/metadata/ProtoBuf$ReturnValueStatus
instanceKlass org/jetbrains/kotlin/metadata/ProtoBuf$Class$Kind
instanceKlass org/jetbrains/kotlin/metadata/ProtoBuf$Modality
instanceKlass org/jetbrains/kotlin/metadata/ProtoBuf$Visibility
instanceKlass kotlin/reflect/jvm/internal/impl/km/KmVersionRequirementLevel
instanceKlass kotlin/reflect/jvm/internal/impl/km/KmVersionRequirementVersionKind
instanceKlass org/jetbrains/kotlin/backend/common/serialization/proto/IrType$KindCase
instanceKlass org/jetbrains/kotlin/backend/common/serialization/proto/IrSimpleTypeNullability
instanceKlass org/jetbrains/kotlin/backend/common/serialization/proto/IrDeclaration$DeclaratorCase
instanceKlass org/jetbrains/kotlin/backend/common/linkage/IrDeserializer$TopLevelSymbolKind
instanceKlass org/jetbrains/kotlin/builtins/UnsignedType
instanceKlass org/jetbrains/kotlin/backend/common/serialization/mangle/MangleConstant
instanceKlass org/jetbrains/kotlin/backend/common/serialization/mangle/MangleMode
instanceKlass org/jetbrains/kotlin/ir/declarations/IrParameterKind
instanceKlass org/jetbrains/kotlin/ir/util/IdSignature$Flags
instanceKlass org/jetbrains/kotlin/backend/common/serialization/proto/IdSignature$IdSigCase
instanceKlass org/jetbrains/kotlin/types/Variance
instanceKlass kotlin/reflect/jvm/internal/impl/km/KmVariance
instanceKlass kotlin/reflect/jvm/internal/impl/metadata/ProtoBuf$Expression$ConstantValue
instanceKlass kotlin/reflect/jvm/internal/impl/metadata/ProtoBuf$Effect$InvocationKind
instanceKlass kotlin/reflect/jvm/internal/impl/metadata/ProtoBuf$Effect$EffectType
instanceKlass kotlin/reflect/KVariance
instanceKlass kotlin/reflect/jvm/internal/impl/km/MemberKind
instanceKlass kotlin/reflect/jvm/internal/impl/km/ReturnValueStatus
instanceKlass kotlin/reflect/jvm/internal/impl/km/ClassKind
instanceKlass kotlin/reflect/jvm/internal/impl/km/Visibility
instanceKlass kotlin/reflect/jvm/internal/impl/km/Modality
instanceKlass kotlin/reflect/KParameter$Kind
instanceKlass kotlin/reflect/jvm/internal/MemberBelonginess
instanceKlass kotlin/reflect/jvm/internal/impl/metadata/ProtoBuf$VersionRequirement$VersionKind
instanceKlass kotlin/reflect/jvm/internal/impl/metadata/ProtoBuf$VersionRequirement$Level
instanceKlass org/jetbrains/kotlin/backend/common/serialization/encodings/BinarySymbolData$SymbolKind
instanceKlass org/jetbrains/kotlin/backend/common/serialization/IrDeserializationSettings$DeserializeFunctionBodies
instanceKlass org/jetbrains/kotlin/backend/common/serialization/DeserializationStrategy
instanceKlass org/jetbrains/kotlin/ir/types/SimpleTypeNullability
instanceKlass org/jetbrains/kotlin/cli/pipeline/web/wasm/WasmCompilationMode
instanceKlass org/jetbrains/kotlin/builtins/PrimitiveType
instanceKlass org/jetbrains/kotlin/descriptors/Modality
instanceKlass org/jetbrains/kotlin/renderer/AnnotationArgumentsRenderingPolicy
instanceKlass org/jetbrains/kotlin/renderer/PropertyAccessorRenderingPolicy
instanceKlass org/jetbrains/kotlin/renderer/ParameterNameRenderingPolicy
instanceKlass org/jetbrains/kotlin/renderer/RenderingFormat
instanceKlass org/jetbrains/kotlin/renderer/OverrideRenderingPolicy
instanceKlass org/jetbrains/kotlin/renderer/DescriptorRendererModifier
instanceKlass org/jetbrains/kotlin/konan/target/Architecture
instanceKlass org/jetbrains/kotlin/konan/target/Family
instanceKlass org/jetbrains/kotlin/storage/LockBasedStorageManager$NotValue
instanceKlass org/jetbrains/kotlin/metadata/ProtoBuf$TypeParameter$Variance
instanceKlass org/jetbrains/kotlin/metadata/ProtoBuf$Annotation$Argument$Value$Type
instanceKlass org/jetbrains/kotlin/protobuf/WireFormat$JavaType
instanceKlass org/jetbrains/kotlin/protobuf/WireFormat$FieldType
instanceKlass org/jetbrains/kotlin/library/loader/KlibLoaderResult$ProblemSeverity
instanceKlass org/jetbrains/kotlin/library/impl/BuiltInsPlatform
instanceKlass java/time/format/TextStyle
instanceKlass java/time/format/ResolverStyle
instanceKlass java/time/format/SignStyle
instanceKlass java/time/format/DateTimeFormatterBuilder$SettingsParser
instanceKlass java/time/temporal/JulianFields$Field
instanceKlass java/time/temporal/IsoFields$Unit
instanceKlass java/time/temporal/IsoFields$Field
instanceKlass java/time/temporal/ChronoUnit
instanceKlass java/time/temporal/ChronoField
instanceKlass jdk/nio/zipfs/ZipFileSystem$ZipAccessMode
instanceKlass java/nio/file/AccessMode
instanceKlass java/util/stream/MatchOps$MatchKind
instanceKlass org/jetbrains/kotlin/js/config/TsCompilationStrategy
instanceKlass org/jetbrains/kotlin/js/config/JsGenerationGranularity
instanceKlass kotlin/reflect/jvm/internal/impl/resolve/ExternalOverridabilityCondition$Result
instanceKlass kotlin/reflect/jvm/internal/impl/resolve/OverridingUtil$OverrideCompatibilityInfo$Result
instanceKlass kotlin/reflect/jvm/internal/impl/serialization/deserialization/AnnotatedCallableKind
instanceKlass kotlin/reflect/jvm/internal/impl/load/java/typeEnhancement/TypeComponentPosition
instanceKlass kotlin/reflect/jvm/internal/impl/load/java/typeEnhancement/MutabilityQualifier
instanceKlass kotlin/reflect/jvm/internal/impl/load/java/typeEnhancement/NullabilityQualifier
instanceKlass kotlin/reflect/jvm/internal/impl/load/java/lazy/types/JavaTypeFlexibility
instanceKlass kotlin/reflect/jvm/internal/impl/types/TypeUsage
instanceKlass kotlin/reflect/jvm/internal/impl/metadata/ProtoBuf$QualifiedNameTable$QualifiedName$Kind
instanceKlass kotlin/reflect/jvm/internal/impl/load/java/structure/LightClassOriginKind
instanceKlass kotlin/reflect/jvm/internal/impl/types/Variance
instanceKlass kotlin/reflect/jvm/internal/impl/metadata/ProtoBuf$Type$Argument$Projection
instanceKlass kotlin/reflect/jvm/internal/impl/resolve/ReturnValueStatus
instanceKlass kotlin/reflect/jvm/internal/impl/metadata/ProtoBuf$MemberKind
instanceKlass kotlin/reflect/jvm/internal/impl/metadata/ProtoBuf$ReturnValueStatus
instanceKlass kotlin/reflect/jvm/internal/impl/metadata/ProtoBuf$Class$Kind
instanceKlass kotlin/reflect/jvm/internal/impl/metadata/ProtoBuf$Modality
instanceKlass kotlin/reflect/jvm/internal/impl/metadata/ProtoBuf$Visibility
instanceKlass kotlin/reflect/jvm/internal/impl/serialization/deserialization/descriptors/DeserializedContainerAbiStability
instanceKlass kotlin/reflect/jvm/internal/impl/metadata/jvm/JvmProtoBuf$StringTableTypes$Record$Operation
instanceKlass kotlin/reflect/jvm/internal/impl/incremental/components/NoLookupLocation
instanceKlass kotlin/reflect/jvm/internal/impl/metadata/ProtoBuf$TypeParameter$Variance
instanceKlass kotlin/reflect/jvm/internal/impl/metadata/ProtoBuf$Annotation$Argument$Value$Type
instanceKlass kotlin/reflect/jvm/internal/impl/protobuf/WireFormat$JavaType
instanceKlass kotlin/reflect/jvm/internal/impl/protobuf/WireFormat$FieldType
instanceKlass kotlin/reflect/jvm/internal/impl/types/error/ErrorScopeKind
instanceKlass kotlin/reflect/jvm/internal/impl/descriptors/CallableMemberDescriptor$Kind
instanceKlass java/util/Locale$Category
instanceKlass kotlin/reflect/jvm/internal/impl/types/error/ErrorEntity
instanceKlass kotlin/reflect/jvm/internal/impl/types/error/ErrorTypeKind
instanceKlass kotlin/reflect/jvm/internal/impl/descriptors/ClassKind
instanceKlass kotlin/reflect/jvm/internal/impl/renderer/AnnotationArgumentsRenderingPolicy
instanceKlass kotlin/reflect/jvm/internal/impl/renderer/PropertyAccessorRenderingPolicy
instanceKlass kotlin/reflect/jvm/internal/impl/renderer/ParameterNameRenderingPolicy
instanceKlass kotlin/reflect/jvm/internal/impl/renderer/RenderingFormat
instanceKlass kotlin/reflect/jvm/internal/impl/renderer/OverrideRenderingPolicy
instanceKlass kotlin/reflect/jvm/internal/impl/renderer/DescriptorRendererModifier
instanceKlass kotlin/reflect/jvm/internal/impl/descriptors/Modality
instanceKlass kotlin/reflect/jvm/internal/impl/load/java/AnnotationQualifierApplicabilityType
instanceKlass kotlin/reflect/jvm/internal/impl/load/java/ReportLevel
instanceKlass kotlin/reflect/jvm/internal/impl/load/kotlin/header/KotlinClassHeader$Kind
instanceKlass kotlin/reflect/jvm/internal/impl/storage/LockBasedStorageManager$NotValue
instanceKlass kotlin/reflect/jvm/internal/impl/builtins/jvm/JvmBuiltIns$Kind
instanceKlass org/jetbrains/kotlin/config/DuplicatedUniqueNameStrategy
instanceKlass org/jetbrains/kotlin/config/KlibAbiCompatibilityLevel
instanceKlass org/jetbrains/kotlin/js/config/ModuleKind
instanceKlass org/jetbrains/kotlin/js/config/SourceMapNamesPolicy
instanceKlass org/jetbrains/kotlin/js/config/SourceMapSourceEmbedding
instanceKlass sun/misc/Unsafe$MemoryAccessOption
instanceKlass com/intellij/diagnostic/LoadingState
instanceKlass org/jetbrains/kotlin/cli/common/arguments/ArgumentLifecycleStatus
instanceKlass org/jetbrains/kotlin/config/LanguageFeature$State
instanceKlass org/jetbrains/kotlin/config/WarningLevel
instanceKlass org/jetbrains/kotlin/config/KlibIrInlinerMode
instanceKlass org/jetbrains/kotlin/config/PartialLinkageLogLevel
instanceKlass org/jetbrains/kotlin/config/HeaderMode
instanceKlass org/jetbrains/kotlin/config/ReturnValueCheckerMode
instanceKlass org/jetbrains/kotlin/config/ExplicitApiMode
instanceKlass org/jetbrains/kotlin/config/IrVerificationMode
instanceKlass org/jetbrains/kotlin/config/phaser/BeforeOrAfter
instanceKlass org/jetbrains/kotlin/diagnostics/Severity
instanceKlass kotlin/reflect/jvm/internal/impl/resolve/jvm/JvmPrimitiveType
instanceKlass kotlin/reflect/jvm/internal/impl/builtins/PrimitiveType
instanceKlass org/jetbrains/kotlin/util/CompilerType
instanceKlass org/jetbrains/kotlin/util/PhaseType
instanceKlass java/util/regex/Pattern$Qtype
instanceKlass org/jetbrains/kotlin/config/LanguageVersion
instanceKlass org/jetbrains/kotlin/config/LanguageFeature
instanceKlass kotlin/DeprecationLevel
instanceKlass java/lang/annotation/ElementType
instanceKlass kotlin/annotation/AnnotationTarget
instanceKlass java/lang/classfile/attribute/StackMapFrameInfo$SimpleVerificationTypeInfo
instanceKlass java/lang/reflect/ProxyGenerator$PrimitiveTypeInfo
instanceKlass java/lang/classfile/ClassFile$StackMapsOption
instanceKlass java/lang/reflect/AccessFlag$Location
instanceKlass java/lang/reflect/AccessFlag
instanceKlass java/lang/module/ModuleDescriptor$Modifier
instanceKlass java/lang/annotation/RetentionPolicy
instanceKlass kotlin/LazyThreadSafetyMode
instanceKlass org/jetbrains/kotlin/cli/common/messages/CompilerMessageSeverity
instanceKlass com/intellij/openapi/diagnostic/LogLevel
instanceKlass org/jetbrains/kotlin/cli/common/CompilerSystemProperties
instanceKlass org/jetbrains/kotlin/platform/wasm/WasmTarget
instanceKlass java/util/stream/Collector$Characteristics
instanceKlass java/util/stream/StreamShape
instanceKlass java/lang/classfile/Opcode$Kind
instanceKlass java/lang/classfile/Opcode
instanceKlass java/lang/invoke/VarHandle$AccessType
instanceKlass java/lang/invoke/VarHandle$AccessMode
instanceKlass java/lang/invoke/MethodHandleImpl$Intrinsic
instanceKlass java/lang/classfile/AttributeMapper$AttributeStability
instanceKlass jdk/internal/classfile/impl/AbstractPoolEntry$Utf8EntryImpl$State
instanceKlass java/lang/classfile/TypeKind
instanceKlass java/lang/invoke/LambdaForm$BasicType
instanceKlass java/lang/invoke/LambdaForm$Kind
instanceKlass java/lang/constant/DirectMethodHandleDesc$Kind
instanceKlass sun/invoke/util/Wrapper
instanceKlass java/util/stream/StreamOpFlag$Type
instanceKlass java/util/stream/StreamOpFlag
instanceKlass org/jetbrains/kotlin/cli/common/ExitCode
instanceKlass java/util/concurrent/TimeUnit
instanceKlass java/nio/file/LinkOption
instanceKlass sun/nio/fs/WindowsPathType
instanceKlass java/nio/file/StandardOpenOption
instanceKlass jdk/internal/vm/Continuation$Pinned
instanceKlass java/io/File$PathStatus
instanceKlass jdk/internal/module/ModuleBootstrap$IllegalNativeAccess
instanceKlass java/lang/reflect/ClassFileFormatVersion
instanceKlass java/lang/Thread$State
instanceKlass java/lang/module/ModuleDescriptor$Requires$Modifier
ciInstanceKlass java/lang/Enum 1 1 204 9 7 12 1 1 1 9 12 1 1 10 7 12 1 1 1 9 12 1 10 7 12 1 1 1 100 1 10 10 12 1 1 10 12 1 100 1 10 10 7 12 1 1 10 12 1 1 18 12 1 1 10 100 12 1 1 1 10 12 1 1 11 7 12 1 1 1 100 1 8 1 10 12 1 100 1 100 1 10 8 1 10 12 1 1 10 12 1 1 8 1 10 12 1 10 100 1 8 1 10 10 12 1 1 10 100 12 1 1 1 100 1 100 1 100 1 1 1 1 1 1 1 1 1 1 1 1 1 1 1 1 1 1 1 1 1 1 1 1 1 1 1 1 1 1 1 1 1 1 1 1 1 1 1 1 1 1 1 1 1 1 1 3 1 1 1 1 100 1 100 1 1 100 1 1 1 1 1 1 1 1 1 1 1 16 15 10 12 16 15 10 100 12 1 1 1 1 1 100 1 100 1 1
ciInstanceKlass java/lang/invoke/LambdaForm 1 1 1030 7 1 100 1 10 7 12 1 1 1 9 12 1 1 9 12 1 9 12 1 9 12 1 1 9 12 1 1 9 12 1 1 9 12 1 1 9 12 1 1 9 12 1 10 7 12 1 1 9 12 1 10 12 1 1 100 1 10 10 12 1 1 10 12 1 10 12 1 10 12 1 1 10 12 1 9 12 1 9 12 1 10 12 1 1 9 7 12 1 1 1 9 7 12 1 1 9 12 1 1 10 12 1 9 12 1 10 100 12 1 1 1 10 12 1 1 100 1 10 12 1 1 9 7 12 1 1 1 10 100 12 1 1 1 10 12 1 10 12 1 1 7 1 10 12 1 10 12 1 10 12 1 1 10 12 1 1 10 12 1 10 12 1 10 12 1 10 12 1 10 12 1 1 8 1 10 12 1 10 12 1 10 10 12 1 8 1 8 1 9 12 1 9 12 1 1 10 12 1 1 9 12 1 1 10 7 12 1 1 1 10 12 1 1 10 12 1 10 12 1 1 10 12 1 7 1 10 12 1 10 100 12 1 1 1 9 12 1 10 12 1 8 1 8 1 8 1 8 1 8 1 8 1 8 1 8 1 10 12 1 9 12 1 7 1 10 12 1 1 9 12 1 1 10 12 1 1 10 12 1 1 10 12 10 12 1 10 12 1 1 10 12 1 1 10 12 1 1 10 10 12 1 1 10 12 1 1 7 1 8 1 10 12 1 1 10 12 1 10 12 1 1 10 8 1 10 12 1 1 8 1 8 1 8 1 10 12 1 10 12 1 10 12 1 1 10 100 12 1 1 1 10 7 12 1 1 1 10 12 1 1 9 12 1 1 8 1 10 100 12 1 1 1 10 7 12 1 1 10 12 1 10 12 1 1 10 12 1 1 9 12 1 8 10 12 1 1 100 1 10 12 1 1 10 12 1 9 7 12 1 1 9 100 12 1 1 1 8 1 10 100 12 1 1 10 12 1 1 100 1 100 1 10 10 12 1 1 10 12 1 1 8 1 8 1 100 1 8 1 10 12 10 12 1 10 12 1 10 12 1 10 12 1 1 9 100 12 1 1 10 12 1 8 1 8 1 10 12 1 10 12 1 1 8 1 8 1 8 1 100 1 8 1 100 1 8 1 100 1 8 1 10 12 1 8 1 9 10 100 12 1 1 1 10 12 1 9 12 1 1 10 12 1 10 10 12 1 10 12 1 10 12 1 10 12 1 1 10 12 1 10 12 1 1 10 12 1 1 10 12 1 1 10 12 1 1 8 1 100 10 12 1 10 12 1 9 12 1 1 10 7 12 1 1 8 1 8 1 100 1 8 1 8 1 8 1 8 1 8 1 8 1 8 1 8 1 10 12 1 1 10 12 1 1 10 12 1 10 12 1 10 12 1 10 12 1 8 1 8 1 8 1 10 12 1 8 1 10 12 1 8 1 8 1 8 1 8 1 8 1 10 12 1 10 12 1 10 12 1 1 10 7 12 1 1 1 10 12 1 10 12 1 10 12 1 10 12 1 10 12 1 9 12 1 1 8 1 10 12 1 1 9 12 1 9 12 1 1 10 12 1 1 9 12 1 1 9 12 1 10 12 1 1 9 12 1 1 7 1 10 7 12 1 1 1 9 7 12 1 1 1 10 7 12 1 1 1 10 12 1 1 10 12 1 1 10 12 1 9 12 1 10 12 1 9 12 1 10 12 1 10 12 1 8 1 10 12 1 9 12 1 1 7 1 10 7 12 1 1 1 100 1 10 12 1 9 12 1 10 12 1 10 12 1 10 12 1 1 10 12 1 9 7 12 1 1 10 12 1 1 10 12 1 10 12 1 9 12 1 9 9 12 1 7 9 12 1 1 10 12 1 1 9 12 1 10 12 1 10 7 1 9 1 1 1 1 3 1 3 1 1 3 1 3 1 1 1 1 1 1 1 1 1 1 1 1 1 1 1 1 1 1 1 1 1 1 1 1 1 1 1 1 1 1 1 1 1 1 1 1 1 1 1 1 1 1 1 1 1 100 1 1 1 1 1 1 1 1 1 1 1 1 1 1 1 1 1 1 1 1 1 1 1 1 1 1 1 1 1 1 1 1 1 1 1 1 1 1 1 1 1 1 1 1 1 1 1 1 1 1 1 1 1 1 1 1 1 1 1 1 1 1 1 1 1 1 1 100 1 1 1 1 1 1 1 1 1 1 1 1 1 1 1 1 1 1 1 1 1 1 1 1 1 1 1 1 1 1 1 1 1 1 1 1 100 1 1 1 1 1 1 1 1 1 1 1 1 1 1 100 1 1 1 100 1 1 100 1 1 1 1 1 1 1 1 1 1 1 1
staticfield java/lang/invoke/LambdaForm DEFAULT_CUSTOMIZED Ljava/lang/invoke/MethodHandle; 
staticfield java/lang/invoke/LambdaForm DEFAULT_KIND Ljava/lang/invoke/LambdaForm$Kind; java/lang/invoke/LambdaForm$Kind
staticfield java/lang/invoke/LambdaForm COMPILE_THRESHOLD I 0
staticfield java/lang/invoke/LambdaForm INTERNED_ARGUMENTS [[Ljava/lang/invoke/LambdaForm$Name; 5 [[Ljava/lang/invoke/LambdaForm$Name;
staticfield java/lang/invoke/LambdaForm IMPL_NAMES Ljava/lang/invoke/MemberName$Factory; java/lang/invoke/MemberName$Factory
staticfield java/lang/invoke/LambdaForm LF_identity [Ljava/lang/invoke/LambdaForm; 6 [Ljava/lang/invoke/LambdaForm;
staticfield java/lang/invoke/LambdaForm NF_identity [Ljava/lang/invoke/LambdaForm$NamedFunction; 6 [Ljava/lang/invoke/LambdaForm$NamedFunction;
staticfield java/lang/invoke/LambdaForm LF_constant [Ljava/lang/invoke/LambdaForm; 5 [Ljava/lang/invoke/LambdaForm;
staticfield java/lang/invoke/LambdaForm createIdentityFormLock Ljava/lang/Object; java/lang/Object
staticfield java/lang/invoke/LambdaForm DEBUG_NAME_COUNTERS Ljava/util/HashMap; 
staticfield java/lang/invoke/LambdaForm DEBUG_NAMES Ljava/util/HashMap; 
staticfield java/lang/invoke/LambdaForm TRACE_INTERPRETER Z 0
staticfield java/lang/invoke/LambdaForm $assertionsDisabled Z 1
instanceKlass jdk/internal/reflect/DirectMethodHandleAccessor
ciInstanceKlass jdk/internal/reflect/MethodAccessorImpl 1 1 38 10 7 12 1 1 1 10 100 12 1 1 1 100 1 1 1 1 1 1 1 100 1 100 1 1 1 1 1 1 1 1 1 1 1 1 1 1
ciInstanceKlass jdk/internal/reflect/MethodAccessor 1 0 17 100 1 100 1 1 1 1 100 1 100 1 1 1 1 1 1
ciInstanceKlass java/util/Objects 1 1 184 10 7 12 1 1 1 100 1 8 1 10 12 1 10 12 1 1 10 7 12 1 1 1 10 12 1 1 10 12 1 10 100 12 1 1 1 10 12 1 1 10 7 12 1 1 1 100 1 10 10 12 1 1 10 100 12 1 1 10 12 1 1 8 1 10 100 12 1 1 1 10 100 12 1 1 1 10 11 100 12 1 1 1 100 1 10 10 12 1 8 1 10 12 1 8 1 100 1 11 12 1 1 8 1 10 7 12 1 1 1 10 12 1 1 10 12 1 10 12 1 10 12 1 10 12 1 1 1 1 1 1 1 1 1 1 1 1 1 1 1 1 1 1 1 1 1 1 1 1 1 1 1 1 1 1 1 1 1 1 1 1 1 1 1 1 1 1 1 1 1 1 1 1 1 1 1 1 1 1 1 1 1 1
ciInstanceKlass jdk/internal/reflect/CallerSensitive 0 0 17 100 1 100 1 100 1 1 1 1 1 1 1 1 1 1 1
ciInstanceKlass jdk/internal/reflect/DirectConstructorHandleAccessor$NativeAccessor 1 1 44 10 7 12 1 1 1 9 7 12 1 1 1 10 12 1 1 1 1 1 1 1 1 1 1 1 1 1 1 1 1 1 100 1 100 1 1 1 1 1 100 1 1 1
ciInstanceKlass jdk/internal/reflect/ConstructorAccessor 1 0 16 100 1 100 1 1 1 1 100 1 100 1 100 1 1 1
instanceKlass jdk/internal/reflect/DirectConstructorHandleAccessor
instanceKlass jdk/internal/reflect/DirectConstructorHandleAccessor$NativeAccessor
ciInstanceKlass jdk/internal/reflect/ConstructorAccessorImpl 1 1 27 10 7 12 1 1 1 100 1 100 1 1 1 1 1 1 1 1 1 100 1 100 1 100 1 1 1
ciInstanceKlass jdk/internal/reflect/ConstantPool 1 1 142 10 100 12 1 1 1 9 7 12 1 1 1 10 12 1 1 10 12 1 1 10 12 1 10 12 1 1 10 12 1 1 10 12 1 10 12 1 1 10 12 1 10 12 1 1 10 12 1 10 12 1 10 12 1 10 12 1 1 10 12 1 1 10 12 1 1 10 12 1 1 10 12 1 10 12 1 1 10 100 12 1 1 1 8 11 7 12 1 1 1 10 7 12 1 1 1 1 1 1 1 1 1 1 1 1 1 1 1 1 1 1 1 1 1 1 1 1 1 1 1 1 1 1 1 1 1 1 1 1 1 1 1 1 1 1 1 1 1 1 1 1
instanceKlass java/lang/invoke/VolatileCallSite
instanceKlass java/lang/invoke/MutableCallSite
instanceKlass java/lang/invoke/ConstantCallSite
ciInstanceKlass java/lang/invoke/CallSite 1 1 297 10 7 12 1 1 1 10 7 12 1 1 1 9 12 1 1 10 7 12 1 1 1 10 12 1 100 1 10 12 1 1 10 12 1 1 9 100 12 1 1 1 10 100 12 1 1 10 12 1 1 100 1 100 1 10 10 100 12 1 1 1 10 12 1 1 8 1 10 12 1 10 12 1 1 10 12 1 10 12 1 1 10 12 1 1 10 10 100 12 1 1 10 12 1 1 9 12 1 9 100 12 1 1 1 8 1 10 7 12 1 1 1 10 12 1 1 100 1 10 12 1 1 9 12 1 8 1 100 1 10 12 1 10 12 1 100 1 8 1 10 10 12 1 10 12 1 1 100 1 10 12 1 1 10 12 1 10 12 1 10 12 1 1 10 12 1 1 9 12 1 1 8 10 12 1 1 9 12 1 1 100 1 10 10 12 1 10 100 12 1 1 1 10 12 1 1 10 12 1 1 10 12 1 10 7 12 1 1 1 100 1 8 1 10 10 12 10 12 1 1 100 1 100 1 100 1 8 1 10 12 1 10 7 12 1 1 1 1 1 1 1 1 1 1 1 1 1 1 1 1 1 1 1 1 1 1 1 1 1 1 1 1 1 1 1 1 1 1 1 1 1 1 1 1 1 1 1 1 1 1 1 1 1 1 1 1 1 1 1 1 100 1 100 1 1 1
staticfield java/lang/invoke/CallSite $assertionsDisabled Z 1
ciInstanceKlass java/lang/invoke/ConstantCallSite 1 1 65 10 7 12 1 1 1 9 7 12 1 1 1 9 12 1 1 10 7 12 1 1 1 10 12 1 100 1 10 12 9 12 1 1 100 1 10 10 12 1 1 10 12 1 1 1 1 1 1 1 1 1 1 1 1 1 100 1 1 1 1 1 1 1 1
staticfield java/lang/invoke/ConstantCallSite UNSAFE Ljdk/internal/misc/Unsafe; jdk/internal/misc/Unsafe
instanceKlass java/lang/invoke/DirectMethodHandle$Special
instanceKlass java/lang/invoke/DirectMethodHandle$StaticAccessor
instanceKlass java/lang/invoke/DirectMethodHandle$Interface
instanceKlass java/lang/invoke/DirectMethodHandle$Constructor
instanceKlass java/lang/invoke/DirectMethodHandle$Accessor
ciInstanceKlass java/lang/invoke/DirectMethodHandle 1 1 929 7 1 100 1 7 1 7 1 10 7 12 1 1 1 10 7 12 1 1 1 100 1 10 12 1 10 12 1 1 10 7 12 1 1 10 12 1 1 10 12 1 10 12 1 7 1 10 12 1 1 10 12 1 1 10 12 1 10 12 1 1 10 7 12 1 1 1 10 12 1 9 7 12 1 1 1 100 1 10 9 12 1 1 9 12 1 10 12 1 10 12 1 10 12 1 1 10 12 1 10 12 1 10 12 1 10 7 12 1 1 1 10 12 1 10 12 1 1 8 1 10 12 1 1 7 1 10 12 1 7 1 10 10 12 1 10 12 1 10 12 1 10 7 12 1 1 1 10 12 1 1 7 1 10 12 1 10 12 1 7 1 10 12 1 10 12 1 1 10 12 1 1 10 12 8 10 7 12 1 1 1 10 12 1 10 12 1 10 12 1 1 10 12 1 9 7 12 1 1 1 7 1 10 12 1 10 7 12 1 1 1 10 12 1 10 12 1 1 9 12 1 1 7 1 10 8 1 10 12 1 1 10 12 1 1 8 1 10 12 1 10 12 1 10 10 12 1 10 12 1 10 12 1 10 12 1 10 12 1 1 10 12 1 10 12 1 10 12 1 1 10 10 7 12 1 1 1 10 12 1 10 12 1 1 10 12 1 10 12 1 1 8 1 9 7 12 1 1 1 8 1 9 12 1 9 12 1 8 1 9 12 1 9 12 1 8 1 9 12 1 9 12 1 8 1 10 12 1 10 12 1 1 10 7 12 1 1 1 10 12 1 10 12 1 1 9 12 1 1 7 1 10 12 1 1 100 1 10 7 12 1 1 1 10 12 1 1 10 12 1 1 7 1 10 12 1 1 10 12 1 10 12 1 1 7 1 10 12 1 1 10 12 1 10 12 1 10 12 1 1 10 12 1 9 12 1 1 10 7 1 9 12 1 10 12 1 7 1 7 1 7 1 10 7 12 1 1 1 9 12 1 1 10 7 12 1 1 1 10 7 12 1 1 10 12 10 12 1 100 1 10 12 1 10 12 1 1 8 1 9 12 1 9 12 1 10 12 1 1 9 12 1 1 10 100 12 1 1 1 9 12 1 1 9 12 1 1 10 12 1 10 12 1 10 12 1 10 12 1 1 10 12 1 9 12 1 9 12 1 10 12 1 10 12 1 10 12 1 10 12 1 1 10 12 1 1 9 12 1 1 10 12 1 1 9 7 12 1 1 1 9 12 1 9 12 1 9 12 1 9 12 1 9 12 1 9 12 1 9 12 1 9 12 1 9 12 1 9 12 1 9 12 1 9 12 1 9 12 1 9 12 1 9 12 1 9 12 1 9 12 1 9 12 1 9 12 1 9 12 1 9 12 1 9 12 1 9 12 1 9 12 1 100 1 10 12 1 8 1 8 1 8 1 8 1 8 1 8 1 8 1 8 1 8 1 10 12 1 10 12 1 8 1 8 1 8 1 9 12 1 1 9 12 1 1 10 12 1 10 12 1 1 10 12 1 1 9 7 1 10 12 1 10 12 10 12 1 10 12 1 10 12 1 10 8 1 8 1 8 1 8 1 10 12 1 1 9 12 1 1 10 12 1 10 100 12 1 1 1 8 9 12 1 1 10 12 1 1 8 1 8 8 9 12 1 8 1 8 8 8 8 8 1 8 10 12 1 7 1 10 12 1 8 1 8 1 10 12 1 10 12 1 10 12 1 9 12 1 10 12 1 1 7 1 1 1 1 3 1 3 1 3 1 3 1 3 1 3 1 3 1 3 1 1 1 1 1 1 1 1 1 1 3 1 3 1 3 1 1 3 1 3 1 1 1 1 1 1 1 1 1 1 1 1 1 1 1 1 1 1 1 1 1 1 1 1 1 1 1 1 1 1 1 1 1 1 1 1 1 1 1 1 1 1 1 1 1 1 1 1 1 1 1 1 1 1 1 1 1 1 1 1 1 1 100 1 1 1 1 1 1 1 1 1 100 1 1 1 1 1 1 1 1 1 1 1 1 1 1 1 1 1 1 1 1 1 1 1 1 1 1 1 1 1 1 1 1 1 1 1 1 1 1 1 1 1 1 1 1 1 1 1 1 1 1 1 1 1
staticfield java/lang/invoke/DirectMethodHandle IMPL_NAMES Ljava/lang/invoke/MemberName$Factory; java/lang/invoke/MemberName$Factory
staticfield java/lang/invoke/DirectMethodHandle FT_UNCHECKED_REF I 8
staticfield java/lang/invoke/DirectMethodHandle FT_CHECKED_REF I 9
staticfield java/lang/invoke/DirectMethodHandle ACCESSOR_FORMS [Ljava/lang/invoke/LambdaForm; 120 [Ljava/lang/invoke/LambdaForm;
staticfield java/lang/invoke/DirectMethodHandle ALL_WRAPPERS [Lsun/invoke/util/Wrapper; 10 [Lsun/invoke/util/Wrapper;
staticfield java/lang/invoke/DirectMethodHandle NFS [Ljava/lang/invoke/LambdaForm$NamedFunction; 12 [Ljava/lang/invoke/LambdaForm$NamedFunction;
staticfield java/lang/invoke/DirectMethodHandle OBJ_OBJ_TYPE Ljava/lang/invoke/MethodType; java/lang/invoke/MethodType
staticfield java/lang/invoke/DirectMethodHandle LONG_OBJ_TYPE Ljava/lang/invoke/MethodType; java/lang/invoke/MethodType
staticfield java/lang/invoke/DirectMethodHandle $assertionsDisabled Z 1
ciMethod java/lang/invoke/DirectMethodHandle allocateInstance (Ljava/lang/Object;)Ljava/lang/Object; 512 0 83447 0 432
ciMethod java/lang/invoke/DirectMethodHandle constructorMethod (Ljava/lang/Object;)Ljava/lang/Object; 512 0 84549 0 120
ciInstanceKlass java/lang/invoke/MutableCallSite 0 0 61 10 100 12 1 1 1 10 12 1 9 100 12 1 1 1 10 12 1 10 12 1 1 9 100 12 1 1 1 10 100 12 1 1 1 10 100 12 1 1 1 1 1 1 1 1 1 1 1 1 1 1 1 1 1 1 1 1 100 1 1
ciInstanceKlass java/lang/invoke/VolatileCallSite 0 0 37 10 100 12 1 1 1 10 12 1 10 100 12 1 1 1 10 12 1 10 12 1 1 1 1 1 1 1 1 1 1 1 1 1 1 1 1
instanceKlass java/lang/invoke/VarHandleReferences$Array
instanceKlass java/lang/invoke/VarHandleByteArrayAsDoubles$ByteArrayViewVarHandle
instanceKlass java/lang/invoke/VarHandleByteArrayAsLongs$ByteArrayViewVarHandle
instanceKlass java/lang/invoke/VarHandleByteArrayAsFloats$ByteArrayViewVarHandle
instanceKlass java/lang/invoke/VarHandleByteArrayAsInts$ByteArrayViewVarHandle
instanceKlass java/lang/invoke/VarHandleByteArrayAsChars$ByteArrayViewVarHandle
instanceKlass java/lang/invoke/VarHandleByteArrayAsShorts$ByteArrayViewVarHandle
instanceKlass java/lang/invoke/VarHandleReferences$FieldInstanceReadOnly
ciInstanceKlass java/lang/invoke/VarHandle 1 1 474 10 7 12 1 1 1 10 7 12 1 1 9 12 1 1 9 12 1 1 10 12 1 1 8 1 10 12 1 1 10 7 12 1 1 1 10 12 1 1 10 100 12 1 1 1 9 100 12 1 1 1 10 12 1 1 10 100 12 1 1 1 10 12 1 1 9 12 1 10 12 1 9 12 1 1 10 100 12 1 1 10 12 1 9 100 12 1 1 1 9 12 1 1 10 12 1 1 100 1 100 1 10 8 1 10 12 1 1 10 12 1 8 1 10 12 1 10 12 1 9 12 1 1 9 12 1 10 12 1 10 12 1 1 10 12 1 10 10 100 12 1 1 1 10 12 1 1 10 12 1 1 10 100 12 1 1 1 10 100 12 1 1 1 10 100 12 1 1 1 9 12 1 1 9 10 12 1 10 12 1 1 10 12 1 1 10 12 1 10 100 12 1 1 1 9 12 1 1 10 12 1 1 9 12 1 10 12 1 10 12 1 10 100 12 1 1 100 1 10 9 7 12 1 1 1 9 12 1 1 10 7 12 1 1 1 10 12 1 10 12 1 10 12 1 10 12 1 10 12 1 10 12 1 1 8 10 12 1 1 7 1 10 12 1 1 100 1 1 1 1 1 1 1 1 1 1 1 1 1 1 1 1 1 1 1 1 1 1 1 1 1 1 1 1 1 1 1 1 1 1 1 1 1 1 1 1 1 1 1 1 1 1 1 1 1 1 1 1 1 1 1 1 1 1 1 1 1 1 1 1 1 100 1 1 1 1 1 1 1 1 100 1 1 1 1 1 1 1 1 1 1 1 1 100 1 100 1 1 100 1 100 1 100 1 100 1 100 1 100 1 100 1 100 1 100 1 100 1 100 1 100 1 100 1 100 1 100 1 100 1 100 1 100 1 100 1 100 1 100 1 100 1 100 1 100 1 100 1 100 1 100 1 100 1 100 1 100 1 100 1 100 1 100 1 100 1 100 1 100 1 1 1 1 1 1 100 1 1 1 100 1 1 100 1 100 1 100 1 100 1 100 1 100 1 1 1 1 100 1 100 1 100 1 100 1 100 1 100 1 100 1 100 1
staticfield java/lang/invoke/VarHandle VFORM_OFFSET J 16
staticfield java/lang/invoke/VarHandle $assertionsDisabled Z 1
ciInstanceKlass java/lang/invoke/MemberName 1 1 730 7 1 7 1 100 1 9 12 1 1 10 7 12 1 1 1 9 12 1 1 10 12 1 1 10 12 1 1 10 12 1 1 10 12 1 10 12 1 1 10 7 12 1 1 1 10 12 1 9 7 12 1 1 10 12 1 100 1 100 1 10 12 1 8 1 10 12 1 1 10 12 1 10 12 1 1 10 12 1 9 12 1 1 8 1 10 100 12 1 1 1 7 1 10 10 12 1 1 100 1 100 1 10 12 1 9 12 1 1 100 1 8 1 10 12 1 10 12 1 10 12 1 10 12 1 10 12 1 1 10 12 1 10 12 1 10 12 1 1 8 1 8 1 10 12 1 8 1 9 12 1 1 3 10 12 1 10 12 1 10 12 1 10 10 7 12 1 1 1 10 12 1 10 12 1 10 12 1 10 12 1 7 1 8 10 12 1 1 10 12 1 1 8 1 9 100 1 8 9 100 1 10 12 1 1 10 12 1 10 12 1 8 1 10 12 1 1 10 12 1 10 12 1 10 12 1 10 12 1 1 100 1 10 12 1 1 10 12 1 8 1 10 12 1 10 12 1 8 1 10 12 1 1 10 12 1 1 100 1 10 12 1 1 10 12 8 1 8 1 100 1 10 12 1 10 100 12 1 1 1 100 1 10 12 10 12 1 10 12 1 10 12 1 10 12 1 10 10 12 1 10 12 1 10 12 1 3 10 12 1 3 10 12 1 3 3 3 3 3 3 10 12 1 3 9 12 1 10 12 1 1 3 10 12 1 10 10 7 12 1 1 1 10 12 1 1 10 100 12 1 1 10 10 12 1 10 12 1 1 10 12 1 10 10 12 1 1 10 12 1 10 12 1 10 12 1 100 1 10 10 10 12 100 1 10 10 10 12 1 1 10 12 1 1 10 10 12 1 8 10 7 1 10 12 1 10 7 1 10 12 1 10 12 1 10 12 1 10 10 12 1 10 12 1 1 10 12 1 1 10 12 1 10 12 1 10 12 1 100 1 10 12 1 1 100 1 8 1 10 7 1 10 12 1 10 12 10 12 1 1 10 12 1 10 12 1 8 1 8 1 8 1 8 1 10 12 1 10 12 1 10 7 12 1 1 1 8 1 8 1 10 12 1 8 1 10 10 10 12 1 10 12 1 8 1 8 1 10 10 12 1 8 1 10 100 12 1 1 1 8 1 100 1 10 12 1 10 12 1 1 10 12 1 8 1 8 1 8 1 8 1 100 1 10 8 1 8 1 8 1 8 1 10 12 1 100 1 100 1 100 1 10 100 1 10 100 1 10 100 12 1 1 1 9 7 12 1 1 1 100 1 100 1 1 1 1 1 1 1 3 1 3 1 3 1 3 1 3 1 3 1 1 1 1 1 1 1 1 3 1 3 1 1 1 1 1 1 1 1 1 1 1 1 1 1 1 1 1 1 1 1 1 1 1 1 100 1 1 1 1 1 1 1 1 1 1 1 1 1 1 1 1 1 1 1 1 1 1 1 1 1 1 1 1 1 1 1 1 1 1 1 1 1 1 1 1 1 1 1 1 1 1 1 1 1 1 1 1 1 1 1 1 1 1 1 1 1 1 1 1 1 1 1 1 1 1 1 1 1 1 1 1 100 1 1 1 1 1 1 1 1 1 1 1 1 1 1 1 1
staticfield java/lang/invoke/MemberName $assertionsDisabled Z 1
ciInstanceKlass java/lang/invoke/ResolvedMethodName 1 1 25 10 100 12 1 1 1 9 100 12 1 1 1 1 1 1 1 1 1 1 1 1 1 1 1
ciInstanceKlass java/lang/invoke/MethodHandleNatives 1 1 689 100 1 10 7 12 1 1 1 9 7 12 1 1 1 10 12 1 1 100 1 10 10 12 1 1 10 12 1 10 12 1 8 1 8 1 8 1 8 1 8 1 8 1 8 1 8 1 8 1 8 1 10 12 1 1 7 1 10 7 12 1 1 1 10 100 12 1 1 1 7 1 10 10 12 1 1 8 1 10 12 1 8 1 10 12 1 1 8 1 10 12 1 1 9 100 12 1 1 1 8 1 10 100 12 1 1 1 100 1 10 12 100 1 100 1 8 1 7 1 10 10 12 1 7 1 9 7 12 1 1 10 12 1 1 10 12 1 10 7 12 1 1 1 10 12 1 1 9 12 1 8 1 10 12 1 1 10 12 1 8 1 10 12 1 1 7 1 10 12 1 10 7 12 1 1 1 10 12 1 10 12 1 1 10 12 1 1 8 1 10 12 1 1 8 1 10 12 1 8 1 8 1 8 1 100 1 10 12 1 8 1 10 100 12 1 1 1 10 12 1 1 10 100 12 1 1 10 10 12 1 1 10 12 1 10 100 12 1 1 1 100 1 8 1 10 100 12 1 1 1 7 1 8 1 10 12 1 8 1 8 1 8 1 8 1 8 1 10 12 1 1 10 12 1 1 10 12 1 10 12 1 1 10 12 1 1 7 1 10 12 1 100 1 100 1 10 12 1 10 12 1 8 1 8 1 10 10 12 1 1 10 12 1 1 8 1 10 100 12 1 1 8 1 8 1 10 12 1 1 10 7 12 1 1 1 100 1 10 12 1 1 7 1 9 12 1 1 10 7 12 1 1 1 10 10 12 1 9 12 1 10 12 1 9 12 1 9 12 1 10 12 1 1 10 12 1 10 12 1 1 7 1 7 1 10 12 1 1 10 12 1 10 12 1 1 10 7 12 1 1 1 10 12 1 8 1 10 12 1 10 12 1 10 12 1 1 10 12 1 10 7 12 1 1 1 10 12 1 1 100 1 8 1 10 9 7 12 1 1 1 10 12 1 1 10 12 1 1 100 1 10 12 1 1 10 12 1 1 100 1 100 1 10 10 100 1 100 1 10 100 1 10 10 12 1 1 10 100 1 10 12 1 10 12 1 1 10 12 1 1 10 12 1 1 10 12 1 10 12 1 1 10 8 1 10 12 1 10 12 1 10 12 1 10 12 1 10 12 1 1 10 12 1 10 12 1 10 12 1 10 10 7 12 1 1 10 12 1 1 1 1 1 1 1 1 1 1 1 1 1 100 1 1 1 1 1 1 1 1 1 1 1 1 1 1 1 1 1 1 1 1 1 1 1 1 1 1 1 1 1 1 1 1 1 1 1 1 1 1 1 1 1 1 1 1 1 1 1 1 1 1 1 1 1 1 1 1 1 1 1 1 1 1 1 100 1 1 1 1 1 1 1 1 1 1 1 1 1 1 1 1 1 1 1 1 1 1 1 1 1 1 1 1 1 1 1 1 1 1 1 100 1 1 1 1 1 1 1 1 1 1 1 1 1 1 1 1 1 1 1 1 1 1 1 1 1 1 1 1 1 1 1 1 1 1 100 1 1
staticfield java/lang/invoke/MethodHandleNatives $assertionsDisabled Z 1
ciInstanceKlass jdk/internal/foreign/abi/NativeEntryPoint 0 0 223 10 100 12 1 1 1 9 100 12 1 1 1 9 12 1 1 100 1 8 1 10 12 1 10 12 1 1 100 1 10 100 12 1 1 1 10 12 1 9 12 1 1 18 12 1 1 10 100 12 1 1 1 9 100 12 1 1 1 8 1 10 12 1 1 8 1 8 1 8 1 8 1 10 100 12 1 1 1 100 1 10 10 12 1 1 8 1 10 12 1 8 1 10 12 1 10 12 1 1 10 12 1 1 100 1 8 1 10 12 1 10 12 1 1 100 1 8 1 10 10 12 1 9 12 1 1 18 12 1 1 10 100 12 1 1 1 10 12 1 1 10 12 1 10 100 12 1 1 1 10 1 1 1 1 1 1 1 1 1 1 1 1 1 1 1 1 1 1 1 1 1 1 1 1 1 1 1 1 1 1 1 1 1 1 1 1 1 1 1 1 1 1 1 1 16 1 15 10 12 16 1 16 15 10 12 15 10 100 12 1 1 1 1 1 100 1 1 100 1 100 1 1
ciInstanceKlass jdk/internal/foreign/abi/ABIDescriptor 0 0 55 10 100 12 1 1 1 9 100 12 1 1 1 9 12 1 1 9 12 1 9 12 1 9 12 1 1 9 12 1 9 12 1 1 9 12 1 9 12 1 9 12 1 9 12 1 1 1 1 1 1 1 1 1 1
ciInstanceKlass jdk/internal/foreign/abi/VMStorage 0 0 111 10 100 12 1 1 1 9 100 12 1 1 1 9 12 1 1 9 12 1 1 9 12 1 1 100 1 10 8 1 10 12 1 1 10 12 1 10 12 1 1 10 12 1 100 1 10 100 12 1 1 1 10 100 12 1 1 10 100 12 1 1 10 100 12 1 1 1 18 12 1 1 1 1 1 1 1 1 1 1 1 1 1 1 1 1 1 1 1 1 1 1 8 1 15 15 15 15 15 10 100 12 1 1 1 1 100 1 100 1 1
ciInstanceKlass jdk/internal/foreign/abi/UpcallLinker$CallRegs 0 0 66 10 100 12 1 1 1 9 100 12 1 1 1 9 12 1 18 12 1 1 18 12 1 1 18 12 1 1 1 1 1 1 1 1 1 1 1 1 1 1 1 1 1 1 100 1 1 1 8 1 15 15 15 10 100 12 1 1 1 1 1 100 1 100 1 1
instanceKlass java/lang/StackFrameInfo
ciInstanceKlass java/lang/ClassFrameInfo 0 0 126 10 100 12 1 1 1 9 100 12 1 1 1 100 1 3 9 12 1 1 9 12 1 1 100 1 9 12 1 1 3 11 100 12 1 1 1 11 12 1 10 12 1 1 10 12 1 1 10 12 1 100 1 10 10 12 1 1 8 1 8 1 10 12 100 1 10 10 12 1 1 8 1 10 12 1 8 1 10 12 8 1 10 12 1 10 100 12 1 1 1 100 1 1 1 1 1 1 1 1 1 1 1 1 1 1 1 1 1 1 1 1 1 1 1 1 1 1 1 100 1 1 1 1 1 1
ciInstanceKlass java/lang/StackWalker$StackFrame 0 0 41 100 1 10 12 1 1 100 1 100 1 1 1 1 1 1 1 1 1 1 1 1 1 1 1 1 1 1 1 1 1 1 1 1 1 1 1 100 1 1 1
ciInstanceKlass java/lang/StackWalker 0 0 236 9 100 12 1 1 1 10 100 12 1 1 1 100 1 10 100 12 1 1 1 10 12 1 1 11 100 12 1 1 1 10 12 1 1 10 12 1 1 100 1 8 1 10 12 1 10 12 1 10 12 1 10 100 12 1 1 9 12 1 1 9 12 1 1 9 12 1 1 9 12 1 1 10 12 1 1 9 12 1 1 9 12 1 1 9 12 1 1 9 12 1 1 10 12 1 1 10 100 12 1 1 1 10 100 12 1 1 1 18 12 1 1 100 1 8 1 10 8 1 10 12 1 1 10 100 12 1 1 1 10 12 1 1 10 12 1 11 12 1 1 9 100 12 1 1 11 100 12 1 1 1 10 12 1 1 1 1 1 1 1 1 1 1 1 1 1 1 1 1 1 1 1 1 1 1 1 1 1 1 1 1 1 1 1 1 1 1 1 1 1 1 1 1 1 1 1 1 1 1 1 1 1 1 1 1 1 1 1 100 1 1 16 15 10 12 16 1 15 10 100 12 1 1 1 1 1 1 1 1 1 100 1 100 1 1
instanceKlass java/lang/LiveStackFrameInfo
ciInstanceKlass java/lang/StackFrameInfo 0 0 150 10 100 12 1 1 1 9 100 12 1 1 1 9 12 1 1 11 100 12 1 1 1 10 12 1 1 10 100 12 1 1 1 9 12 1 1 10 12 1 1 9 12 1 1 100 1 10 12 10 12 1 9 12 1 100 1 100 1 10 12 1 1 11 12 1 1 10 12 1 10 12 1 10 12 1 1 9 12 1 1 10 12 1 1 10 100 12 1 1 10 12 1 1 9 12 1 10 100 12 1 1 1 9 12 1 1 10 100 1 10 12 1 9 12 1 1 10 12 1 1 10 12 1 1 1 1 1 1 1 1 1 1 1 1 1 1 1 1 100 1 100 1 1 1 1 1 1 1 1
ciInstanceKlass java/lang/LiveStackFrameInfo 0 0 97 10 100 12 1 1 1 9 100 12 1 1 1 9 12 1 9 12 1 9 12 1 9 12 1 1 100 1 10 12 1 1 10 12 1 8 1 10 12 1 1 8 1 8 1 8 1 10 100 1 10 12 1 100 1 10 12 1 100 1 100 1 1 1 3 1 3 1 1 1 1 1 1 1 1 1 1 1 1 1 1 1 1 1 1 1 1 1 1 1 1 1 1 1 100 1 1
ciInstanceKlass java/lang/LiveStackFrame 0 0 112 100 1 10 100 12 1 1 1 11 100 12 1 1 1 11 12 1 9 100 12 1 1 1 10 100 12 1 1 1 10 100 12 1 1 1 11 12 1 10 12 1 100 1 100 1 1 1 1 1 1 1 1 1 1 1 1 1 1 1 1 1 1 1 1 1 1 1 1 1 100 1 1 1 1 1 1 1 100 1 8 1 1 12 10 1 1 1 8 1 1 1 8 1 1 1 8 1 1 1 8 1 1 8 1 1 1 8 1 1 8 1
ciInstanceKlass java/lang/StackStreamFactory$AbstractStackWalker 1 0 364 100 1 100 1 3 10 100 12 1 1 1 10 100 12 1 1 10 100 12 1 1 1 9 12 1 1 9 12 1 1 9 12 1 1 9 12 1 9 12 1 10 100 12 1 1 1 10 12 1 1 10 100 12 1 1 9 12 1 1 9 12 1 1 10 12 1 1 9 12 1 1 10 100 12 1 1 1 10 12 1 1 9 12 1 1 9 100 12 1 1 1 100 1 10 8 1 10 12 1 1 10 12 1 8 1 10 12 1 1 10 100 12 1 1 1 100 1 8 1 10 12 1 8 1 10 12 10 100 12 1 1 9 12 1 1 8 1 5 0 8 1 8 1 9 12 1 1 10 12 1 1 18 12 1 1 10 100 12 1 1 1 10 12 1 1 10 12 1 10 12 1 9 100 12 1 1 1 10 12 1 1 9 12 1 10 12 1 10 12 1 10 12 1 10 12 1 10 12 1 10 12 1 1 8 1 10 12 1 10 12 1 10 12 1 10 12 1 1 8 1 10 12 1 1 10 12 1 1 10 12 1 1 10 12 1 10 12 1 10 12 1 9 12 1 8 1 10 12 1 8 1 10 12 1 10 12 1 1 10 12 1 10 12 1 10 12 1 1 10 12 1 10 12 1 10 12 1 10 12 1 10 12 1 10 12 1 1 10 12 1 10 12 1 10 12 1 10 12 1 8 1 1 1 1 1 1 1 1 1 1 1 1 1 100 1 1 1 1 1 1 100 1 1 1 1 100 1 1 1 1 1 1 1 1 1 1 1 1 1 1 1 1 1 1 16 15 15 10 100 12 1 1 1 1 1 1 1 1 100 1 100 1 1
ciInstanceKlass jdk/internal/module/Modules 1 1 481 10 100 12 1 1 1 9 7 12 1 1 1 11 7 12 1 1 1 11 12 1 1 11 12 1 1 11 12 1 1 11 12 1 11 12 1 11 12 1 11 12 1 11 12 1 11 12 1 1 10 100 12 1 1 1 10 12 1 1 10 100 12 1 1 10 100 12 1 1 1 10 100 12 1 1 10 12 1 1 11 12 1 9 12 1 1 11 100 12 1 1 1 10 12 1 1 10 10 12 1 10 100 1 9 12 1 1 10 100 12 1 1 10 12 1 1 10 100 12 1 1 1 100 1 11 100 12 1 1 1 10 100 12 1 1 1 11 100 12 1 1 10 12 1 1 10 100 12 1 1 10 100 12 1 1 1 10 12 1 1 10 12 1 1 11 12 1 1 18 12 1 1 11 100 12 1 1 10 100 12 1 1 1 11 100 12 1 1 1 100 1 11 12 1 1 11 100 12 1 1 1 11 12 1 1 10 12 1 1 10 100 12 1 1 18 12 1 1 11 12 1 1 18 12 1 1 11 12 1 1 10 12 1 18 18 10 12 1 1 9 12 1 1 11 100 12 1 1 1 100 1 10 11 12 1 11 12 1 1 10 100 1 10 12 1 1 10 100 12 1 1 10 12 1 1 11 12 10 12 1 1 100 1 10 18 12 1 10 12 1 1 100 1 8 1 10 12 1 10 100 12 1 1 18 12 1 11 11 12 10 12 1 10 10 100 1 18 12 1 10 10 10 7 12 1 1 10 7 12 1 1 1 10 12 1 1 1 1 1 1 1 1 1 1 1 1 1 1 1 1 1 1 1 1 1 1 1 1 1 1 1 1 1 1 1 1 1 1 1 1 1 1 1 1 1 1 1 1 1 1 1 1 1 1 1 1 1 1 1 1 1 1 1 1 1 1 1 1 100 1 1 1 1 1 1 1 1 1 1 1 1 1 1 1 1 1 1 1 1 1 1 1 16 15 10 12 1 16 1 16 1 15 10 12 1 16 1 16 1 15 10 12 16 1 15 10 16 1 15 10 12 16 1 16 15 10 12 16 15 10 12 16 15 10 12 15 10 100 12 1 1 1 1 1 1 100 1 100 1 1
staticfield jdk/internal/module/Modules JLA Ljdk/internal/access/JavaLangAccess; java/lang/System$1
staticfield jdk/internal/module/Modules JLMA Ljdk/internal/access/JavaLangModuleAccess; java/lang/module/ModuleDescriptor$1
staticfield jdk/internal/module/Modules $assertionsDisabled Z 1
ciInstanceKlass java/lang/invoke/Invokers$Holder 1 1 139 1 100 1 100 1 1 1 7 1 7 1 7 1 1 12 10 1 1 12 10 1 1 12 10 1 1 1 12 10 1 1 12 10 1 12 10 1 1 1 12 10 1 1 100 1 1 12 10 1 12 10 1 1 12 10 1 12 10 1 1 12 10 1 1 12 10 1 1 12 10 1 12 10 1 1 12 10 1 1 12 10 1 1 12 10 1 12 10 1 1 12 10 12 10 1 12 10 1 12 10 1 12 10 1 12 10 12 10 1 1 12 10 1 1 12 10 1 1 12 10 1 1 12 10 1 1 12 10 1 12 10 1 1 1 1 1 1 1
ciMethod java/lang/invoke/Invokers$Holder linkToTargetMethod (Ljava/lang/Object;Ljava/lang/Object;Ljava/lang/Object;)Ljava/lang/Object; 518 0 36574 0 -1
ciMethod java/lang/invoke/Invokers$Holder linkToTargetMethod (Ljava/lang/Object;Ljava/lang/Object;)Ljava/lang/Object; 512 0 16143 0 -1
ciInstanceKlass java/lang/invoke/DirectMethodHandle$Holder 1 1 541 1 100 1 100 1 1 1 7 1 1 12 10 1 12 10 1 7 1 7 1 1 12 10 1 1 1 1 12 10 1 1 12 10 1 1 12 10 1 1 12 10 1 1 12 10 1 1 12 10 1 1 12 10 1 1 12 10 1 1 12 10 1 1 12 10 1 1 12 10 1 1 12 10 1 1 12 10 1 1 12 10 1 1 12 10 12 10 1 1 12 10 1 1 12 10 1 1 12 10 1 1 12 10 1 1 12 10 1 1 12 10 1 1 12 10 1 1 12 10 1 1 12 10 1 1 12 10 1 1 12 10 1 1 12 10 1 1 12 10 1 1 12 10 1 1 12 10 1 1 12 10 1 1 12 10 1 1 12 10 1 1 12 10 1 1 12 10 1 1 12 10 1 1 12 10 1 1 12 10 1 1 12 10 1 1 12 10 1 1 12 10 1 1 12 10 1 1 12 10 1 1 12 10 12 10 12 10 12 10 12 10 12 10 12 10 12 10 12 10 1 1 12 10 12 10 12 10 12 10 1 1 12 10 1 1 12 10 1 1 12 10 1 1 12 10 1 1 12 10 1 1 12 10 1 1 12 10 1 1 12 10 1 1 12 10 1 1 12 10 1 1 12 10 1 1 12 10 1 1 12 10 1 1 12 10 1 1 12 10 1 1 12 10 12 10 12 10 12 10 1 12 10 1 1 12 10 1 1 12 10 1 1 1 1 12 10 12 10 1 1 12 10 1 12 10 12 10 1 1 12 10 1 1 12 10 1 12 10 1 1 12 10 12 10 1 1 1 12 10 1 12 10 1 7 1 1 12 9 1 7 1 1 12 10 1 1 12 10 1 1 1 12 10 1 12 10 1 1 12 10 1 12 10 1 1 1 12 10 1 1 1 1 12 10 1 1 12 10 1 1 12 10 1 12 10 1 1 1 1 1 12 10 1 1 12 10 1 1 12 10 1 12 10 1 1 1 1 1 12 10 1 1 12 10 1 1 12 10 1 12 10 1 1 1 1 12 10 1 1 12 10 1 1 12 10 1 12 10 1 1 1 1 1 12 10 1 12 10 1 1 1 12 10 1 12 10 1 1 1 1 12 10 1 12 10 1 1 1 12 10 1 12 10 1 1 1 1 1 12 10 1 12 10 1 1 1 12 10 1 12 10 1 1 1 12 10 1 12 10 1 1 12 10 1 12 10 1 1 12 10 1 1 1 1 1 1 1 1 1 1
ciMethod java/lang/invoke/DirectMethodHandle$Holder newInvokeSpecial (Ljava/lang/Object;Ljava/lang/Object;Ljava/lang/Object;)Ljava/lang/Object; 522 0 37202 0 -1
ciInstanceKlass jdk/internal/loader/ClassLoaders 1 1 185 10 100 12 1 1 1 10 7 12 1 1 1 10 12 1 1 10 100 12 1 1 1 9 7 12 1 1 1 9 12 1 1 9 12 1 1 7 1 11 100 12 1 1 1 100 1 11 12 1 1 11 12 1 1 10 100 12 1 1 1 10 100 12 1 1 1 100 1 100 1 10 7 12 1 1 1 9 12 1 1 8 1 10 7 12 1 1 1 10 12 1 1 7 1 10 12 1 10 12 1 1 7 1 10 12 1 1 10 12 1 1 10 12 1 7 1 10 12 10 12 1 8 1 10 7 12 1 1 8 1 8 1 10 12 1 7 1 10 10 12 1 10 12 1 1 1 1 1 1 1 1 1 1 1 1 1 1 1 1 1 1 1 1 100 1 1 1 1 1 1 1 1 1 1 1 1 1 1 1 1 1 1 1 1
staticfield jdk/internal/loader/ClassLoaders JLA Ljdk/internal/access/JavaLangAccess; java/lang/System$1
staticfield jdk/internal/loader/ClassLoaders BOOT_LOADER Ljdk/internal/loader/ClassLoaders$BootClassLoader; jdk/internal/loader/ClassLoaders$BootClassLoader
staticfield jdk/internal/loader/ClassLoaders PLATFORM_LOADER Ljdk/internal/loader/ClassLoaders$PlatformClassLoader; jdk/internal/loader/ClassLoaders$PlatformClassLoader
staticfield jdk/internal/loader/ClassLoaders APP_LOADER Ljdk/internal/loader/ClassLoaders$AppClassLoader; jdk/internal/loader/ClassLoaders$AppClassLoader
instanceKlass org/jetbrains/kotlin/ir/expressions/IrMemberAccessExpression$ValueArgumentsList
instanceKlass com/intellij/util/containers/FreezableArrayList
instanceKlass org/jetbrains/kotlin/config/MavenComparableVersion$ListItem
ciInstanceKlass java/util/ArrayList 1 1 514 10 7 12 1 1 1 7 1 9 7 12 1 1 1 9 12 1 100 1 100 1 10 8 1 10 12 1 1 10 12 1 10 12 1 1 10 12 1 9 12 1 11 7 12 1 1 1 9 12 1 1 11 12 1 1 7 10 7 12 1 1 1 9 12 1 10 12 1 10 12 1 1 10 7 12 1 1 1 10 7 12 1 1 1 10 12 1 1 10 12 1 1 10 12 1 1 10 12 1 10 12 1 1 100 1 100 1 10 12 1 10 10 7 12 1 1 1 10 7 12 1 1 10 12 1 100 1 10 10 12 10 12 1 1 10 12 1 1 10 12 1 10 12 10 12 1 1 7 1 10 12 1 1 10 12 1 1 10 12 1 100 1 10 11 12 1 1 11 7 12 1 1 1 11 12 1 10 12 1 10 12 1 10 12 1 1 100 1 10 12 1 1 10 10 12 1 1 10 12 1 8 1 8 1 8 1 8 1 10 12 1 1 10 12 1 1 11 12 1 100 1 10 100 12 1 1 10 12 1 10 12 1 1 10 100 12 1 1 10 12 1 10 100 12 1 1 1 11 100 12 1 1 1 10 12 1 100 1 8 1 10 7 1 10 12 1 7 1 10 12 1 10 12 1 1 7 1 10 12 1 10 12 1 1 11 100 12 1 1 7 1 10 12 1 10 12 1 1 11 100 12 1 1 10 12 1 1 10 12 1 1 10 12 1 1 10 12 1 1 11 7 12 1 1 10 12 1 1 10 12 1 1 100 1 100 1 100 1 1 1 1 5 0 1 3 1 1 1 1 1 1 1 1 1 1 1 1 1 1 1 1 1 1 1 1 1 1 1 1 1 1 1 1 1 1 1 1 1 1 1 1 1 1 1 1 1 1 1 1 1 1 1 1 1 1 1 1 1 1 1 1 1 1 1 1 1 1 1 1 1 1 1 1 1 1 1 1 1 1 1 1 1 1 1 1 1 1 1 1 1 1 1 1 1 1 1 1 1 1 1 1 1 1 1 1 1 1 1 1 100 1 1 1 1 100 1 1 1 1 1 1 1 1 1 1 1 1 1 1 1 1 1 1 1 1 1 1 1 1 1 1 1 1 1 100 1 1 1 1 1 1 1 1 1 1 1 1 1 1 1 1 1 1 1 100 1 100 1 1 1 1 1 1
staticfield java/util/ArrayList EMPTY_ELEMENTDATA [Ljava/lang/Object; 0 [Ljava/lang/Object;
staticfield java/util/ArrayList DEFAULTCAPACITY_EMPTY_ELEMENTDATA [Ljava/lang/Object; 0 [Ljava/lang/Object;
ciInstanceKlass java/util/List 1 1 251 10 100 12 1 1 1 11 100 12 1 1 1 11 100 12 1 1 1 11 12 1 1 11 100 12 1 1 11 12 1 1 11 12 1 1 10 100 12 1 1 1 100 1 100 1 10 12 1 1 100 1 10 100 12 1 1 1 11 12 1 1 11 12 1 11 12 1 100 1 10 12 1 11 12 1 1 11 12 1 1 11 12 1 10 100 12 1 1 1 9 7 12 1 1 1 7 1 10 12 10 12 1 7 1 10 12 1 1 10 12 1 10 12 1 1 11 12 1 1 100 1 1 1 1 1 1 1 1 1 1 1 1 1 1 1 1 1 1 1 1 1 1 1 1 1 1 1 1 1 1 1 1 1 1 1 1 1 1 1 1 1 1 1 1 100 1 100 1 1 1 1 1 1 1 1 1 1 1 1 1 1 1 1 1 1 1 1 1 1 1 1 1 1 1 1 1 1 1 1 1 1 1 1 1 1 1 1 1 1 1 1 1 1 1 1 1 1 1 1 1 1 1 1 1 1 1 1 1 1 1 1 1 1 1 1 1 1 1 1 1 1 1 1 100 1 1 100 1 1 1
ciInstanceKlass java/util/SequencedCollection 1 1 104 100 1 10 12 1 1 11 100 12 1 1 1 11 100 12 1 1 1 11 12 1 1 11 12 1 100 1 100 1 1 1 1 1 1 1 1 1 1 1 1 1 1 1 1 1 1 1 1 1 1 1 1 1 1 1 1 1 100 1 8 1 12 10 1 1 8 1 1 1 8 1 1 8 1 1 1 8 1 1 8 1 1 1 8 1 1 8 1 8 1 1 8 1 1 1 8 1 1 8 1 1 8 1
ciInstanceKlass java/lang/Iterable 1 1 62 10 7 12 1 1 1 11 7 12 1 1 1 11 7 12 1 1 1 11 12 1 1 11 7 12 1 1 1 10 100 12 1 1 1 100 1 1 1 1 1 1 1 1 1 1 1 1 1 1 1 1 1 1 1 1 1 1 1 1 1 1
ciMethod java/util/List iterator ()Ljava/util/Iterator; 0 0 1 0 -1
ciInstanceKlass java/util/RandomAccess 1 0 7 100 1 100 1 1 1
instanceKlass it/unimi/dsi/fastutil/objects/AbstractObjectCollection
instanceKlass com/google/common/collect/Multimaps$Entries
instanceKlass com/google/common/collect/AbstractMapBasedMultimap$WrappedCollection
instanceKlass java/util/LinkedHashMap$LinkedValues
instanceKlass java/util/HashMap$Values
instanceKlass java/util/ArrayDeque
instanceKlass java/util/AbstractSet
instanceKlass java/util/ImmutableCollections$AbstractImmutableCollection
instanceKlass java/util/AbstractList
ciInstanceKlass java/util/AbstractCollection 1 1 160 10 7 12 1 1 1 10 7 12 1 1 1 10 12 1 1 11 7 12 1 1 1 11 12 1 1 10 12 1 1 10 100 12 1 1 1 10 12 1 1 10 12 1 1 10 7 12 1 1 10 7 12 1 1 1 7 1 10 100 12 1 1 1 10 100 12 1 1 1 100 1 10 11 12 1 11 7 1 10 12 1 10 12 1 10 100 12 1 1 1 11 8 1 100 1 10 10 12 1 1 8 1 10 12 1 10 12 1 1 1 1 1 1 1 1 1 1 1 1 1 1 1 1 1 1 1 1 1 1 1 1 1 1 1 1 1 1 1 1 1 1 1 1 1 1 1 1 1 1 1 1 1 1 1 1 1 1 1 1
instanceKlass org/jetbrains/kotlin/protobuf/UnmodifiableLazyStringList
instanceKlass org/jetbrains/kotlin/protobuf/LazyStringArrayList
instanceKlass java/util/AbstractSequentialList
instanceKlass kotlin/reflect/jvm/internal/impl/protobuf/UnmodifiableLazyStringList
instanceKlass kotlin/reflect/jvm/internal/impl/protobuf/LazyStringArrayList
instanceKlass kotlin/reflect/jvm/internal/impl/utils/SmartList
instanceKlass com/intellij/util/SmartList
instanceKlass kotlin/collections/AbstractMutableList
instanceKlass org/jetbrains/kotlin/utils/SmartList
instanceKlass java/util/Vector
instanceKlass java/util/Collections$SingletonList
instanceKlass java/util/ArrayList$SubList
instanceKlass java/util/AbstractList$SubList
instanceKlass java/util/Arrays$ArrayList
instanceKlass java/util/Collections$EmptyList
instanceKlass java/util/ArrayList
ciInstanceKlass java/util/AbstractList 1 1 218 10 7 12 1 1 1 9 7 12 1 1 1 10 12 1 1 10 12 1 1 100 1 10 10 12 1 1 11 7 12 1 1 1 11 12 1 1 11 12 1 10 7 12 1 1 1 10 12 1 11 12 1 11 12 1 11 12 1 10 12 1 1 10 12 1 1 11 100 12 1 1 1 11 100 1 11 7 1 10 12 1 7 1 10 12 1 10 12 1 1 7 1 7 1 10 12 1 100 1 10 100 1 100 1 10 8 1 10 12 1 1 10 12 1 10 12 1 1 10 12 1 8 1 100 1 8 1 8 1 8 1 10 7 1 11 10 10 12 1 11 12 1 10 12 1 1 8 1 8 1 1 1 1 1 1 1 1 1 1 1 1 1 1 1 1 1 1 1 1 1 1 1 1 1 1 1 1 1 1 1 1 1 1 1 1 1 1 1 1 1 1 1 1 1 1 1 1 1 1 1 1 1 1 1 1 1 1 100 1 100 1 1 1 1 1 1 1
ciMethod java/util/ArrayList iterator ()Ljava/util/Iterator; 512 0 28833 0 192
ciInstanceKlass java/lang/annotation/Annotation 1 0 17 100 1 100 1 1 1 1 1 1 1 1 1 1 1 1 1
ciInstanceKlass java/util/Collections 1 1 933 10 7 12 1 1 1 11 7 12 1 1 1 7 1 11 12 1 1 7 1 10 12 1 1 10 12 1 11 12 1 1 100 1 11 12 1 1 11 12 1 1 10 12 1 11 100 12 1 1 11 12 1 1 11 12 1 10 12 1 10 12 1 10 12 11 100 12 1 1 1 10 12 1 1 11 12 1 11 12 1 1 9 12 1 1 100 1 10 10 12 1 1 10 12 1 11 100 12 1 1 1 11 12 1 1 10 12 1 11 12 1 100 1 8 1 10 12 1 11 7 12 1 1 1 11 100 1 11 12 1 1 10 12 1 1 10 12 1 10 12 1 1 10 12 1 11 12 1 1 10 12 1 1 10 12 1 1 10 12 1 1 11 12 1 1 7 1 10 12 1 11 100 1 100 1 10 12 1 11 7 1 7 1 10 12 1 11 100 1 100 1 10 12 1 11 100 1 100 1 10 12 1 11 100 1 100 1 10 12 1 11 7 1 11 7 1 10 12 10 11 7 1 7 1 10 12 1 11 100 1 100 1 10 11 100 1 100 1 10 12 1 11 100 1 100 1 10 12 1 100 1 10 10 12 1 7 1 10 10 12 1 100 1 10 100 1 10 100 1 10 100 1 10 10 12 1 10 100 1 10 100 1 10 100 1 10 100 1 10 12 1 10 100 12 1 1 1 100 1 100 1 10 12 1 100 1 10 12 1 100 1 10 12 1 100 1 10 12 1 100 1 10 12 1 100 1 10 100 1 10 12 1 100 1 10 12 1 100 1 10 12 1 9 7 12 1 1 1 9 100 12 1 1 9 7 12 1 1 1 9 12 1 1 9 12 1 1 9 12 1 1 9 12 1 1 9 12 1 1 7 1 10 12 7 1 10 7 1 10 7 1 10 7 1 10 12 1 100 1 100 1 10 8 1 10 12 1 1 10 12 1 10 12 1 1 10 100 1 10 12 1 9 100 12 1 1 1 9 100 12 1 1 1 100 1 9 12 1 1 10 12 7 1 10 100 1 10 11 100 12 1 1 11 12 1 10 12 1 11 11 12 1 11 11 12 1 8 1 7 1 10 11 100 1 10 12 1 100 1 10 100 12 1 1 1 100 1 10 12 1 7 1 10 7 1 10 7 1 10 1 1 1 3 1 3 1 3 1 3 1 3 1 3 1 3 1 3 1 1 1 1 1 1 1 1 1 1 1 1 1 1 1 1 1 1 1 1 1 1 1 1 1 1 1 1 1 1 1 1 1 1 1 1 1 1 1 1 1 1 1 1 1 1 1 1 1 1 1 1 1 1 1 1 1 1 1 1 1 1 1 1 1 1 1 1 1 1 1 1 1 1 1 1 1 1 1 1 1 1 1 1 1 1 1 1 1 1 1 1 1 1 1 1 1 1 1 1 1 1 1 1 1 1 1 1 1 1 1 1 1 1 1 1 1 1 1 1 1 1 1 1 1 1 1 1 1 1 1 1 1 1 1 1 1 1 1 1 1 1 1 1 1 1 1 1 1 1 1 1 1 1 1 1 1 1 1 1 1 1 1 1 1 1 1 1 1 1 1 1 1 1 1 1 1 1 1 1 1 1 1 1 1 1 1 1 1 1 1 1 1 1 1 1 1 1 1 1 1 1 1 1 1 1 1 1 1 1 1 1 1 1 1 1 1 1 1 1 1 1 1 1 1 1 1 1 1 1 1 1 1 1 1 1 1 1 1 1 1 1 1 1 1 1 1 1 1 1 1 1 1 1 1 1 1 1 1 1 1 1 1 1 1 1 1 1 1 1 1 1 1 1 1 1 1 1 1 1 1 1 1 1 1 1 1 1 1 1 1 1 1 1 1 1 1 1 1 1 1 1 1 1 1 1 1 1 1 1 1 1 1 1 1 1 1 1 1 1 1 1 1 1 1 1 1 1 1 1 1 1 100 1 100 1 100 1 100 1 100 1 100 1 100 1 100 1 100 1 100 1 100 1 100 1 100 1 1 1 1 1 1 1 1 1 1 1 1 1 1 1 1 1 1 1 1 1 1 1 1 1 1 1 1 1 1 1 1 1 1 1 1 1 1 1 1 1 1 100 1 1 1 1 1 1 1 1 1 1 1 1 1 1 1
staticfield java/util/Collections EMPTY_SET Ljava/util/Set; java/util/Collections$EmptySet
staticfield java/util/Collections EMPTY_LIST Ljava/util/List; java/util/Collections$EmptyList
staticfield java/util/Collections EMPTY_MAP Ljava/util/Map; java/util/Collections$EmptyMap
ciInstanceKlass java/lang/invoke/DirectMethodHandle$Constructor 1 1 91 10 7 12 1 1 1 9 7 12 1 1 1 9 12 1 1 9 12 1 1 10 100 12 1 1 1 100 1 10 12 1 9 12 1 9 12 1 10 12 1 10 12 1 1 9 12 1 1 10 12 1 1 10 7 12 1 1 1 1 1 1 1 1 1 1 1 1 1 1 100 1 100 1 1 1 1 1 1 1 1 1 1 1 1 1 1 1 1 1 1
staticfield java/lang/invoke/DirectMethodHandle$Constructor $assertionsDisabled Z 1
instanceKlass java/util/ArrayList$ListItr
ciInstanceKlass java/util/ArrayList$Itr 1 1 104 10 7 12 1 1 1 9 7 12 1 1 1 10 7 12 1 1 1 9 12 1 1 9 7 12 1 1 9 12 1 9 12 1 9 12 1 10 12 1 100 1 10 9 12 1 1 100 1 10 100 1 10 10 12 1 1 100 1 10 12 1 1 11 100 12 1 1 1 100 1 1 1 1 1 1 1 1 1 1 1 1 1 1 1 1 100 1 1 1 1 1 1 1 1 1 1 1 1 1 1 1 1 1
ciMethod java/util/ArrayList$Itr hasNext ()Z 834 0 68760 0 104
ciMethod java/util/ArrayList$Itr next ()Ljava/lang/Object; 782 0 5918 0 248
ciMethod java/util/ArrayList$Itr <init> (Ljava/util/ArrayList;)V 512 0 28892 0 128
ciMethod java/util/ArrayList$Itr checkForComodification ()V 782 0 5991 0 0
ciInstanceKlass java/util/Collections$1 1 1 67 9 7 12 1 1 1 10 7 12 1 1 1 9 12 1 1 100 1 10 100 1 10 10 100 12 1 1 1 11 100 12 1 1 1 100 1 1 1 1 1 1 1 1 1 1 1 1 1 1 1 1 1 1 1 1 1 1 1 1 100 1 12 1 1 1 1
ciMethod java/util/Collections$1 hasNext ()Z 256 0 128 0 0
ciMethod java/util/Collections$1 next ()Ljava/lang/Object; 514 0 5540 0 112
ciMethod java/util/Collections$1 <init> (Ljava/lang/Object;)V 512 0 6724 0 0
ciMethod java/util/Objects requireNonNull (Ljava/lang/Object;)Ljava/lang/Object; 816 0 89459 0 -1
ciMethod java/util/Collections singletonList (Ljava/lang/Object;)Ljava/util/List; 514 0 12321 0 -1
ciMethod java/util/Collections singletonIterator (Ljava/lang/Object;)Ljava/util/Iterator; 512 0 6724 0 0
ciMethod java/lang/Iterable iterator ()Ljava/util/Iterator; 0 0 1 0 -1
ciMethod java/util/Collection isEmpty ()Z 0 0 1 0 -1
ciMethod jdk/internal/misc/Unsafe allocateInstance (Ljava/lang/Class;)Ljava/lang/Object; 256 0 128 0 -1
ciMethod java/util/Iterator next ()Ljava/lang/Object; 0 0 1 0 -1
ciMethod java/util/Iterator hasNext ()Z 0 0 1 0 -1
ciMethod java/lang/Object <init> ()V 806 0 1545010 0 120
instanceKlass org/jetbrains/kotlin/ir/validation/IrValidationException
instanceKlass java/nio/file/ClosedDirectoryStreamException
instanceKlass java/nio/channels/NonWritableChannelException
instanceKlass java/nio/file/ClosedFileSystemException
instanceKlass java/util/concurrent/CancellationException
ciInstanceKlass java/lang/IllegalStateException 0 0 35 10 100 12 1 1 1 10 12 1 10 12 1 10 12 1 100 1 1 1 1 5 0 1 1 1 1 1 1 1 1 1 1 1 1
ciInstanceKlass java/util/NoSuchElementException 0 0 34 10 100 12 1 1 1 10 12 1 10 12 1 10 12 1 100 1 1 1 1 5 0 1 1 1 1 1 1 1 1 1 1 1
ciInstanceKlass java/util/Collections$SingletonList 1 1 131 10 7 12 1 1 1 9 7 12 1 1 1 10 7 12 1 1 1 10 12 1 1 100 1 100 1 10 8 1 10 12 1 1 10 12 1 8 1 10 12 1 1 10 12 1 11 100 12 1 1 1 100 1 10 10 12 1 1 10 7 12 1 1 1 100 1 100 1 1 1 1 5 0 1 1 1 1 1 1 1 1 1 1 1 1 1 1 1 1 1 1 1 1 1 1 1 1 1 1 1 1 1 1 1 1 1 1 1 1 1 1 1 1 1 1 1 1 1 1 1 1 1 1 1 1 1 1 1 1 1
instanceKlass java/nio/file/DirectoryIteratorException
ciInstanceKlass java/util/ConcurrentModificationException 0 0 34 10 100 12 1 1 1 10 12 1 10 12 1 10 12 1 100 1 1 1 1 5 0 1 1 1 1 1 1 1 1 1 1 1
ciInstanceKlass kotlin/jvm/internal/markers/KMappedMarker 1 0 23 1 100 1 100 1 1 3 3 3 1 3 1 3 1 1 1 1 1 1 1 1 1
ciInstanceKlass kotlin/jvm/internal/Intrinsics 1 1 278 10 100 10 10 10 10 10 10 100 10 10 10 100 10 10 100 10 8 8 10 100 10 10 100 10 10 100 10 10 8 8 8 8 10 10 10 10 10 100 10 10 10 10 8 8 10 10 10 8 10 100 10 10 10 10 100 8 8 10 8 10 10 10 100 10 7 100 1 1 1 1 1 1 1 1 1 1 1 1 1 1 1 1 1 1 1 1 1 1 1 1 1 1 1 1 1 1 1 1 1 1 1 1 1 1 1 1 1 1 1 1 1 1 1 1 1 1 1 1 1 1 1 1 1 1 100 1 1 1 1 1 1 1 1 1 1 1 1 1 1 1 1 1 1 1 1 1 1 1 1 1 1 1 1 1 1 1 1 1 100 1 1 1 1 1 1 1 1 1 1 1 1 1 1 1 1 1 100 1 1 1 12 1 12 12 12 12 12 1 12 12 1 1 1 1 12 1 12 1 1 1 1 1 1 12 12 12 100 12 12 1 100 12 100 12 100 12 12 1 1 100 12 100 12 1 12 1 12 12 12 1 1 1 12 1 12 100 100 12 12 1 1 1 1 1 1 1 1 1 1 1 1 1 1 1 1 1 1 1 1 1 1 1 1 1 1 1 1 1 1 1 1 1 1 1 1 1
ciInstanceKlass kotlin/Function 1 0 26 1 100 1 1 100 1 1 3 3 3 1 3 1 3 1 1 1 1 1 1 1 1 1 1 1
ciInstanceKlass kotlin/jvm/functions/Function0 1 0 31 1 100 1 1 100 1 100 1 1 1 1 1 3 3 3 1 3 1 3 1 1 1 1 1 1 1 1 1 1 1
instanceKlass kotlin/collections/CollectionsKt__CollectionsKt
ciInstanceKlass kotlin/collections/CollectionsKt__CollectionsJVMKt 1 1 228 1 100 1 7 1 1 1 1 1 7 1 12 10 1 8 1 7 1 1 12 10 1 1 1 1 1 1 1 8 1 12 10 1 100 1 100 1 1 12 10 1 1 12 10 1 1 1 1 1 1 1 1 1 1 8 1 1 12 10 1 100 1 1 12 11 1 1 12 10 1 1 1 1 12 10 1 1 1 1 7 1 12 10 1 7 1 1 12 10 1 1 8 12 10 1 1 1 1 1 1 12 10 1 8 1 1 1 1 1 1 1 12 10 1 1 12 10 1 1 1 1 1 1 1 8 1 12 10 1 1 1 1 1 1 1 8 1 100 1 12 10 1 1 1 1 8 12 10 1 1 1 1 1 1 1 1 1 12 10 7 1 1 12 10 1 7 1 1 12 10 1 8 1 1 1 1 1 1 1 1 12 10 1 1 1 12 10 1 12 10 1 1 1 1 3 3 3 1 3 1 3 1 1 1 1 1 1 1 1 1 1 1 1 1 1 1 1 1 1 1 1 1 1 1 1 1 1
instanceKlass kotlin/collections/CollectionsKt__IterablesKt
ciInstanceKlass kotlin/collections/CollectionsKt__CollectionsKt 1 1 414 1 100 1 100 1 1 1 1 1 8 1 7 1 1 12 10 1 7 1 1 12 10 1 7 1 1 1 1 1 1 1 7 12 10 1 1 1 1 7 1 1 12 9 1 7 1 1 1 1 8 1 7 1 12 10 12 10 1 1 1 1 1 1 7 1 12 10 1 1 1 1 12 10 1 1 1 1 1 1 12 10 1 1 1 100 1 12 10 1 1 1 1 8 1 12 10 1 100 1 1 12 10 1 100 1 1 12 11 1 1 12 10 1 1 1 1 1 1 1 1 1 1 1 1 1 1 8 1 12 10 1 1 12 10 1 1 12 10 1 1 1 1 1 100 1 12 11 1 12 10 1 1 1 1 1 11 1 1 1 1 1 1 1 12 11 1 1 1 1 1 1 1 1 1 1 1 1 1 8 1 100 1 12 11 1 1 1 1 1 1 12 11 1 1 1 1 1 8 1 1 12 10 1 1 12 10 1 1 1 1 1 1 1 1 12 11 1 1 1 1 1 1 12 10 1 100 1 100 1 1 12 10 1 1 1 1 1 1 1 1 1 1 1 12 10 1 1 1 8 1 100 1 1 12 11 1 1 12 10 1 1 1 1 8 1 100 1 12 10 1 12 10 1 1 1 1 1 1 1 1 8 1 100 1 12 10 1 1 100 1 100 10 1 8 1 1 12 10 1 12 10 1 8 1 8 1 1 12 10 1 12 10 1 100 1 8 10 1 8 1 8 1 1 1 100 1 8 10 1 1 8 1 1 1 1 8 1 1 12 11 1 100 1 12 11 1 12 11 1 1 100 1 1 1 8 1 1 12 10 1 1 12 10 10 1 1 1 1 3 3 3 1 3 1 3 1 1 1 1 1 1 1 1 1 1 1 1 1 1 1 1 1 1 1 1 1 1 1 1 1 1 1 1 1 1 1 1 1 1 1 1 1 1
ciInstanceKlass kotlin/collections/CollectionsKt 0 0 33 1 100 1 100 1 1 12 10 1 1 1 1 3 3 3 1 1 3 1 1 1 1 1 1 1 1 1 1 1 1 1 1
ciInstanceKlass kotlin/collections/EmptyList 1 1 195 1 7 1 7 1 7 1 100 1 100 1 100 1 1 12 10 1 1 1 1 1 1 1 12 11 1 1 1 1 1 1 1 1 8 1 1 1 1 8 1 100 1 1 12 10 1 1 1 1 8 1 7 11 1 1 1 1 100 1 100 10 1 8 1 1 12 10 1 12 10 1 12 10 12 10 1 12 10 1 1 1 1 1 1 1 1 7 1 1 12 9 1 7 1 1 1 100 1 1 8 1 1 1 8 1 8 1 1 1 1 12 9 1 1 100 1 8 10 1 1 1 1 1 1 1 1 1 1 1 12 10 1 100 12 10 12 10 1 12 10 12 10 1 1 1 1 1 1 8 1 7 1 12 10 1 1 1 12 10 1 10 1 1 5 0 1 1 3 3 3 1 3 1 3 1 1 1 1 1 1 1 1 1 1 1 1 1 1 1 1 1 1 1 1
staticfield kotlin/collections/EmptyList INSTANCE Lkotlin/collections/EmptyList; kotlin/collections/EmptyList
ciInstanceKlass org/jetbrains/kotlin/name/FqName 1 1 167 3 3 3 3 8 8 8 8 8 8 100 7 7 7 7 7 9 9 9 9 10 10 10 10 10 10 10 10 10 10 10 10 10 10 10 10 10 10 10 10 10 10 10 10 12 12 12 12 12 12 12 12 12 12 12 12 12 12 12 12 12 12 12 12 12 12 12 12 12 1 1 1 1 1 1 1 1 1 1 1 1 1 1 1 1 1 1 1 1 1 1 1 1 1 1 1 1 1 1 1 1 1 1 1 1 1 1 1 1 1 1 1 1 1 1 1 1 1 1 1 1 1 1 1 1 1 1 1 1 1 1 1 1 1 1 1 1 1 1 1 1 1 1 1 1 1 1 1 1 1 1 1 1 1 1 1 1 1 1 1 1 1 1 1 1 1
staticfield org/jetbrains/kotlin/name/FqName Companion Lorg/jetbrains/kotlin/name/FqName$Companion; org/jetbrains/kotlin/name/FqName$Companion
staticfield org/jetbrains/kotlin/name/FqName ROOT Lorg/jetbrains/kotlin/name/FqName; org/jetbrains/kotlin/name/FqName
ciInstanceKlass kotlin/Unit 1 1 42 1 7 1 7 1 1 12 10 1 1 1 1 1 1 8 1 10 1 12 9 1 1 3 3 3 1 3 1 3 1 1 1 1 1 1 1 1 1 1 1 1
staticfield kotlin/Unit INSTANCE Lkotlin/Unit; kotlin/Unit
ciInstanceKlass kotlin/jvm/functions/Function4 1 0 39 1 100 1 1 100 1 100 1 1 1 1 1 3 3 3 1 3 1 3 1 1 1 1 1 1 1 1 1 1 1 1 1 1 1 1 1 1 1
ciInstanceKlass kotlin/collections/EmptyIterator 1 1 74 1 7 1 7 1 100 1 100 1 1 12 10 1 1 1 1 1 1 1 1 1 1 1 1 100 10 1 1 1 100 1 8 1 12 10 1 1 1 1 1 1 12 10 12 10 1 1 1 10 1 12 9 1 1 3 3 3 1 3 1 3 1 1 1 1 1 1 1 1 1 1 1 1
staticfield kotlin/collections/EmptyIterator INSTANCE Lkotlin/collections/EmptyIterator; kotlin/collections/EmptyIterator
ciInstanceKlass kotlin/sequences/Sequence 1 0 31 1 100 1 1 100 1 1 1 1 1 1 3 3 3 1 3 1 3 1 1 1 1 1 1 1 1 1 1 1 1
ciInstanceKlass org/jetbrains/kotlin/ir/declarations/IdSignatureRetriever 1 0 32 3 3 3 3 3 100 100 1 1 1 1 1 1 1 1 1 1 1 1 1 1 1 1 1 1 1 1 1 1 1 1
instanceKlass org/jetbrains/kotlin/backend/wasm/ic/IrFactoryImplForWasmIC
ciInstanceKlass org/jetbrains/kotlin/ir/declarations/IrFactory 1 1 459 3 3 3 3 3 3 3 3 8 8 8 8 8 8 8 8 8 8 8 8 8 8 8 8 8 8 8 8 8 8 8 7 100 7 100 100 100 7 7 7 7 7 7 7 7 7 7 7 100 7 7 7 100 7 7 7 7 7 100 7 7 7 7 100 7 7 100 7 7 7 7 7 7 100 100 100 100 100 100 100 100 100 9 9 9 10 10 10 10 10 10 10 10 10 10 10 10 10 10 10 10 10 10 10 10 10 10 10 10 10 10 10 10 10 10 10 10 10 10 10 10 10 10 10 10 10 10 10 10 12 12 12 12 12 12 12 12 12 12 12 12 12 12 12 12 12 12 12 12 12 12 12 12 12 12 12 12 12 12 12 12 12 12 12 12 12 12 12 12 12 12 12 12 1 1 1 1 1 1 1 1 1 1 1 1 1 1 1 1 1 1 1 1 1 1 1 1 1 1 1 1 1 1 1 1 1 1 1 1 1 1 1 1 1 1 1 1 1 1 1 1 1 1 1 1 1 1 1 1 1 1 1 1 1 1 1 1 1 1 1 1 1 1 1 1 1 1 1 1 1 1 1 1 1 1 1 1 1 1 1 1 1 1 1 1 1 1 1 1 1 1 1 1 1 1 1 1 1 1 1 1 1 1 1 1 1 1 1 1 1 1 1 1 1 1 1 1 1 1 1 1 1 1 1 1 1 1 1 1 1 1 1 1 1 1 1 1 1 1 1 1 1 1 1 1 1 1 1 1 1 1 1 1 1 1 1 1 1 1 1 1 1 1 1 1 1 1 1 1 1 1 1 1 1 1 1 1 1 1 1 1 1 1 1 1 1 1 1 1 1 1 1 1 1 1 1 1 1 1 1 1 1 1 1 1 1 1 1 1 1 1 1 1 1 1 1 1 1 1 1 1 1 1 1 1 1 1 1 1 1 1 1 1 1 1 1 1 1 1 1 1 1 1 1 1 1 1 1 1 1 1 1 1 1 1 1 1 1 1 1 1 1 1 1 1 1 1 1 1 1 1 1 1 1 1 1 1 1
ciInstanceKlass org/jetbrains/kotlin/backend/wasm/ic/IrFactoryImplForWasmIC 1 1 171 3 3 3 3 3 8 8 8 8 8 100 100 7 100 7 7 7 100 7 7 7 7 7 7 100 7 7 10 10 10 10 10 10 10 10 10 10 10 10 10 10 10 10 10 11 11 11 12 12 12 12 12 12 12 12 12 12 12 12 12 12 12 12 12 12 12 12 1 1 1 1 1 1 1 1 1 1 1 1 1 1 1 1 1 1 1 1 1 1 1 1 1 1 1 1 1 1 1 1 1 1 1 1 1 1 1 1 1 1 1 1 1 1 1 1 1 1 1 1 1 1 1 1 1 1 1 1 1 1 1 1 1 1 1 1 1 1 1 1 1 1 1 1 1 1 1 1 1 1 1 1 1 1 1 1 1 1 1 1 1 1 1 1 1 1 1 1 1 1 1
instanceKlass org/jetbrains/kotlin/ir/backend/js/WholeWorldStageController
ciInstanceKlass org/jetbrains/kotlin/ir/declarations/StageController 1 1 87 3 3 3 3 3 8 8 8 8 7 100 100 100 7 9 10 10 10 10 11 12 12 12 12 12 12 1 1 1 1 1 1 1 1 1 1 1 1 1 1 1 1 1 1 1 1 1 1 1 1 1 1 1 1 1 1 1 1 1 1 1 1 1 1 1 1 1 1 1 1 1 1 1 1 1 1 1 1 1 1 1 1 1 1 1 1
ciInstanceKlass org/jetbrains/kotlin/ir/backend/js/WholeWorldStageController 1 1 118 3 3 3 3 3 8 8 8 8 100 100 7 7 7 100 7 7 7 9 9 9 10 10 10 10 10 10 10 11 12 12 12 12 12 12 12 12 12 12 12 1 1 1 1 1 1 1 1 1 1 1 1 1 1 1 1 1 1 1 1 1 1 1 1 1 1 1 1 1 1 1 1 1 1 1 1 1 1 1 1 1 1 1 1 1 1 1 1 1 1 1 1 1 1 1 1 1 1 1 1 1 1 1 1 1 1 1 1 1 1 1 1 1 1 1 1 1
ciInstanceKlass org/jetbrains/kotlin/ir/util/ReferenceSymbolTable 1 0 80 3 3 3 3 3 100 100 1 1 1 1 1 1 1 1 1 1 1 1 1 1 1 1 1 1 1 1 1 1 1 1 1 1 1 1 1 1 1 1 1 1 1 1 1 1 1 1 1 1 1 1 1 1 1 1 1 1 1 1 1 1 1 1 1 1 1 1 1 1 1 1 1 1 1 1 1 1 1 1
ciInstanceKlass org/jetbrains/kotlin/ir/declarations/IrAnnotationContainer 1 0 31 3 3 3 3 3 100 100 1 1 1 1 1 1 1 1 1 1 1 1 1 1 1 1 1 1 1 1 1 1 1
instanceKlass org/jetbrains/kotlin/ir/types/IrErrorType
instanceKlass org/jetbrains/kotlin/ir/types/IrDynamicType
instanceKlass org/jetbrains/kotlin/ir/types/IrSimpleType
ciInstanceKlass org/jetbrains/kotlin/ir/types/IrType 1 1 66 3 3 3 3 3 7 100 7 100 100 100 10 10 12 1 1 1 1 1 1 1 1 1 1 1 1 1 1 1 1 1 1 1 1 1 1 1 1 1 1 1 1 1 1 1 1 1 1 1 1 1 1 1 1 1 1 1 1 1 1 1 1 1 1 1
instanceKlass org/jetbrains/kotlin/backend/common/linkage/partial/PartiallyLinkedMarkerType
instanceKlass org/jetbrains/kotlin/ir/types/impl/IrDelegatedSimpleType
instanceKlass org/jetbrains/kotlin/ir/types/impl/IrCapturedType
instanceKlass org/jetbrains/kotlin/ir/types/impl/IrAbstractSimpleType
ciInstanceKlass org/jetbrains/kotlin/ir/types/IrSimpleType 1 1 64 3 3 3 3 3 100 7 7 100 100 9 10 12 12 1 1 1 1 1 1 1 1 1 1 1 1 1 1 1 1 1 1 1 1 1 1 1 1 1 1 1 1 1 1 1 1 1 1 1 1 1 1 1 1 1 1 1 1 1 1 1 1 1
ciInstanceKlass org/jetbrains/kotlin/ir/IrElement 1 0 59 3 3 3 3 3 100 100 1 1 1 1 1 1 1 1 1 1 1 1 1 1 1 1 1 1 1 1 1 1 1 1 1 1 1 1 1 1 1 1 1 1 1 1 1 1 1 1 1 1 1 1 1 1 1 1 1 1 1
ciInstanceKlass org/jetbrains/kotlin/ir/declarations/IrDeclarationParent 1 0 25 3 3 3 3 3 100 100 100 1 1 1 1 1 1 1 1 1 1 1 1 1 1 1 1
ciInstanceKlass org/jetbrains/kotlin/ir/declarations/IrDeclarationContainer 1 0 39 3 3 3 3 3 100 100 100 1 1 1 1 1 1 1 1 1 1 1 1 1 1 1 1 1 1 1 1 1 1 1 1 1 1 1 1 1 1
ciInstanceKlass org/jetbrains/kotlin/ir/declarations/IrSymbolOwner 1 0 31 3 3 3 3 3 100 100 100 1 1 1 1 1 1 1 1 1 1 1 1 1 1 1 1 1 1 1 1 1 1
instanceKlass org/jetbrains/kotlin/ir/expressions/IrSpreadElement
instanceKlass org/jetbrains/kotlin/ir/expressions/IrCatch
instanceKlass org/jetbrains/kotlin/ir/expressions/IrBranch
instanceKlass org/jetbrains/kotlin/ir/expressions/IrBody
instanceKlass org/jetbrains/kotlin/ir/expressions/IrExpression
instanceKlass org/jetbrains/kotlin/ir/declarations/IrDeclarationBase
instanceKlass org/jetbrains/kotlin/ir/declarations/IrModuleFragment
instanceKlass org/jetbrains/kotlin/ir/declarations/IrPackageFragment
ciInstanceKlass org/jetbrains/kotlin/ir/IrElementBase 1 1 235 3 3 3 3 3 8 8 8 8 8 8 8 100 7 7 7 7 7 7 7 100 7 7 100 7 7 7 9 10 10 10 10 10 10 10 10 10 10 10 10 10 10 10 10 10 10 10 10 11 11 11 11 11 11 11 12 12 12 12 12 12 12 12 12 12 12 12 12 12 12 12 12 12 12 12 12 12 12 12 12 12 12 12 1 1 1 1 1 1 1 1 1 1 1 1 1 1 1 1 1 1 1 1 1 1 1 1 1 1 1 1 1 1 1 1 1 1 1 1 1 1 1 1 1 1 1 1 1 1 1 1 1 1 1 1 1 1 1 1 1 1 1 1 1 1 1 1 1 1 1 1 1 1 1 1 1 1 1 1 1 1 1 1 1 1 1 1 1 1 1 1 1 1 1 1 1 1 1 1 1 1 1 1 1 1 1 1 1 1 1 1 1 1 1 1 1 1 1 1 1 1 1 1 1 1 1 1 1 1 1 1 1 1 1 1 1 1 1 1 1 1 1 1 1 1 1 1 1 1 1 1 1 1 1
instanceKlass org/jetbrains/kotlin/backend/common/lower/InventNamesForLocalFunctions$NameInventor
instanceKlass org/jetbrains/kotlin/ir/visitors/IrTypeTransformer
instanceKlass org/jetbrains/kotlin/backend/common/lower/ClosureAnnotator$ClosureCollectorVisitor
instanceKlass org/jetbrains/kotlin/backend/common/lower/loops/HeaderInfoBuilder
instanceKlass org/jetbrains/kotlin/ir/util/SetDeclarationsParentVisitor
instanceKlass org/jetbrains/kotlin/ir/interpreter/checker/IrInterpreterChecker
instanceKlass org/jetbrains/kotlin/backend/common/lower/LocalDeclarationsLowering$LocalDeclarationsTransformer$collectLocalDeclarations$1
instanceKlass org/jetbrains/kotlin/backend/common/lower/SharedVariablesLowering$SharedVariablesTransformer$collectSharedVariables$1
instanceKlass org/jetbrains/kotlin/backend/common/BodyLoweringVisitor
instanceKlass org/jetbrains/kotlin/backend/common/lower/inline/IrInlineCallGraphBuilder
instanceKlass org/jetbrains/kotlin/ir/util/DeclarationParentsVisitor
instanceKlass org/jetbrains/kotlin/ir/visitors/IrTransformer
instanceKlass org/jetbrains/kotlin/backend/common/serialization/mangle/ir/IrExportCheckerVisitor$Checker
instanceKlass org/jetbrains/kotlin/backend/common/serialization/mangle/ir/IrExportCheckerVisitor$CompatibleChecker
instanceKlass org/jetbrains/kotlin/ir/util/RenderIrElementVisitor
instanceKlass org/jetbrains/kotlin/ir/visitors/IrVisitorVoid
ciInstanceKlass org/jetbrains/kotlin/ir/visitors/IrVisitor 1 1 514 3 3 3 3 3 8 8 8 8 8 8 8 8 8 8 7 7 7 7 7 7 7 7 7 7 100 100 100 7 7 100 100 7 7 7 7 7 7 7 7 7 10 10 10 10 10 10 10 10 10 10 10 10 10 10 10 10 10 10 10 10 10 10 10 10 10 12 12 12 12 12 12 12 12 12 12 12 12 12 12 12 12 12 12 12 12 12 12 12 12 12 1 1 1 1 1 1 1 1 1 1 1 1 1 1 1 1 1 1 1 1 1 1 1 1 1 1 1 1 1 1 1 1 1 1 1 1 1 1 1 1 1 1 1 1 1 1 1 1 1 1 1 1 1 1 1 1 1 1 1 1 1 1 1 1 1 1 1 1 1 1 1 1 1 1 1 1 1 1 1 1 1 1 1 1 1 1 1 1 1 1 1 1 1 1 1 1 1 1 1 1 1 1 1 1 1 1 1 1 1 1 1 1 1 1 1 1 1 1 1 1 1 1 1 1 1 1 1 1 1 1 1 1 1 1 1 1 1 1 1 1 1 1 1 1 1 1 1 1 1 1 1 1 1 1 1 1 1 1 1 1 1 1 1 1 1 1 1 1 1 1 1 1 1 1 1 1 1 1 1 1 1 1 1 1 1 1 1 1 1 1 1 1 1 1 1 1 1 1 1 1 1 1 1 1 1 1 1 1 1 1 1 1 1 1 1 1 1 1 1 1 1 1 1 1 1 1 1 1 1 1 1 1 1 1 1 1 1 1 1 1 1 1 1 1 1 1 1 1 1 1 1 1 1 1 1 1 1 1 1 1 1 1 1 1 1 1 1 1 1 1 1 1 1 1 1 1 1 1 1 1 1 1 1 1 1 1 1 1 1 1 1 1 1 1 1 1 1 1 1 1 1 1 1 1 1 1 1 1 1 1 1 1 1 1 1 1 1 1 1 1 1 1 1 1 1 1 1 1 1 1 1 1 1 1 1 1 1 1 1 1 1 1 1 1 1 1 1 1 1 1 1 1 1 1 1 1 1 1 1 1 1 1 1 1 1 1 1 1 1 1 1 1 1 1 1 1 1 1 1 1 1 1 1 1 1 1 1 1 1 1 1 1 1 1 1 1 1 1 1 1 1 1 1 1 1 1 1 1 1 1 1 1 1 1 1 1 1 1 1 1 1 1
instanceKlass org/jetbrains/kotlin/backend/wasm/lower/ComplexExternalDeclarationsUsageLowering$declarationTransformer$1
instanceKlass org/jetbrains/kotlin/backend/wasm/lower/ComplexExternalDeclarationsToTopLevelFunctionsLowering$processExternalDeclaration$1
instanceKlass org/jetbrains/kotlin/backend/wasm/lower/AssociatedObjectsLowering$visitor$1
instanceKlass org/jetbrains/kotlin/backend/common/lower/LowerUtilsKt$delegationKind$1
instanceKlass org/jetbrains/kotlin/backend/common/lower/TailrecLowering$lower$1
instanceKlass org/jetbrains/kotlin/backend/common/DeclarationTransformer$Visitor
instanceKlass org/jetbrains/kotlin/ir/interpreter/transformer/IrConstEvaluationContext$reportInlinedJavaConst$1
instanceKlass org/jetbrains/kotlin/ir/util/DeepCopySymbolRemapper
instanceKlass org/jetbrains/kotlin/ir/overrides/FakeOverrideCopier$withSyntheticOffsets$1$1
instanceKlass org/jetbrains/kotlin/backend/common/serialization/mangle/ir/IrMangleComputer$Visitor
instanceKlass org/jetbrains/kotlin/backend/common/serialization/signature/PublicIdSignatureComputer$PublicIdSigBuilder$visitor$1
ciInstanceKlass org/jetbrains/kotlin/ir/visitors/IrVisitorVoid 1 1 928 3 3 3 3 3 8 8 8 8 8 8 8 8 8 8 8 100 7 7 7 7 7 7 7 7 7 7 100 100 7 7 7 100 100 7 7 7 7 7 7 7 7 7 7 9 10 10 10 10 10 10 10 10 10 10 10 10 10 10 10 10 10 10 10 10 10 10 10 10 10 10 10 10 10 10 10 10 10 10 10 10 10 10 10 10 10 10 10 10 10 10 10 10 10 10 10 10 10 10 10 10 10 10 10 10 10 10 10 10 10 10 10 10 10 10 10 10 10 10 10 10 10 10 10 10 10 10 10 10 10 10 10 10 10 10 10 10 10 10 10 10 10 10 10 10 10 10 10 10 10 10 10 10 10 10 10 10 10 10 10 10 10 10 10 10 10 10 10 10 10 10 10 10 10 10 10 10 10 10 10 10 10 10 10 10 10 10 10 10 10 10 10 10 10 10 10 10 10 10 10 10 10 10 10 10 10 10 10 10 10 10 10 10 10 10 10 10 10 10 10 10 10 10 10 10 12 12 12 12 12 12 12 12 12 12 12 12 12 12 12 12 12 12 12 12 12 12 12 12 12 12 12 12 12 12 12 12 12 12 12 12 12 12 12 12 12 12 12 12 12 12 12 12 12 12 12 12 12 12 12 12 12 12 12 12 12 12 12 12 12 12 12 12 12 12 12 12 12 12 12 12 12 12 12 12 12 12 12 12 12 12 12 12 12 12 12 12 12 12 12 12 12 12 12 12 12 12 12 12 12 12 12 12 12 12 12 12 12 12 12 12 12 12 12 12 12 12 12 12 12 12 12 12 12 12 12 12 12 12 12 12 12 12 12 12 12 12 12 12 12 12 12 12 12 12 12 12 12 12 12 12 12 12 12 12 12 12 12 12 12 12 12 12 12 12 12 12 12 12 12 12 12 12 12 12 12 1 1 1 1 1 1 1 1 1 1 1 1 1 1 1 1 1 1 1 1 1 1 1 1 1 1 1 1 1 1 1 1 1 1 1 1 1 1 1 1 1 1 1 1 1 1 1 1 1 1 1 1 1 1 1 1 1 1 1 1 1 1 1 1 1 1 1 1 1 1 1 1 1 1 1 1 1 1 1 1 1 1 1 1 1 1 1 1 1 1 1 1 1 1 1 1 1 1 1 1 1 1 1 1 1 1 1 1 1 1 1 1 1 1 1 1 1 1 1 1 1 1 1 1 1 1 1 1 1 1 1 1 1 1 1 1 1 1 1 1 1 1 1 1 1 1 1 1 1 1 1 1 1 1 1 1 1 1 1 1 1 1 1 1 1 1 1 1 1 1 1 1 1 1 1 1 1 1 1 1 1 1 1 1 1 1 1 1 1 1 1 1 1 1 1 1 1 1 1 1 1 1 1 1 1 1 1 1 1 1 1 1 1 1 1 1 1 1 1 1 1 1 1 1 1 1 1 1 1 1 1 1 1 1 1 1 1 1 1 1 1 1 1 1 1 1 1 1 1 1 1 1 1 1 1 1 1 1 1 1 1 1 1 1 1 1 1 1 1 1 1 1 1 1 1 1 1 1 1 1 1 1 1 1 1 1 1 1 1 1 1 1 1 1 1 1 1 1 1 1 1 1 1 1 1 1 1 1 1 1 1 1 1 1 1 1 1 1 1 1 1 1 1 1 1 1 1 1 1 1 1 1 1 1 1 1 1 1 1 1 1 1 1 1 1 1 1 1 1 1 1 1 1 1 1 1 1 1 1 1 1 1 1 1 1 1 1 1 1 1 1 1 1 1 1 1 1 1 1 1 1 1 1 1 1 1 1 1 1 1 1 1 1 1 1 1 1 1 1 1 1 1 1 1 1 1 1 1 1 1 1 1 1 1 1 1 1 1 1 1 1 1 1 1 1 1 1 1 1 1 1 1 1 1 1 1 1 1 1 1 1 1 1 1 1 1 1 1 1 1 1 1 1 1 1 1 1 1 1 1 1 1 1 1 1 1 1 1 1 1 1 1 1 1 1 1 1 1 1 1 1 1 1 1 1 1 1 1 1 1 1 1 1 1 1 1 1 1 1 1 1 1 1 1 1 1 1 1 1 1 1 1 1 1 1 1 1 1 1 1 1
ciInstanceKlass org/jetbrains/kotlin/ir/IrStatement 1 0 25 3 3 3 3 3 100 100 100 1 1 1 1 1 1 1 1 1 1 1 1 1 1 1 1
ciInstanceKlass org/jetbrains/kotlin/ir/declarations/IrMutableAnnotationContainer 1 0 41 3 3 3 3 3 100 100 100 100 1 1 1 1 1 1 1 1 1 1 1 1 1 1 1 1 1 1 1 1 1 1 1 1 1 1 1 1 1 1 1
ciInstanceKlass org/jetbrains/kotlin/ir/declarations/IrDeclaration 1 0 59 3 3 3 3 3 100 100 100 100 100 1 1 1 1 1 1 1 1 1 1 1 1 1 1 1 1 1 1 1 1 1 1 1 1 1 1 1 1 1 1 1 1 1 1 1 1 1 1 1 1 1 1 1 1 1 1 1 1
ciInstanceKlass org/jetbrains/kotlin/ir/declarations/IrDeclarationWithName 1 0 34 3 3 3 3 3 100 100 100 1 1 1 1 1 1 1 1 1 1 1 1 1 1 1 1 1 1 1 1 1 1 1 1 1
ciInstanceKlass org/jetbrains/kotlin/ir/declarations/IrDeclarationWithVisibility 1 0 34 3 3 3 3 3 100 100 100 1 1 1 1 1 1 1 1 1 1 1 1 1 1 1 1 1 1 1 1 1 1 1 1 1
ciInstanceKlass org/jetbrains/kotlin/ir/declarations/IrOverridableMember 1 0 44 3 3 3 3 3 100 100 100 100 100 100 1 1 1 1 1 1 1 1 1 1 1 1 1 1 1 1 1 1 1 1 1 1 1 1 1 1 1 1 1 1 1 1
ciInstanceKlass org/jetbrains/kotlin/ir/declarations/IrOverridableDeclaration 1 0 50 3 3 3 3 3 100 100 100 1 1 1 1 1 1 1 1 1 1 1 1 1 1 1 1 1 1 1 1 1 1 1 1 1 1 1 1 1 1 1 1 1 1 1 1 1 1 1 1 1
ciInstanceKlass org/jetbrains/kotlin/ir/declarations/IrMetadataSourceOwner 1 0 34 3 3 3 3 3 100 100 100 1 1 1 1 1 1 1 1 1 1 1 1 1 1 1 1 1 1 1 1 1 1 1 1 1
ciInstanceKlass org/jetbrains/kotlin/ir/declarations/IrPossiblyExternalDeclaration 1 0 30 3 3 3 3 3 100 100 100 1 1 1 1 1 1 1 1 1 1 1 1 1 1 1 1 1 1 1 1 1
ciInstanceKlass org/jetbrains/kotlin/ir/declarations/IrTypeParametersContainer 1 0 41 3 3 3 3 3 100 100 100 100 1 1 1 1 1 1 1 1 1 1 1 1 1 1 1 1 1 1 1 1 1 1 1 1 1 1 1 1 1 1 1
instanceKlass org/jetbrains/kotlin/ir/declarations/IrScript
instanceKlass org/jetbrains/kotlin/ir/declarations/IrLocalDelegatedProperty
instanceKlass org/jetbrains/kotlin/ir/declarations/IrAnonymousInitializer
instanceKlass org/jetbrains/kotlin/ir/declarations/IrEnumEntry
instanceKlass org/jetbrains/kotlin/ir/declarations/IrVariable
instanceKlass org/jetbrains/kotlin/ir/declarations/IrTypeParameter
instanceKlass org/jetbrains/kotlin/ir/declarations/IrField
instanceKlass org/jetbrains/kotlin/ir/declarations/IrProperty
instanceKlass org/jetbrains/kotlin/ir/declarations/IrValueParameter
instanceKlass org/jetbrains/kotlin/ir/declarations/IrFunction
instanceKlass org/jetbrains/kotlin/ir/declarations/IrClass
ciInstanceKlass org/jetbrains/kotlin/ir/declarations/IrDeclarationBase 1 1 90 3 3 3 3 3 8 8 8 100 100 100 7 100 7 100 7 100 100 9 10 10 10 10 10 10 10 10 12 12 12 12 12 12 12 1 1 1 1 1 1 1 1 1 1 1 1 1 1 1 1 1 1 1 1 1 1 1 1 1 1 1 1 1 1 1 1 1 1 1 1 1 1 1 1 1 1 1 1 1 1 1 1 1 1 1 1 1 1 1
instanceKlass org/jetbrains/kotlin/ir/declarations/impl/IrClassImpl
ciInstanceKlass org/jetbrains/kotlin/ir/declarations/IrClass 1 1 236 3 3 3 3 3 8 8 7 100 7 7 100 7 7 7 100 100 100 100 7 100 7 100 7 100 7 10 10 10 10 10 10 10 10 10 10 10 10 10 10 10 11 11 11 11 12 12 12 12 12 12 12 12 12 12 12 12 12 12 12 12 12 1 1 1 1 1 1 1 1 1 1 1 1 1 1 1 1 1 1 1 1 1 1 1 1 1 1 1 1 1 1 1 1 1 1 1 1 1 1 1 1 1 1 1 1 1 1 1 1 1 1 1 1 1 1 1 1 1 1 1 1 1 1 1 1 1 1 1 1 1 1 1 1 1 1 1 1 1 1 1 1 1 1 1 1 1 1 1 1 1 1 1 1 1 1 1 1 1 1 1 1 1 1 1 1 1 1 1 1 1 1 1 1 1 1 1 1 1 1 1 1 1 1 1 1 1 1 1 1 1 1 1 1 1 1 1 1 1 1 1 1 1 1 1 1 1 1 1 1 1 1 1 1 1 1 1 1 1 1 1 1 1 1 1 1 1 1 1 1 1 1 1 1 1
ciInstanceKlass org/jetbrains/kotlin/ir/declarations/IrMemberWithContainerSource 1 0 31 3 3 3 3 3 100 100 100 1 1 1 1 1 1 1 1 1 1 1 1 1 1 1 1 1 1 1 1 1 1
ciInstanceKlass org/jetbrains/kotlin/ir/declarations/IrReturnTarget 1 1 92 3 3 3 3 3 100 100 100 100 11 12 1 1 1 1 1 1 1 1 1 1 1 1 1 1 1 1 1 1 1 1 1 1 1 1 1 1 1 1 1 1 1 1 1 1 1 1 1 100 1 8 1 1 12 10 1 1 1 8 1 1 1 8 1 1 1 8 1 1 1 8 1 1 8 1 1 1 8 1 1 1 8 1 1 1 8 1 1 1 8 1
instanceKlass org/jetbrains/kotlin/ir/declarations/IrConstructor
instanceKlass org/jetbrains/kotlin/ir/declarations/IrSimpleFunction
ciInstanceKlass org/jetbrains/kotlin/ir/declarations/IrFunction 1 1 342 3 3 3 3 3 8 8 8 7 100 7 7 7 7 7 7 100 7 100 100 7 100 100 7 100 100 100 7 100 7 7 100 100 7 100 100 7 9 9 10 10 10 10 10 10 10 10 10 10 10 10 10 10 10 10 10 10 10 10 11 11 11 11 12 12 12 12 12 12 12 12 12 12 12 12 12 12 12 12 12 12 12 12 12 1 1 1 1 1 1 1 1 1 1 1 1 1 1 1 1 1 1 1 1 1 1 1 1 1 1 1 1 1 1 1 1 1 1 1 1 1 1 1 1 1 1 1 1 1 1 1 1 1 1 1 1 1 1 1 1 1 1 1 1 1 1 1 1 1 1 1 1 1 1 1 1 1 1 1 1 1 1 1 1 1 1 1 1 1 1 1 1 1 1 1 1 1 1 1 1 1 1 1 1 1 1 1 1 1 1 1 1 1 1 1 1 1 1 1 1 1 1 1 1 1 1 1 1 1 1 1 1 1 1 1 1 1 1 1 1 1 1 1 1 1 1 1 1 1 1 1 1 1 1 1 1 1 1 1 1 1 1 1 1 1 1 1 1 1 1 1 1 1 1 1 1 1 1 100 1 8 1 12 10 1 8 1 1 8 1 1 8 1 1 1 8 1 1 1 8 1 1 1 8 1 1 8 1 1 1 8 1 1 1 8 1 1 8 1 1 8 1 1 1 8 1 1 1 8 1 1 1 8 1 1 1 8 1 1 1 8 1 1 1 8 1 1 1 8 1 1 1 8 1 1 8 1 1 8 1 8
instanceKlass org/jetbrains/kotlin/ir/declarations/impl/IrFunctionImpl
instanceKlass org/jetbrains/kotlin/ir/declarations/IrFunctionWithLateBinding
ciInstanceKlass org/jetbrains/kotlin/ir/declarations/IrSimpleFunction 1 1 219 3 3 3 3 3 8 7 100 7 100 100 100 100 100 7 10 10 10 10 10 12 12 12 12 12 1 1 1 1 1 1 1 1 1 1 1 1 1 1 1 1 1 1 1 1 1 1 1 1 1 1 1 1 1 1 1 1 1 1 1 1 1 1 1 1 1 1 1 1 1 1 1 1 1 1 1 1 1 1 1 1 1 1 1 1 1 1 1 1 1 1 1 1 1 1 1 1 1 1 1 1 1 1 1 1 1 1 1 1 1 1 1 1 1 1 1 1 1 1 1 100 1 8 1 12 10 1 1 8 1 1 8 1 1 1 8 1 1 1 8 1 1 1 8 1 1 8 1 1 1 8 1 1 8 1 1 1 8 1 1 1 8 1 1 1 8 1 1 8 1 1 8 1 1 1 8 1 1 1 8 1 1 1 8 1 1 1 8 1 1 8 1 1 1 8 1 1 8 1 1 1 8 1 1 1 8 1 1 1 8 1 1 8 1 1 1 8 1
ciInstanceKlass org/jetbrains/kotlin/ir/declarations/impl/IrFunctionWithLateBindingImpl 1 1 329 3 3 3 3 3 8 8 8 8 8 8 8 8 8 8 100 100 100 100 7 7 7 100 100 7 7 100 7 7 100 7 100 7 7 100 100 9 9 9 9 9 9 9 9 9 9 9 9 9 9 9 9 9 9 9 9 9 9 9 9 9 9 10 10 10 10 10 10 10 10 10 10 10 10 10 10 11 11 12 12 12 12 12 12 12 12 12 12 12 12 12 12 12 12 12 12 12 12 12 12 12 12 12 12 12 12 12 12 12 12 12 12 12 12 12 12 12 1 1 1 1 1 1 1 1 1 1 1 1 1 1 1 1 1 1 1 1 1 1 1 1 1 1 1 1 1 1 1 1 1 1 1 1 1 1 1 1 1 1 1 1 1 1 1 1 1 1 1 1 1 1 1 1 1 1 1 1 1 1 1 1 1 1 1 1 1 1 1 1 1 1 1 1 1 1 1 1 1 1 1 1 1 1 1 1 1 1 1 1 1 1 1 1 1 1 1 1 1 1 1 1 1 1 1 1 1 1 1 1 1 1 1 1 1 1 1 1 1 1 1 1 1 1 1 1 1 1 1 1 1 1 1 1 1 1 1 1 1 1 1 1 1 1 1 1 1 1 1 1 1 1 1 1 1 1 1 1 1 1 1 1 1 1 1 1 1 1 1 1 1 1 1 1 1 1 1 1 1 1 1 1 1 1 1 1 1 1 1 1 1 1 1 1 1 1 1 1 1 1 1 1 1 1 1 1 1 1 1
ciInstanceKlass org/jetbrains/kotlin/ir/declarations/IrValueDeclaration 1 1 143 3 3 3 3 3 100 100 100 100 100 100 11 11 12 12 1 1 1 1 1 1 1 1 1 1 1 1 1 1 1 1 1 1 1 1 1 1 1 1 1 1 1 1 1 1 1 1 1 1 1 1 1 1 1 1 1 1 1 1 1 1 1 1 100 1 8 1 1 12 10 1 1 1 8 1 1 1 8 1 1 1 8 1 1 1 8 1 1 1 8 1 1 1 8 1 1 8 1 1 1 8 1 1 1 8 1 1 1 8 1 1 1 8 1 1 8 1 1 1 8 1 1 1 8 1 1 1 8 1 1 1 8 1 1 1 8 1 1 1 8 1 1
instanceKlass org/jetbrains/kotlin/ir/declarations/impl/IrValueParameterImpl
ciInstanceKlass org/jetbrains/kotlin/ir/declarations/IrValueParameter 1 1 225 3 3 3 3 3 8 8 8 100 7 100 100 7 7 100 7 7 100 100 100 7 9 10 10 10 10 10 10 10 10 10 10 10 10 12 12 12 12 12 12 12 12 12 12 12 12 1 1 1 1 1 1 1 1 1 1 1 1 1 1 1 1 1 1 1 1 1 1 1 1 1 1 1 1 1 1 1 1 1 1 1 1 1 1 1 1 1 1 1 1 1 1 1 1 1 1 1 1 1 1 1 1 1 1 1 1 1 1 1 1 1 1 1 1 1 1 1 1 1 1 1 1 1 1 1 1 1 1 1 1 1 1 1 1 1 1 1 1 1 1 1 1 1 1 1 1 1 1 1 1 1 1 1 1 1 1 1 1 1 1 1 1 1 1 1 1 100 1 8 1 12 10 1 1 8 1 1 8 1 1 8 1 1 8 1 1 1 8 1 1 1 8 1 1 8 1 1 8 1 1 1 8 1 1 1 8 1 1 1 8 1 1 1 8 1 1 1 8 1 1 1 8 1 1
ciInstanceKlass org/jetbrains/kotlin/ir/declarations/impl/IrValueParameterImpl 1 1 204 3 3 3 3 3 8 8 8 8 8 8 8 7 7 100 100 100 7 7 7 7 7 7 7 9 9 9 9 9 9 9 9 9 9 9 9 9 9 9 9 10 10 10 10 10 11 11 12 12 12 12 12 12 12 12 12 12 12 12 12 12 12 12 12 12 12 12 12 12 12 1 1 1 1 1 1 1 1 1 1 1 1 1 1 1 1 1 1 1 1 1 1 1 1 1 1 1 1 1 1 1 1 1 1 1 1 1 1 1 1 1 1 1 1 1 1 1 1 1 1 1 1 1 1 1 1 1 1 1 1 1 1 1 1 1 1 1 1 1 1 1 1 1 1 1 1 1 1 1 1 1 1 1 1 1 1 1 1 1 1 1 1 1 1 1 1 1 1 1 1 1 1 1 1 1 1 1 1 1 1 1 1 1 1 1 1 1 1 1 1 1 1 1 1 1 1 1 1 1 1 1 1 1
ciInstanceKlass org/jetbrains/kotlin/ir/visitors/IrVisitorsKt 1 1 59 3 3 3 3 8 8 100 7 7 7 100 10 11 11 12 12 12 1 1 1 1 1 1 1 1 1 1 1 1 1 1 1 1 1 1 1 1 1 1 1 1 1 1 1 1 1 1 1 1 1 1 1 1 1 1 1 1 1
instanceKlass org/jetbrains/kotlin/ir/declarations/IrPropertyWithLateBinding
instanceKlass org/jetbrains/kotlin/ir/declarations/impl/IrPropertyImpl
ciInstanceKlass org/jetbrains/kotlin/ir/declarations/IrProperty 1 1 167 3 3 3 3 3 8 8 100 7 100 100 7 7 100 100 100 100 7 7 100 100 7 10 10 10 10 10 10 10 10 10 10 10 10 10 10 10 12 12 12 12 12 12 12 12 12 12 12 12 12 1 1 1 1 1 1 1 1 1 1 1 1 1 1 1 1 1 1 1 1 1 1 1 1 1 1 1 1 1 1 1 1 1 1 1 1 1 1 1 1 1 1 1 1 1 1 1 1 1 1 1 1 1 1 1 1 1 1 1 1 1 1 1 1 1 1 1 1 1 1 1 1 1 1 1 1 1 1 1 1 1 1 1 1 1 1 1 1 1 1 1 1 1 1 1 1 1 1 1 1 1 1 1 1 1 1 1 1 1 1 1 1 1 1 1 1
instanceKlass org/jetbrains/kotlin/ir/declarations/impl/IrTypeParameterImpl
ciInstanceKlass org/jetbrains/kotlin/ir/declarations/IrTypeParameter 1 1 123 3 3 3 3 3 8 8 8 7 100 7 7 100 7 100 7 10 10 10 10 10 10 10 10 12 12 12 12 12 12 12 12 1 1 1 1 1 1 1 1 1 1 1 1 1 1 1 1 1 1 1 1 1 1 1 1 1 1 1 1 1 1 1 1 1 1 1 1 1 1 1 1 1 1 1 1 1 1 1 1 1 1 1 1 1 1 1 1 1 1 1 1 1 1 1 1 1 1 1 1 1 1 1 1 1 1 1 1 1 1 1 1 1 1 1 1 1 1 1 1 1 1
ciInstanceKlass org/jetbrains/kotlin/ir/declarations/impl/IrTypeParameterImpl 1 1 178 3 3 3 3 3 8 8 8 8 8 8 7 7 100 100 7 7 7 7 7 7 9 9 9 9 9 9 9 9 9 9 9 9 10 10 10 10 10 11 11 12 12 12 12 12 12 12 12 12 12 12 12 12 12 12 12 12 12 12 1 1 1 1 1 1 1 1 1 1 1 1 1 1 1 1 1 1 1 1 1 1 1 1 1 1 1 1 1 1 1 1 1 1 1 1 1 1 1 1 1 1 1 1 1 1 1 1 1 1 1 1 1 1 1 1 1 1 1 1 1 1 1 1 1 1 1 1 1 1 1 1 1 1 1 1 1 1 1 1 1 1 1 1 1 1 1 1 1 1 1 1 1 1 1 1 1 1 1 1 1 1 1 1 1 1 1 1 1 1 1 1 1 1 1 1 1 1
ciInstanceKlass org/jetbrains/kotlin/ir/util/IrUtilsKt 1 1 3385 3 3 3 3 3 8 8 8 8 8 8 8 8 8 8 8 8 8 8 8 8 8 8 8 8 8 8 8 8 8 8 8 8 8 8 8 8 8 8 8 8 8 8 8 8 8 8 8 8 8 8 8 8 8 8 8 8 8 8 8 8 8 8 8 8 8 8 8 8 8 8 8 8 8 8 8 8 8 8 8 8 8 8 8 8 8 8 8 8 8 8 8 8 8 8 8 8 8 8 8 8 8 8 8 8 100 100 100 100 7 7 7 7 100 100 100 100 100 7 7 7 7 100 7 7 7 100 7 7 7 7 100 100 7 7 100 100 100 7 100 7 7 7 7 100 7 7 100 7 7 7 7 100 100 7 100 100 7 100 100 7 100 100 100 7 100 7 100 100 7 100 100 100 7 7 100 100 100 100 7 100 100 7 7 7 7 7 7 7 7 7 7 7 100 100 7 100 100 7 7 100 7 7 7 7 7 7 100 7 100 7 7 100 7 7 7 100 7 100 7 100 7 100 100 100 7 100 100 7 7 100 100 100 100 100 7 100 7 100 7 100 100 100 100 100 7 100 7 7 100 7 7 100 100 7 7 100 7 7 7 7 100 7 7 100 100 100 100 100 100 7 100 100 7 7 100 7 7 7 7 100 100 7 100 7 7 7 100 100 7 100 100 100 100 100 7 7 7 100 7 7 100 100 100 7 7 100 100 100 100 7 7 7 7 7 100 100 100 7 7 7 100 100 100 7 7 7 100 100 7 100 5 0 5 0 5 0 9 9 9 9 9 9 9 9 9 9 9 9 9 9 9 9 9 9 9 9 9 9 9 9 9 9 9 9 9 9 9 9 9 9 9 9 9 9 9 9 9 9 9 9 9 9 9 9 9 9 9 9 10 10 10 10 10 10 10 10 10 10 10 10 10 10 10 10 10 10 10 10 10 10 10 10 10 10 10 10 10 10 10 10 10 10 10 10 10 10 10 10 10 10 10 10 10 10 10 10 10 10 10 10 10 10 10 10 10 10 10 10 10 10 10 10 10 10 10 10 10 10 10 10 10 10 10 10 10 10 10 10 10 10 10 10 10 10 10 10 10 10 10 10 10 10 10 10 10 10 10 10 10 10 10 10 10 10 10 10 10 10 10 10 10 10 10 10 10 10 10 10 10 10 10 10 10 10 10 10 10 10 10 10 10 10 10 10 10 10 10 10 10 10 10 10 10 10 10 10 10 10 10 10 10 10 10 10 10 10 10 10 10 10 10 10 10 10 10 10 10 10 10 10 10 10 10 10 10 10 10 10 10 10 10 10 10 10 10 10 10 10 10 10 10 10 10 10 10 10 10 10 10 10 10 10 10 10 10 10 10 10 10 10 10 10 10 10 10 10 10 10 10 10 10 10 10 10 10 10 10 10 10 10 10 10 10 10 10 10 10 10 10 10 10 10 10 10 10 10 10 10 10 10 10 10 10 10 10 10 10 10 10 10 10 10 10 10 10 10 10 10 10 10 10 10 10 10 10 10 10 10 10 10 10 10 10 10 10 10 10 10 10 10 10 10 10 10 10 10 10 10 10 10 10 10 10 10 10 10 10 10 10 10 10 10 10 10 10 10 10 10 10 10 10 10 10 10 10 10 10 10 10 10 10 10 10 10 10 10 10 10 10 10 10 10 10 10 10 10 10 10 10 10 10 10 10 10 10 10 10 10 10 10 10 10 10 10 10 10 10 10 10 10 10 10 10 10 10 10 10 10 10 10 10 10 10 10 10 10 10 10 10 10 10 10 10 10 10 10 10 10 10 10 10 10 10 10 10 10 10 10 10 10 10 10 10 10 10 10 10 10 10 10 10 10 10 10 10 10 10 10 10 10 10 10 10 10 10 10 10 10 10 10 10 10 10 10 10 10 10 10 10 10 10 10 10 10 10 10 10 10 10 10 10 10 10 10 10 10 10 10 10 10 10 10 10 10 10 10 10 10 10 10 10 10 10 10 10 10 10 10 10 10 10 10 10 10 10 10 10 10 10 10 10 10 10 10 10 10 10 10 11 11 11 11 11 11 11 11 11 11 11 11 11 11 11 11 11 11 11 11 11 11 11 11 11 11 11 11 11 11 11 11 11 11 11 11 11 11 11 11 11 11 11 11 11 11 11 11 11 11 11 11 11 11 11 11 11 18 18 18 18 18 18 18 18 15 15 15 15 15 15 15 15 15 12 12 12 12 12 12 12 12 12 12 12 12 12 12 12 12 12 12 12 12 12 12 12 12 12 12 12 12 12 12 12 12 12 12 12 12 12 12 12 12 12 12 12 12 12 12 12 12 12 12 12 12 12 12 12 12 12 12 12 12 12 12 12 12 12 12 12 12 12 12 12 12 12 12 12 12 12 12 12 12 12 12 12 12 12 12 12 12 12 12 12 12 12 12 12 12 12 12 12 12 12 12 12 12 12 12 12 12 12 12 12 12 12 12 12 12 12 12 12 12 12 12 12 12 12 12 12 12 12 12 12 12 12 12 12 12 12 12 12 12 12 12 12 12 12 12 12 12 12 12 12 12 12 12 12 12 12 12 12 12 12 12 12 12 12 12 12 12 12 12 12 12 12 12 12 12 12 12 12 12 12 12 12 12 12 12 12 12 12 12 12 12 12 12 12 12 12 12 12 12 12 12 12 12 12 12 12 12 12 12 12 12 12 12 12 12 12 12 12 12 12 12 12 12 12 12 12 12 12 12 12 12 12 12 12 12 12 12 12 12 12 12 12 12 12 12 12 12 12 12 12 12 12 12 12 12 12 12 12 12 12 12 12 12 12 12 12 12 12 12 12 12 12 12 12 12 12 12 12 12 12 12 12 12 12 12 12 12 12 12 12 12 12 12 12 12 12 12 12 12 12 12 12 12 12 12 12 12 12 12 12 12 12 12 12 12 12 12 12 12 12 12 12 12 12 12 12 12 12 12 12 12 12 12 12 12 12 12 12 12 12 12 12 12 12 12 12 12 12 12 12 12 12 12 12 12 12 12 12 12 12 12 12 12 12 12 12 12 12 12 12 12 12 12 12 12 12 12 12 12 12 12 12 12 12 12 12 12 12 12 12 12 12 12 12 12 12 12 12 12 12 12 12 12 12 12 12 12 12 12 12 12 12 12 12 12 12 12 12 12 12 12 12 12 12 12 12 12 12 12 12 12 12 12 12 12 12 12 12 12 12 12 12 12 12 12 12 12 12 12 12 12 12 12 12 12 12 12 12 12 12 12 12 12 12 12 12 12 12 16 16 16 16 16 16 16 16 16 16 1 1 1 1 1 1 1 1 1 1 1 1 1 1 1 1 1 1 1 1 1 1 1 1 1 1 1 1 1 1 1 1 1 1 1 1 1 1 1 1 1 1 1 1 1 1 1 1 1 1 1 1 1 1 1 1 1 1 1 1 1 1 1 1 1 1 1 1 1 1 1 1 1 1 1 1 1 1 1 1 1 1 1 1 1 1 1 1 1 1 1 1 1 1 1 1 1 1 1 1 1 1 1 1 1 1 1 1 1 1 1 1 1 1 1 1 1 1 1 1 1 1 1 1 1 1 1 1 1 1 1 1 1 1 1 1 1 1 1 1 1 1 1 1 1 1 1 1 1 1 1 1 1 1 1 1 1 1 1 1 1 1 1 1 1 1 1 1 1 1 1 1 1 1 1 1 1 1 1 1 1 1 1 1 1 1 1 1 1 1 1 1 1 1 1 1 1 1 1 1 1 1 1 1 1 1 1 1 1 1 1 1 1 1 1 1 1 1 1 1 1 1 1 1 1 1 1 1 1 1 1 1 1 1 1 1 1 1 1 1 1 1 1 1 1 1 1 1 1 1 1 1 1 1 1 1 1 1 1 1 1 1 1 1 1 1 1 1 1 1 1 1 1 1 1 1 1 1 1 1 1 1 1 1 1 1 1 1 1 1 1 1 1 1 1 1 1 1 1 1 1 1 1 1 1 1 1 1 1 1 1 1 1 1 1 1 1 1 1 1 1 1 1 1 1 1 1 1 1 1 1 1 1 1 1 1 1 1 1 1 1 1 1 1 1 1 1 1 1 1 1 1 1 1 1 1 1 1 1 1 1 1 1 1 1 1 1 1 1 1 1 1 1 1 1 1 1 1 1 1 1 1 1 1 1 1 1 1 1 1 1 1 1 1 1 1 1 1 1 1 1 1 1 1 1 1 1 1 1 1 1 1 1 1 1 1 1 1 1 1 1 1 1 1 1 1 1 1 1 1 1 1 1 1 1 1 1 1 1 1 1 1 1 1 1 1 1 1 1 1 1 1 1 1 1 1 1 1 1 1 1 1 1 1 1 1 1 1 1 1 1 1 1 1 1 1 1 1 1 1 1 1 1 1 1 1 1 1 1 1 1 1 1 1 1 1 1 1 1 1 1 1 1 1 1 1 1 1 1 1 1 1 1 1 1 1 1 1 1 1 1 1 1 1 1 1 1 1 1 1 1 1 1 1 1 1 1 1 1 1 1 1 1 1 1 1 1 1 1 1 1 1 1 1 1 1 1 1 1 1 1 1 1 1 1 1 1 1 1 1 1 1 1 1 1 1 1 1 1 1 1 1 1 1 1 1 1 1 1 1 1 1 1 1 1 1 1 1 1 1 1 1 1 1 1 1 1 1 1 1 1 1 1 1 1 1 1 1 1 1 1 1 1 1 1 1 1 1 1 1 1 1 1 1 1 1 1 1 1 1 1 1 1 1 1 1 1 1 1 1 1 1 1 1 1 1 1 1 1 1 1 1 1 1 1 1 1 1 1 1 1 1 1 1 1 1 1 1 1 1 1 1 1 1 1 1 1 1 1 1 1 1 1 1 1 1 1 1 1 1 1 1 1 1 1 1 1 1 1 1 1 1 1 1 1 1 1 1 1 1 1 1 1 1 1 1 1 1 1 1 1 1 1 1 1 1 1 1 1 1 1 1 1 1 1 1 1 1 1 1 1 1 1 1 1 1 1 1 1 1 1 1 1 1 1 1 1 1 1 1 1 1 1 1 1 1 1 1 1 1 1 1 1 1 1 1 1 1 1 1 1 1 1 1 1 1 1 1 1 1 1 1 1 1 1 1 1 1 1 1 1 1 1 1 1 1 1 1 1 1 1 1 1 1 1 1 1 1 1 1 1 1 1 1 1 1 1 1 1 1 1 1 1 1 1 1 1 1 1 1 1 1 1 1 1 1 1 1 1 1 1 1 1 1 1 1 1 1 1 1 1 1 1 1 1 1 1 1 1 1 1 1 1 1 1 1 1 1 1 1 1 1 1 1 1 1 1 1 1 1 1 1 1 1 1 1 1 1 1 1 1 1 1 1 1 1 1 1 1 1 1 1 1 1 1 1 1 1 1 1 1 1 1 1 1 1 1 1 1 1 1 1 1 1 1 1 1 1 1 1 1 1 1 1 1 1 1 1 1 1 1 1 1 1 1 1 1 1 1 1 1 1 1 1 1 1 1 1 1 1 1 1 1 1 1 1 1 1 1 1 1 1 1 1 1 1 1 1 1 1 1 1 1 1 1 1 1 1 1 1 1 1 1 1 1 1 1 1 1 1 1 1 1 1 1 1 1 1 1 1 1 1 1 1 1 1 1 1 1 1 1 1 1 1 1 1 1 1 1 1 1 1 1 1 1 1 1 1 1 1 1 1 1 1 1 1 1 1 1 1 1 1 1 1 1 1 1 1 1 1 1 1 1 1 1 1 1 1 1 1 1 1 1 1 1 1 1 1 1 1 1 1 1 1 1 1 1 1 1 1 1 1 1 1 1 1 1 1 1 1 1 1 1 1 1 1 1 1 1 1 1 1 1 1 1 1 1 1 1 1 1 1 1 1 1 1 1 1 1 1 1 1 1 1 1 1 1 1 1 1 1 1 1 1 1 1 1 1 1 1 1 1 1 1 1 1 1 1 1 1 1 1 1 1 1 1 1 1 1 1 1 1 1 1 1 1 1 1 1 1 1 1 1 1 1 1 1 1 1 1 1 1 1 1 1 1 1 1 1 1 1 1 1 1 1 1 1 1 1 1 1 1 1 1 1 1 1 1 1 1 1 1 1 1 1 1 1 1 1 1 1 1 1 1 1 1 1 1 1 1 1 1 1 1 1 1 1 1 1 1 1 1 1 1 1 1 1 1 1 1 1 1 1 1 1 1 1 1 1 1 1 1 1 1 1 1 1 1 1 1 1 1 1 1 1 1 1 1 1 1 1 1 1 1 1 1 1 1 1 1 1 1 1 1 1 1 1 1 1 1 1 1 1 1 1 1 1 1 1 1 1 1 1 1 1 1 1 1 1 1 1 1 1 1 1 1 1 1 1 1 1 1 1 1 1 1 1 1 1 1 1 1 1 1 1 1 1 1 1 1 1 1 1 1 1 1 1 1 1 1 1 1 1 1 1 1 1 1 1 1 1 1 1 1 1 1 1 1 1 1 1 1 1 1 1 1 1 1 1 1 1 1 1 1 1 1 1 1 1 1 1 1 1 1 1 1 1 1 1 1 1 1 1 1 1 1 1 1 1 1 1 1 1 1 1 1 1 1 1 1 1 1 1 1 1 1 1 1 1 1 1 1 1 1 1 1 1 1 1 1 1 1 1 1 1 1 1 1 1 1 1 1 1 1 1 1 1 1 1 1 1 1 1 1 1 1 1 1 1 1 1 1 1 1 1 1 1 1 1 1 1 1 1 1 1 1 1 1 1 1 1 1 1 1 1 1 1 1 1 1 1 1 1 1 1 1 1 1 1 1 1 1 1 1 1 1 1 1 1 1 1 1 1 1 1 1 1 1 1 1 1 1 1 1 1 1 1 1 1 1 1 1 1 1 1 1 1 1 1 1 1 1 1 1 1 1 1 1 1 1 1 1 1 1 1 1 1 1 1 1 1 1 1 1 1 1 1 1 1 1 1 1 1 1 1 1 1 1 1 1 1 1 1 1 1 1 1 1 1 1 1 1 1 1 1 1 1 1 1 1 1 1 1 1 1 1 1 1 1 1 1 1 1 1 1 1 1 1 1 1 1 1 1 1 1 1 1 1 1 1 1 1 1 1 1 1 1 1 1 1 1 1 1 1 1 1 1 1 1 1 1 1 1 1 1 1 1 1 1 1 1 1 1 1 1 1 1 1 1 1 1 1 1 1 1 1 1 1 1 1 1 1 1 1 1 1 1 1 1 1 1 1 1 1 1 1 1 1 1 1 1 1 1 1 1 1 1 1 1 1 1 1 1 1 1 1 1 1 1 1 1 1 1 1 1 1 1 1 1 1 1 1 1 1 1 1 1 1 1 1 1 1 1 1 1 1 1 1 1 1 1 1 1 1 1 1 1 1 1 1 1 1 1 1 1 1 1 1 1 1 1 1 1 1 1 1 1 1 1 1 1 1 1 1 1 1 1 1 1 1 1 1 1 1 1 1 1 1 1 1 1 1 1 1 1 1 1 1 1 1 1 1 1 1 1 1 1 1 1 1 1 1 1 1 1 1 1 1 1 1 1 1 1 1 1 1 1 1 1 1 1 1 1 1 1 1 1 1 1 1 1 1 1 1 1 1 1 1 1 1 1 1 1 1 1 1 1 1 1 1 1 1 1 1 1 1 1 1 1 1 1 1
ciInstanceKlass org/jetbrains/kotlin/descriptors/ClassKind 1 1 124 3 3 3 3 8 8 8 8 8 8 8 8 8 8 8 7 7 7 7 7 7 9 9 9 9 9 9 9 9 9 10 10 10 10 10 10 12 12 12 12 12 12 12 12 12 12 12 12 12 12 12 1 1 1 1 1 1 1 1 1 1 1 1 1 1 1 1 1 1 1 1 1 1 1 1 1 1 1 1 1 1 1 1 1 1 1 1 1 1 1 1 1 1 1 1 1 1 1 1 1 1 1 1 1 1 1 1 1 1 1 1 1 1 1 1 1 1 1 1 1 1 1 1
staticfield org/jetbrains/kotlin/descriptors/ClassKind CLASS Lorg/jetbrains/kotlin/descriptors/ClassKind; org/jetbrains/kotlin/descriptors/ClassKind
staticfield org/jetbrains/kotlin/descriptors/ClassKind INTERFACE Lorg/jetbrains/kotlin/descriptors/ClassKind; org/jetbrains/kotlin/descriptors/ClassKind
staticfield org/jetbrains/kotlin/descriptors/ClassKind ENUM_CLASS Lorg/jetbrains/kotlin/descriptors/ClassKind; org/jetbrains/kotlin/descriptors/ClassKind
staticfield org/jetbrains/kotlin/descriptors/ClassKind ENUM_ENTRY Lorg/jetbrains/kotlin/descriptors/ClassKind; org/jetbrains/kotlin/descriptors/ClassKind
staticfield org/jetbrains/kotlin/descriptors/ClassKind ANNOTATION_CLASS Lorg/jetbrains/kotlin/descriptors/ClassKind; org/jetbrains/kotlin/descriptors/ClassKind
staticfield org/jetbrains/kotlin/descriptors/ClassKind OBJECT Lorg/jetbrains/kotlin/descriptors/ClassKind; org/jetbrains/kotlin/descriptors/ClassKind
staticfield org/jetbrains/kotlin/descriptors/ClassKind $VALUES [Lorg/jetbrains/kotlin/descriptors/ClassKind; 6 [Lorg/jetbrains/kotlin/descriptors/ClassKind;
staticfield org/jetbrains/kotlin/descriptors/ClassKind $ENTRIES Lkotlin/enums/EnumEntries; kotlin/enums/EnumEntriesList
ciInstanceKlass org/jetbrains/kotlin/ir/declarations/impl/IrClassImpl 1 1 300 3 3 3 3 3 8 8 8 8 8 8 8 8 8 7 7 7 7 100 100 7 7 7 7 7 7 7 7 9 9 9 9 9 9 9 9 9 9 9 9 9 9 9 9 9 9 9 9 9 9 9 9 9 9 9 9 10 10 10 10 10 10 10 11 11 12 12 12 12 12 12 12 12 12 12 12 12 12 12 12 12 12 12 12 12 12 12 12 12 12 12 12 12 12 12 12 12 12 12 12 12 1 1 1 1 1 1 1 1 1 1 1 1 1 1 1 1 1 1 1 1 1 1 1 1 1 1 1 1 1 1 1 1 1 1 1 1 1 1 1 1 1 1 1 1 1 1 1 1 1 1 1 1 1 1 1 1 1 1 1 1 1 1 1 1 1 1 1 1 1 1 1 1 1 1 1 1 1 1 1 1 1 1 1 1 1 1 1 1 1 1 1 1 1 1 1 1 1 1 1 1 1 1 1 1 1 1 1 1 1 1 1 1 1 1 1 1 1 1 1 1 1 1 1 1 1 1 1 1 1 1 1 1 1 1 1 1 1 1 1 1 1 1 1 1 1 1 1 1 1 1 1 1 1 1 1 1 1 1 1 1 1 1 1 1 1 1 1 1 1 1 1 1 1 1 1 1 1 1 1 1 1 1 1 1 1 1 1 1 1 1 1 1 1 1 1 1 1 1
ciInstanceKlass org/jetbrains/kotlin/ir/declarations/impl/IrPropertyImpl 1 1 240 3 3 3 3 3 8 8 8 8 8 8 8 7 7 100 100 7 7 7 7 7 7 9 9 9 9 9 9 9 9 9 9 9 9 9 9 9 9 9 9 9 9 9 9 9 10 10 10 10 10 11 11 12 12 12 12 12 12 12 12 12 12 12 12 12 12 12 12 12 12 12 12 12 12 12 12 12 12 12 12 12 12 1 1 1 1 1 1 1 1 1 1 1 1 1 1 1 1 1 1 1 1 1 1 1 1 1 1 1 1 1 1 1 1 1 1 1 1 1 1 1 1 1 1 1 1 1 1 1 1 1 1 1 1 1 1 1 1 1 1 1 1 1 1 1 1 1 1 1 1 1 1 1 1 1 1 1 1 1 1 1 1 1 1 1 1 1 1 1 1 1 1 1 1 1 1 1 1 1 1 1 1 1 1 1 1 1 1 1 1 1 1 1 1 1 1 1 1 1 1 1 1 1 1 1 1 1 1 1 1 1 1 1 1 1 1 1 1 1 1 1 1 1 1 1 1 1 1 1 1 1 1 1 1 1 1 1 1 1
ciInstanceKlass org/jetbrains/kotlin/ir/declarations/impl/IrFunctionImpl 1 1 275 3 3 3 3 3 8 8 8 8 8 8 8 8 7 7 100 7 7 7 7 7 100 7 7 100 9 9 9 9 9 9 9 9 9 9 9 9 9 9 9 9 9 9 9 9 9 9 9 9 9 9 10 10 10 10 10 10 11 11 12 12 12 12 12 12 12 12 12 12 12 12 12 12 12 12 12 12 12 12 12 12 12 12 12 12 12 12 12 12 12 12 12 1 1 1 1 1 1 1 1 1 1 1 1 1 1 1 1 1 1 1 1 1 1 1 1 1 1 1 1 1 1 1 1 1 1 1 1 1 1 1 1 1 1 1 1 1 1 1 1 1 1 1 1 1 1 1 1 1 1 1 1 1 1 1 1 1 1 1 1 1 1 1 1 1 1 1 1 1 1 1 1 1 1 1 1 1 1 1 1 1 1 1 1 1 1 1 1 1 1 1 1 1 1 1 1 1 1 1 1 1 1 1 1 1 1 1 1 1 1 1 1 1 1 1 1 1 1 1 1 1 1 1 1 1 1 1 1 1 1 1 1 1 1 1 1 1 1 1 1 1 1 1 1 1 1 1 1 1 1 1 1 1 1 1 1 1 1 1 1 1 1 1 1 1 1 1 1 1 1 1 1 1 1
ciInstanceKlass org/jetbrains/kotlin/ir/declarations/impl/IrConstructorImpl 1 1 232 3 3 3 3 3 8 8 8 8 8 8 8 7 7 100 100 100 7 7 7 7 7 7 100 7 100 9 9 9 9 9 9 9 9 9 9 9 9 9 9 9 9 9 9 10 10 10 10 10 10 11 11 12 12 12 12 12 12 12 12 12 12 12 12 12 12 12 12 12 12 12 12 12 12 12 12 12 12 1 1 1 1 1 1 1 1 1 1 1 1 1 1 1 1 1 1 1 1 1 1 1 1 1 1 1 1 1 1 1 1 1 1 1 1 1 1 1 1 1 1 1 1 1 1 1 1 1 1 1 1 1 1 1 1 1 1 1 1 1 1 1 1 1 1 1 1 1 1 1 1 1 1 1 1 1 1 1 1 1 1 1 1 1 1 1 1 1 1 1 1 1 1 1 1 1 1 1 1 1 1 1 1 1 1 1 1 1 1 1 1 1 1 1 1 1 1 1 1 1 1 1 1 1 1 1 1 1 1 1 1 1 1 1 1 1 1 1 1 1 1 1 1 1 1 1 1 1 1 1 1 1
ciInstanceKlass org/jetbrains/kotlin/ir/expressions/impl/IrDelegatingConstructorCallImpl 1 1 127 3 3 3 3 3 8 8 8 7 7 7 7 7 7 7 7 9 9 9 9 9 9 9 9 10 10 10 10 10 12 12 12 12 12 12 12 12 12 12 12 12 12 1 1 1 1 1 1 1 1 1 1 1 1 1 1 1 1 1 1 1 1 1 1 1 1 1 1 1 1 1 1 1 1 1 1 1 1 1 1 1 1 1 1 1 1 1 1 1 1 1 1 1 1 1 1 1 1 1 1 1 1 1 1 1 1 1 1 1 1 1 1 1 1 1 1 1 1 1 1 1 1 1 1 1 1
staticfield org/jetbrains/kotlin/ir/expressions/impl/IrDelegatingConstructorCallImpl Companion Lorg/jetbrains/kotlin/ir/expressions/impl/IrDelegatingConstructorCallImpl$Companion; org/jetbrains/kotlin/ir/expressions/impl/IrDelegatingConstructorCallImpl$Companion
ciInstanceKlass org/jetbrains/kotlin/ir/expressions/IrStatementContainer 1 0 34 3 3 3 3 3 100 100 100 1 1 1 1 1 1 1 1 1 1 1 1 1 1 1 1 1 1 1 1 1 1 1 1 1
instanceKlass org/jetbrains/kotlin/ir/expressions/IrSyntheticBody
instanceKlass org/jetbrains/kotlin/ir/expressions/IrExpressionBody
instanceKlass org/jetbrains/kotlin/ir/expressions/IrBlockBody
ciInstanceKlass org/jetbrains/kotlin/ir/expressions/IrBody 1 1 74 3 3 3 3 3 8 8 7 7 7 7 7 10 10 10 10 10 10 12 12 12 12 12 1 1 1 1 1 1 1 1 1 1 1 1 1 1 1 1 1 1 1 1 1 1 1 1 1 1 1 1 1 1 1 1 1 1 1 1 1 1 1 1 1 1 1 1 1 1 1 1 1 1
instanceKlass org/jetbrains/kotlin/ir/expressions/impl/IrBlockBodyImpl
ciInstanceKlass org/jetbrains/kotlin/ir/expressions/IrBlockBody 1 1 116 3 3 3 3 3 8 8 7 100 7 7 7 7 7 100 7 7 10 10 10 10 10 11 11 11 11 12 12 12 12 12 12 12 12 12 1 1 1 1 1 1 1 1 1 1 1 1 1 1 1 1 1 1 1 1 1 1 1 1 1 1 1 1 1 1 1 1 1 1 1 1 1 1 1 1 1 1 1 1 1 1 1 1 1 1 1 1 1 1 1 1 1 1 1 1 1 1 1 1 1 1 1 1 1 1 1 1 1 1 1 1 1 1 1 1
ciInstanceKlass org/jetbrains/kotlin/ir/expressions/impl/IrBlockBodyImpl 1 1 86 3 3 3 3 3 8 7 7 7 7 7 7 9 9 9 9 10 10 10 12 12 12 12 12 12 12 1 1 1 1 1 1 1 1 1 1 1 1 1 1 1 1 1 1 1 1 1 1 1 1 1 1 1 1 1 1 1 1 1 1 1 1 1 1 1 1 1 1 1 1 1 1 1 1 1 1 1 1 1 1 1 1 1 1 1
ciInstanceKlass org/jetbrains/kotlin/ir/declarations/impl/IrFieldImpl 1 1 205 3 3 3 3 3 8 8 8 8 8 8 8 7 7 100 100 7 7 7 7 7 7 9 9 9 9 9 9 9 9 9 9 9 9 9 9 9 9 10 10 10 10 10 11 11 12 12 12 12 12 12 12 12 12 12 12 12 12 12 12 12 12 12 12 12 12 12 12 1 1 1 1 1 1 1 1 1 1 1 1 1 1 1 1 1 1 1 1 1 1 1 1 1 1 1 1 1 1 1 1 1 1 1 1 1 1 1 1 1 1 1 1 1 1 1 1 1 1 1 1 1 1 1 1 1 1 1 1 1 1 1 1 1 1 1 1 1 1 1 1 1 1 1 1 1 1 1 1 1 1 1 1 1 1 1 1 1 1 1 1 1 1 1 1 1 1 1 1 1 1 1 1 1 1 1 1 1 1 1 1 1 1 1 1 1 1 1 1 1 1 1 1 1 1 1 1 1 1 1 1 1 1 1 1
instanceKlass org/jetbrains/kotlin/ir/expressions/impl/IrExpressionBodyImpl
ciInstanceKlass org/jetbrains/kotlin/ir/expressions/IrExpressionBody 1 1 100 3 3 3 3 3 8 8 8 7 100 7 7 7 7 10 10 10 10 10 10 10 10 10 10 12 12 12 12 12 12 12 12 12 1 1 1 1 1 1 1 1 1 1 1 1 1 1 1 1 1 1 1 1 1 1 1 1 1 1 1 1 1 1 1 1 1 1 1 1 1 1 1 1 1 1 1 1 1 1 1 1 1 1 1 1 1 1 1 1 1 1 1 1 1 1 1 1 1 1
ciInstanceKlass org/jetbrains/kotlin/ir/expressions/impl/IrExpressionBodyImpl 1 1 79 3 3 3 3 3 8 8 7 7 7 7 9 9 9 9 10 10 12 12 12 12 12 12 1 1 1 1 1 1 1 1 1 1 1 1 1 1 1 1 1 1 1 1 1 1 1 1 1 1 1 1 1 1 1 1 1 1 1 1 1 1 1 1 1 1 1 1 1 1 1 1 1 1 1 1 1 1 1
ciInstanceKlass org/jetbrains/kotlin/ir/expressions/impl/IrTypeOperatorCallImpl 1 1 103 3 3 3 3 3 8 8 8 8 8 7 7 7 7 9 9 9 9 9 9 9 10 10 12 12 12 12 12 12 12 12 12 1 1 1 1 1 1 1 1 1 1 1 1 1 1 1 1 1 1 1 1 1 1 1 1 1 1 1 1 1 1 1 1 1 1 1 1 1 1 1 1 1 1 1 1 1 1 1 1 1 1 1 1 1 1 1 1 1 1 1 1 1 1 1 1 1 1 1 1 1 1
instanceKlass org/jetbrains/kotlin/ir/expressions/impl/IrSyntheticBodyImpl
ciInstanceKlass org/jetbrains/kotlin/ir/expressions/IrSyntheticBody 1 1 64 3 3 3 3 3 8 7 7 100 7 10 10 10 12 12 12 1 1 1 1 1 1 1 1 1 1 1 1 1 1 1 1 1 1 1 1 1 1 1 1 1 1 1 1 1 1 1 1 1 1 1 1 1 1 1 1 1 1 1 1 1 1 1
ciInstanceKlass org/jetbrains/kotlin/ir/expressions/impl/IrSyntheticBodyImpl 1 1 79 3 3 3 3 3 8 8 7 7 7 7 9 9 9 9 10 10 12 12 12 12 12 12 1 1 1 1 1 1 1 1 1 1 1 1 1 1 1 1 1 1 1 1 1 1 1 1 1 1 1 1 1 1 1 1 1 1 1 1 1 1 1 1 1 1 1 1 1 1 1 1 1 1 1 1 1 1 1
instanceKlass org/jetbrains/kotlin/ir/declarations/impl/IrPropertyWithLateBindingImpl
ciInstanceKlass org/jetbrains/kotlin/ir/declarations/IrPropertyWithLateBinding 1 1 41 3 3 3 3 3 7 100 10 12 1 1 1 1 1 1 1 1 1 1 1 1 1 1 1 1 1 1 1 1 1 1 1 1 1 1 1 1 1 1 1
ciInstanceKlass org/jetbrains/kotlin/ir/declarations/impl/IrPropertyWithLateBindingImpl 1 1 309 3 3 3 3 3 8 8 8 8 8 8 8 8 8 100 100 100 100 7 7 7 100 100 7 100 100 7 7 7 7 100 7 7 100 9 9 9 9 9 9 9 9 9 9 9 9 9 9 9 9 9 9 9 9 9 9 9 10 10 10 10 10 10 10 10 10 10 10 10 10 10 10 10 10 10 11 11 12 12 12 12 12 12 12 12 12 12 12 12 12 12 12 12 12 12 12 12 12 12 12 12 12 12 12 12 12 12 12 12 12 12 12 12 12 12 12 12 1 1 1 1 1 1 1 1 1 1 1 1 1 1 1 1 1 1 1 1 1 1 1 1 1 1 1 1 1 1 1 1 1 1 1 1 1 1 1 1 1 1 1 1 1 1 1 1 1 1 1 1 1 1 1 1 1 1 1 1 1 1 1 1 1 1 1 1 1 1 1 1 1 1 1 1 1 1 1 1 1 1 1 1 1 1 1 1 1 1 1 1 1 1 1 1 1 1 1 1 1 1 1 1 1 1 1 1 1 1 1 1 1 1 1 1 1 1 1 1 1 1 1 1 1 1 1 1 1 1 1 1 1 1 1 1 1 1 1 1 1 1 1 1 1 1 1 1 1 1 1 1 1 1 1 1 1 1 1 1 1 1 1 1 1 1 1 1 1 1 1 1 1 1 1 1 1 1 1 1 1 1 1 1 1 1 1 1 1 1 1
ciInstanceKlass org/jetbrains/kotlin/ir/visitors/IrElementTransformer 1 0 39 3 3 3 3 3 100 100 1 1 1 1 1 1 1 1 1 1 1 1 1 1 1 1 1 1 1 1 1 1 1 1 1 1 1 1 1 1 1
instanceKlass org/jetbrains/kotlin/backend/wasm/lower/WasmCallableReferenceLowering$lower$1
instanceKlass org/jetbrains/kotlin/ir/interpreter/transformer/IrConstExpressionTransformer
instanceKlass org/jetbrains/kotlin/ir/interpreter/preprocessor/IrInterpreterPreprocessor
instanceKlass org/jetbrains/kotlin/ir/inline/SyntheticAccessorLowering$Transformer
instanceKlass org/jetbrains/kotlin/ir/inline/OuterThisInInlineFunctionsSpecialAccessorLowering$Transformer
instanceKlass org/jetbrains/kotlin/backend/common/lower/inline/LocalClassesInInlineLambdasLowering$lower$1
instanceKlass org/jetbrains/kotlin/backend/common/lower/UpgradeCallableReferences$UpgradeTransformer
instanceKlass org/jetbrains/kotlin/ir/inline/FunctionInlining
instanceKlass org/jetbrains/kotlin/ir/visitors/IrElementTransformerVoid
ciInstanceKlass org/jetbrains/kotlin/ir/visitors/IrTransformer 1 1 767 3 3 3 3 3 8 8 8 8 8 8 8 8 8 8 8 7 7 7 7 100 7 7 100 7 7 7 7 100 7 100 100 7 7 100 7 100 7 7 7 7 7 7 7 100 7 100 7 7 10 10 10 10 10 10 10 10 10 10 10 10 10 10 10 10 10 10 10 10 10 10 10 10 10 10 10 10 10 10 10 10 10 10 10 10 10 10 10 10 10 10 10 10 10 10 10 10 10 10 10 10 10 10 10 10 10 10 10 10 10 10 10 10 10 10 10 10 10 10 10 10 10 10 10 10 10 10 10 10 10 10 10 10 10 10 10 10 10 10 10 10 10 10 10 10 10 10 10 10 10 10 11 12 12 12 12 12 12 12 12 12 12 12 12 12 12 12 12 12 12 12 12 12 12 12 12 12 12 12 12 12 12 12 12 12 12 12 12 12 12 12 12 12 12 12 12 12 12 12 12 12 12 12 12 12 12 12 12 12 12 12 12 12 12 12 12 12 12 12 12 12 12 12 12 12 12 12 12 12 12 12 12 12 12 12 12 12 12 12 12 12 12 12 12 1 1 1 1 1 1 1 1 1 1 1 1 1 1 1 1 1 1 1 1 1 1 1 1 1 1 1 1 1 1 1 1 1 1 1 1 1 1 1 1 1 1 1 1 1 1 1 1 1 1 1 1 1 1 1 1 1 1 1 1 1 1 1 1 1 1 1 1 1 1 1 1 1 1 1 1 1 1 1 1 1 1 1 1 1 1 1 1 1 1 1 1 1 1 1 1 1 1 1 1 1 1 1 1 1 1 1 1 1 1 1 1 1 1 1 1 1 1 1 1 1 1 1 1 1 1 1 1 1 1 1 1 1 1 1 1 1 1 1 1 1 1 1 1 1 1 1 1 1 1 1 1 1 1 1 1 1 1 1 1 1 1 1 1 1 1 1 1 1 1 1 1 1 1 1 1 1 1 1 1 1 1 1 1 1 1 1 1 1 1 1 1 1 1 1 1 1 1 1 1 1 1 1 1 1 1 1 1 1 1 1 1 1 1 1 1 1 1 1 1 1 1 1 1 1 1 1 1 1 1 1 1 1 1 1 1 1 1 1 1 1 1 1 1 1 1 1 1 1 1 1 1 1 1 1 1 1 1 1 1 1 1 1 1 1 1 1 1 1 1 1 1 1 1 1 1 1 1 1 1 1 1 1 1 1 1 1 1 1 1 1 1 1 1 1 1 1 1 1 1 1 1 1 1 1 1 1 1 1 1 1 1 1 1 1 1 1 1 1 1 1 1 1 1 1 1 1 1 1 1 1 1 1 1 1 1 1 1 1 1 1 1 1 1 1 1 1 1 1 1 1 1 1 1 1 1 1 1 1 1 1 1 1 1 1 1 1 1 1 1 1 1 1 1 1 1 1 1 1 1 1 1 1 1 1 1 1 1 1 1 1 1 1 1 1 1 1 1 1 1 1 1 1 1 1 1 1 1 1 1 1 1 1 1 1 1 1 1 1 1 1 1 1 1 1 1 1 1 1 1 1 1 1 1 1 1 1 1 1 1 1 1 1 1 1 1 1 1 1 1 1 1 1 1 1 1 1 1 1 1 1 1 1 1 1 1 1 1 1 1 1 1 1 1 1 1 1 1 1 1 1 1 1 1 1 1 1 1 1 1 1 1 1 1 1 1 1 1 1 1 1 1 1 1 1 1 1 1 1 1 1 1 1 1 1 1 1 1 1 1 1 1
ciInstanceKlass org/jetbrains/kotlin/backend/common/LoweringContext 1 1 92 3 3 3 3 3 8 100 100 100 100 100 100 10 10 11 12 12 12 1 1 1 1 1 1 1 1 1 1 1 1 1 1 1 1 1 1 1 1 1 1 1 1 1 1 1 1 1 1 1 1 1 1 1 1 1 1 1 1 1 1 1 1 1 1 1 1 1 1 1 1 1 1 1 1 1 100 1 8 1 12 10 1 1 1 8 1 1 1 8 1 1
ciInstanceKlass org/jetbrains/kotlin/backend/common/CommonBackendContext 1 1 136 3 3 3 3 3 100 100 100 100 100 100 100 100 100 9 9 10 10 11 12 12 12 12 12 1 1 1 1 1 1 1 1 1 1 1 1 1 1 1 1 1 1 1 1 1 1 1 1 1 1 1 1 1 1 1 1 1 1 1 1 1 1 1 1 1 1 1 1 1 1 1 1 1 1 1 1 1 1 1 1 1 1 1 1 1 1 1 1 1 1 1 1 1 1 1 1 1 1 1 1 1 1 1 100 1 8 1 1 12 10 1 1 1 8 1 1 1 8 1 1 1 8 1 1 1 8 1 1 1 8 1 1 8 1 1
ciInstanceKlass org/jetbrains/kotlin/ir/util/PatchDeclarationParentsVisitor 1 1 60 3 3 3 3 3 8 8 7 7 7 7 9 10 10 10 11 12 12 12 12 1 1 1 1 1 1 1 1 1 1 1 1 1 1 1 1 1 1 1 1 1 1 1 1 1 1 1 1 1 1 1 1 1 1 1 1 1 1 1
staticfield org/jetbrains/kotlin/ir/util/PatchDeclarationParentsVisitor INSTANCE Lorg/jetbrains/kotlin/ir/util/PatchDeclarationParentsVisitor; org/jetbrains/kotlin/ir/util/PatchDeclarationParentsVisitor
ciInstanceKlass org/jetbrains/kotlin/backend/common/ModuleLoweringPass 1 0 29 3 3 3 3 3 100 100 1 1 1 1 1 1 1 1 1 1 1 1 1 1 1 1 1 1 1 1 1
ciInstanceKlass org/jetbrains/kotlin/backend/common/FileLoweringPass 1 1 95 3 3 3 3 3 8 8 100 7 7 7 7 100 100 7 100 7 7 100 10 10 10 10 11 11 11 11 12 12 12 12 12 12 12 12 1 1 1 1 1 1 1 1 1 1 1 1 1 1 1 1 1 1 1 1 1 1 1 1 1 1 1 1 1 1 1 1 1 1 1 1 1 1 1 1 1 1 1 1 1 1 1 1 1 1 1 1 1 1 1 1 1 1 1
ciInstanceKlass org/jetbrains/kotlin/backend/common/DeclarationTransformer 1 1 174 3 3 3 3 3 8 8 100 7 7 7 7 100 100 7 7 100 7 7 7 7 7 7 7 7 10 10 10 10 10 10 10 10 10 10 11 11 11 11 11 11 18 15 15 12 12 12 12 12 12 12 12 12 12 12 12 12 12 12 12 12 16 16 1 1 1 1 1 1 1 1 1 1 1 1 1 1 1 1 1 1 1 1 1 1 1 1 1 1 1 1 1 1 1 1 1 1 1 1 1 1 1 1 1 1 1 1 1 1 1 1 1 1 1 1 1 1 1 1 1 1 1 1 1 1 1 1 1 1 1 1 1 1 1 1 1 1 1 1 1 1 1 1 1 1 1 1 1 1 1 1 1 1 1 1 1 1 1 1 1 1 1 1 1 1 1 1 1 1 1 1 1 1
ciInstanceKlass org/jetbrains/kotlin/ir/backend/js/lower/inline/RemoveInlineDeclarationsWithReifiedTypeParametersLowering 1 1 83 3 3 3 3 3 8 8 7 100 7 100 7 100 100 7 7 100 10 10 10 10 10 12 12 12 12 12 1 1 1 1 1 1 1 1 1 1 1 1 1 1 1 1 1 1 1 1 1 1 1 1 1 1 1 1 1 1 1 1 1 1 1 1 1 1 1 1 1 1 1 1 1 1 1 1 1 1 1 1 1 1 1
instanceKlass org/jetbrains/kotlin/ir/backend/js/lower/JsCommonAnnotationImplementationTransformer
ciInstanceKlass org/jetbrains/kotlin/backend/common/lower/AnnotationImplementationTransformer 1 1 947 3 3 3 3 3 8 8 8 8 8 8 8 8 8 8 8 8 8 8 8 8 8 8 8 8 8 8 8 8 8 8 8 8 8 100 100 7 100 100 100 7 7 7 7 7 7 100 100 100 100 7 100 100 7 100 100 7 100 100 7 7 100 100 100 100 100 100 100 100 7 100 7 100 100 100 100 100 100 7 7 100 100 100 100 100 7 7 100 100 100 100 7 7 100 7 100 100 100 100 100 100 100 100 100 100 100 7 7 100 7 7 100 100 100 9 9 9 9 9 9 9 9 9 9 9 9 10 10 10 10 10 10 10 10 10 10 10 10 10 10 10 10 10 10 10 10 10 10 10 10 10 10 10 10 10 10 10 10 10 10 10 10 10 10 10 10 10 10 10 10 10 10 10 10 10 10 10 10 10 10 10 10 10 10 10 10 10 10 10 10 10 10 10 10 10 10 10 10 10 10 10 10 10 10 10 10 10 10 10 10 10 10 10 10 10 10 10 10 10 10 10 10 10 10 10 10 10 10 10 10 10 10 10 10 10 10 10 10 10 10 10 10 10 10 10 10 10 10 10 10 10 10 10 10 10 10 10 10 10 10 10 10 11 11 11 11 11 11 11 11 11 11 11 11 11 11 11 11 11 18 15 15 12 12 12 12 12 12 12 12 12 12 12 12 12 12 12 12 12 12 12 12 12 12 12 12 12 12 12 12 12 12 12 12 12 12 12 12 12 12 12 12 12 12 12 12 12 12 12 12 12 12 12 12 12 12 12 12 12 12 12 12 12 12 12 12 12 12 12 12 12 12 12 12 12 12 12 12 12 12 12 12 12 12 12 12 12 12 12 12 12 12 12 12 12 12 12 12 12 12 12 12 12 12 12 12 12 12 12 12 12 12 12 12 12 12 12 12 12 12 12 12 12 12 12 12 12 12 12 12 12 12 12 12 12 12 12 12 12 12 12 12 16 16 1 1 1 1 1 1 1 1 1 1 1 1 1 1 1 1 1 1 1 1 1 1 1 1 1 1 1 1 1 1 1 1 1 1 1 1 1 1 1 1 1 1 1 1 1 1 1 1 1 1 1 1 1 1 1 1 1 1 1 1 1 1 1 1 1 1 1 1 1 1 1 1 1 1 1 1 1 1 1 1 1 1 1 1 1 1 1 1 1 1 1 1 1 1 1 1 1 1 1 1 1 1 1 1 1 1 1 1 1 1 1 1 1 1 1 1 1 1 1 1 1 1 1 1 1 1 1 1 1 1 1 1 1 1 1 1 1 1 1 1 1 1 1 1 1 1 1 1 1 1 1 1 1 1 1 1 1 1 1 1 1 1 1 1 1 1 1 1 1 1 1 1 1 1 1 1 1 1 1 1 1 1 1 1 1 1 1 1 1 1 1 1 1 1 1 1 1 1 1 1 1 1 1 1 1 1 1 1 1 1 1 1 1 1 1 1 1 1 1 1 1 1 1 1 1 1 1 1 1 1 1 1 1 1 1 1 1 1 1 1 1 1 1 1 1 1 1 1 1 1 1 1 1 1 1 1 1 1 1 1 1 1 1 1 1 1 1 1 1 1 1 1 1 1 1 1 1 1 1 1 1 1 1 1 1 1 1 1 1 1 1 1 1 1 1 1 1 1 1 1 1 1 1 1 1 1 1 1 1 1 1 1 1 1 1 1 1 1 1 1 1 1 1 1 1 1 1 1 1 1 1 1 1 1 1 1 1 1 1 1 1 1 1 1 1 1 1 1 1 1 1 1 1 1 1 1 1 1 1 1 1 1 1 1 1 1 1 1 1 1 1 1 1 1 1 1 1 1 1 1 1 1 1 1 1 1 1 1 1 1 1 1 1 1 1 1 1 1 1 1 1 1 1 1 1 1 1 1 1 1 1 1 1 1 1 1 1 1 1 1 1 1 1 1 1 1 1 1 1 1 1 1 1 1 1 1 1 1 1 1 1 1 1 1 1 1 1 1 1 1 1 1 1 1 1 1 1 1 1 1 1 1 1 1 1 1 1 1 1 1 1 1 1 1 1 1 1 1 1 1 1 1 1 1 1 1 1 1 1 1 1 1 1 1 1 1 1 1 1 1 1 1 1 1 1 1 1 1 1 1 1 1 1 1 1 1 1 1 1 1 1 1
ciInstanceKlass org/jetbrains/kotlin/ir/backend/js/lower/JsCommonAnnotationImplementationTransformer 1 1 383 3 3 3 3 3 8 8 8 8 8 8 8 8 8 8 8 8 8 8 8 100 100 7 100 7 7 7 100 7 7 100 7 7 7 7 100 100 7 7 7 7 7 7 7 7 100 7 7 7 7 100 7 7 100 7 7 7 7 7 7 9 10 10 10 10 10 10 10 10 10 10 10 10 10 10 10 10 10 10 10 10 10 10 10 10 10 10 10 10 10 10 10 10 10 10 10 10 10 10 10 10 10 11 11 11 11 11 11 11 11 11 11 18 15 15 12 12 12 12 12 12 12 12 12 12 12 12 12 12 12 12 12 12 12 12 12 12 12 12 12 12 12 12 12 12 12 12 12 12 12 12 12 12 12 12 12 12 12 12 12 12 12 12 12 16 16 1 1 1 1 1 1 1 1 1 1 1 1 1 1 1 1 1 1 1 1 1 1 1 1 1 1 1 1 1 1 1 1 1 1 1 1 1 1 1 1 1 1 1 1 1 1 1 1 1 1 1 1 1 1 1 1 1 1 1 1 1 1 1 1 1 1 1 1 1 1 1 1 1 1 1 1 1 1 1 1 1 1 1 1 1 1 1 1 1 1 1 1 1 1 1 1 1 1 1 1 1 1 1 1 1 1 1 1 1 1 1 1 1 1 1 1 1 1 1 1 1 1 1 1 1 1 1 1 1 1 1 1 1 1 1 1 1 1 1 1 1 1 1 1 1 1 1 1 1 1 1 1 1 1 1 1 1 1 1 1 1 1 1 1 1 1 1 1 1 1 1 1 1 1 1 1 1 1 1 1 1 1 1 1 1 1 1 1 1 1 1 1 1 1 1 1 1 1 1 1 1 1 1 1 1 1 1 1 1 1 1 1 1 1 1 1
ciInstanceKlass org/jetbrains/kotlin/backend/common/lower/inline/IrInlineCallGraphBuilder 1 1 283 3 3 3 3 3 8 8 8 8 7 100 7 7 7 7 7 7 7 7 7 7 7 7 7 7 7 7 7 7 7 100 7 100 100 7 7 9 9 10 10 10 10 10 10 10 10 10 10 10 10 10 10 10 10 10 10 10 10 10 10 10 10 11 11 11 11 11 11 11 11 11 12 12 12 12 12 12 12 12 12 12 12 12 12 12 12 12 12 12 12 12 12 12 12 12 12 12 12 12 12 12 12 1 1 1 1 1 1 1 1 1 1 1 1 1 1 1 1 1 1 1 1 1 1 1 1 1 1 1 1 1 1 1 1 1 1 1 1 1 1 1 1 1 1 1 1 1 1 1 1 1 1 1 1 1 1 1 1 1 1 1 1 1 1 1 1 1 1 1 1 1 1 1 1 1 1 1 1 1 1 1 1 1 1 1 1 1 1 1 1 1 1 1 1 1 1 1 1 1 1 1 1 1 1 1 1 1 1 1 1 1 1 1 1 1 1 1 1 1 1 1 1 1 1 1 1 1 1 1 1 1 1 1 1 1 1 1 1 1 1 1 1 1 1 1 1 1 1 1 1 1 1 1 1 1 1 1 1 1 1 1 1 1 1 1 1 1 1 1 1 1 1 1 1 1 1 1 1 1 1 1 1
ciInstanceKlass  @bci org/jetbrains/kotlin/backend/common/lower/UpgradeCallableReferences$UpgradeTransformer visitDeclaration (Lorg/jetbrains/kotlin/ir/declarations/IrDeclarationBase;Lorg/jetbrains/kotlin/ir/declarations/IrDeclarationParent;)Lorg/jetbrains/kotlin/ir/IrStatement; 34 <appendix> member <vmtarget> ; 1 1 34 1 7 1 1 1 1 1 1 1 1 1 7 1 12 10 12 9 12 9 12 9 1 1 1 7 1 1 12 10 1 100 1 1
ciInstanceKlass  @bci org/jetbrains/kotlin/backend/common/BodyLoweringVisitor visitBody (Lorg/jetbrains/kotlin/ir/expressions/IrBody;Lorg/jetbrains/kotlin/ir/declarations/IrDeclaration;)V 41 <appendix> member <vmtarget> ; 1 1 34 1 7 1 1 1 1 1 1 1 1 1 7 1 12 10 12 9 12 9 12 9 1 1 1 7 1 1 12 10 1 100 1 1
ciInstanceKlass org/jetbrains/kotlin/ir/inline/InlineFunctionBodyPreprocessor$symbolRemapper$1 1 1 72 3 3 3 3 3 8 100 100 100 7 100 100 7 9 10 10 10 10 11 12 12 12 12 12 12 12 1 1 1 1 1 1 1 1 1 1 1 1 1 1 1 1 1 1 1 1 1 1 1 1 1 1 1 1 1 1 1 1 1 1 1 1 1 1 1 1 1 1 1 1 1
ciInstanceKlass org/jetbrains/kotlin/backend/common/DeclarationTransformer$Visitor 1 1 272 3 3 3 3 3 8 8 8 8 100 7 100 7 7 7 7 7 7 7 7 100 7 7 7 100 100 7 7 100 100 7 7 100 7 7 7 7 9 10 10 10 10 10 10 10 10 10 10 10 10 10 10 10 10 10 10 10 10 10 11 11 11 11 11 11 11 11 11 11 11 11 11 11 11 11 12 12 12 12 12 12 12 12 12 12 12 12 12 12 12 12 12 12 12 12 12 12 12 12 12 12 12 12 12 12 12 1 1 1 1 1 1 1 1 1 1 1 1 1 1 1 1 1 1 1 1 1 1 1 1 1 1 1 1 1 1 1 1 1 1 1 1 1 1 1 1 1 1 1 1 1 1 1 1 1 1 1 1 1 1 1 1 1 1 1 1 1 1 1 1 1 1 1 1 1 1 1 1 1 1 1 1 1 1 1 1 1 1 1 1 1 1 1 1 1 1 1 1 1 1 1 1 1 1 1 1 1 1 1 1 1 1 1 1 1 1 1 1 1 1 1 1 1 1 1 1 1 1 1 1 1 1 1 1 1 1 1 1 1 1 1 1 1 1 1 1 1 1 1 1 1 1 1 1 1 1 1 1 1 1 1 1 1 1 1 1 1 1 1 1 1
ciInstanceKlass  @bci org/jetbrains/kotlin/backend/common/DeclarationTransformer transformFlatRestricted (Lorg/jetbrains/kotlin/ir/declarations/IrDeclaration;)Ljava/util/List; 12 <appendix> member <vmtarget> ; 1 1 30 1 7 1 1 1 1 1 1 1 7 1 12 10 12 9 12 9 1 1 1 7 1 1 12 11 1 100 1 1
ciInstanceKlass org/jetbrains/kotlin/backend/common/ir/IrUtilsKt 1 1 732 3 3 3 3 8 8 8 8 8 8 8 8 8 8 8 8 8 100 100 100 100 7 100 100 100 7 7 100 100 100 100 7 100 100 100 100 100 100 100 100 100 100 100 100 100 100 100 100 100 100 100 100 100 100 100 100 100 100 100 100 7 100 100 100 7 100 100 100 100 100 100 100 100 100 100 100 100 100 100 100 100 100 100 100 100 100 100 100 100 100 100 100 100 100 100 100 100 100 100 100 100 9 9 9 9 9 9 9 9 9 10 10 10 10 10 10 10 10 10 10 10 10 10 10 10 10 10 10 10 10 10 10 10 10 10 10 10 10 10 10 10 10 10 10 10 10 10 10 10 10 10 10 10 10 10 10 10 10 10 10 10 10 10 10 10 10 10 10 10 10 10 10 10 10 10 10 10 10 10 10 10 10 10 10 10 10 10 10 10 10 10 10 10 10 10 10 10 10 10 10 10 10 10 10 10 10 11 11 11 11 11 11 11 11 11 11 11 11 12 12 12 12 12 12 12 12 12 12 12 12 12 12 12 12 12 12 12 12 12 12 12 12 12 12 12 12 12 12 12 12 12 12 12 12 12 12 12 12 12 12 12 12 12 12 12 12 12 12 12 12 12 12 12 12 12 12 12 12 12 12 12 12 12 12 12 12 12 12 12 12 12 12 12 12 12 12 12 12 12 12 12 12 12 12 12 12 12 12 12 12 12 12 12 12 12 12 12 12 12 12 1 1 1 1 1 1 1 1 1 1 1 1 1 1 1 1 1 1 1 1 1 1 1 1 1 1 1 1 1 1 1 1 1 1 1 1 1 1 1 1 1 1 1 1 1 1 1 1 1 1 1 1 1 1 1 1 1 1 1 1 1 1 1 1 1 1 1 1 1 1 1 1 1 1 1 1 1 1 1 1 1 1 1 1 1 1 1 1 1 1 1 1 1 1 1 1 1 1 1 1 1 1 1 1 1 1 1 1 1 1 1 1 1 1 1 1 1 1 1 1 1 1 1 1 1 1 1 1 1 1 1 1 1 1 1 1 1 1 1 1 1 1 1 1 1 1 1 1 1 1 1 1 1 1 1 1 1 1 1 1 1 1 1 1 1 1 1 1 1 1 1 1 1 1 1 1 1 1 1 1 1 1 1 1 1 1 1 1 1 1 1 1 1 1 1 1 1 1 1 1 1 1 1 1 1 1 1 1 1 1 1 1 1 1 1 1 1 1 1 1 1 1 1 1 1 1 1 1 1 1 1 1 1 1 1 1 1 1 1 1 1 1 1 1 1 1 1 1 1 1 1 1 1 1 1 1 1 1 1 1 1 1 1 1 1 1 1 1 1 1 1 1 1 1 1 1 1 1 1 1 1 1 1 1 1 1 1 1 1 1 1 1 1 1 1 1 1 1 1 1 1 1 1 1 1 1 1 1 1 1 1 1 1 1 1 1 1 1 1 1 1 1 1 1 1 1 1 1 1 1 1 1 1 1 1 1 1 1 1 1 1 1 1 1 1 1 1 1 1 1 1 1 1 1 1 1 1 1 1 1 1 1 1 1 1 1 1 1 1 1 1 1 1 1 1 1 1 1 1 1 1 1 1 1 1 1 1 1 1 1 1 1 1 1 1 1 1 1 1 1 1 1 1 1 1 1 1 1 1 1 1
ciInstanceKlass org/jetbrains/kotlin/backend/common/lower/AnnotationImplementationMemberGenerator 1 1 389 3 3 3 3 3 8 8 8 8 8 8 8 8 8 8 8 8 8 8 8 7 7 7 7 7 7 7 7 7 7 7 7 7 7 7 7 7 7 7 7 7 7 7 7 7 7 7 100 100 100 7 9 9 10 10 10 10 10 10 10 10 10 10 10 10 10 10 10 10 10 10 10 10 10 10 10 10 10 10 10 10 10 10 10 10 10 10 10 10 10 10 10 10 10 10 10 10 10 11 11 11 11 11 11 11 12 12 12 12 12 12 12 12 12 12 12 12 12 12 12 12 12 12 12 12 12 12 12 12 12 12 12 12 12 12 12 12 12 12 12 12 12 12 12 12 12 12 12 12 12 12 12 12 12 12 12 12 12 1 1 1 1 1 1 1 1 1 1 1 1 1 1 1 1 1 1 1 1 1 1 1 1 1 1 1 1 1 1 1 1 1 1 1 1 1 1 1 1 1 1 1 1 1 1 1 1 1 1 1 1 1 1 1 1 1 1 1 1 1 1 1 1 1 1 1 1 1 1 1 1 1 1 1 1 1 1 1 1 1 1 1 1 1 1 1 1 1 1 1 1 1 1 1 1 1 1 1 1 1 1 1 1 1 1 1 1 1 1 1 1 1 1 1 1 1 1 1 1 1 1 1 1 1 1 1 1 1 1 1 1 1 1 1 1 1 1 1 1 1 1 1 1 1 1 1 1 1 1 1 1 1 1 1 1 1 1 1 1 1 1 1 1 1 1 1 1 1 1 1 1 1 1 1 1 1 1 1 1 1 1 1 1 1 1 1 1 1 1 1 1 1 1 1 1 1 1 1 1 1 1 1 1 1 1 1 1 1 1 1 1 1 1 1 1 1 1 1 1 1 1 1 1 1 1 1 1 1 1
ciMethodData java/lang/Object <init> ()V 2 1544655 orig 80 1 0 0 0 0 0 0 0 0 0 0 0 0 0 0 0 0 0 0 0 0 0 0 0 0 0 0 0 0 0 0 0 0 0 0 0 0 0 0 0 0 0 0 0 0 0 0 0 0 0 0 0 0 0 0 0 0 0 0 0 0 0 0 0 0 0 0 0 0 0 0 0 0 0 0 0 0 0 0 0 data 4 0x0 0x9 0x1 0x0 oops 0 methods 0
ciMethodData java/util/Objects requireNonNull (Ljava/lang/Object;)Ljava/lang/Object; 2 89051 orig 80 0 0 0 0 0 0 0 0 0 0 0 0 0 0 0 0 0 0 0 0 0 0 0 0 0 0 0 0 0 0 0 0 0 0 0 0 0 0 0 0 0 0 0 0 0 0 0 0 0 0 0 0 0 0 0 0 0 0 0 0 0 0 0 0 0 0 0 0 0 0 0 0 0 0 0 0 0 0 0 0 data 15 0x10007 0x15bdb 0x30 0x0 0x80002 0x0 0x0 0x0 0x0 0x0 0x0 0x0 0x9 0x1 0x0 oops 0 methods 0
ciMethod java/util/Collections$SingletonList iterator ()Ljava/util/Iterator; 514 0 5551 0 176
ciMethodData java/util/ArrayList$Itr hasNext ()Z 2 68343 orig 80 0 0 0 0 0 0 0 0 0 0 0 0 0 0 0 0 0 0 0 0 0 0 0 0 0 0 0 0 0 0 0 0 0 0 0 0 0 0 0 0 0 0 0 0 0 0 0 0 0 0 0 0 0 0 0 0 0 0 0 0 0 0 0 0 0 0 0 0 0 0 0 0 0 0 0 0 0 0 0 0 data 14 0xb0007 0x4ac1 0x38 0xc036 0xf0003 0xc036 0x18 0x0 0x0 0x0 0x0 0x9 0x1 0x0 oops 0 methods 0
ciMethodData java/util/ArrayList$Itr checkForComodification ()V 2 5600 orig 80 0 0 0 0 0 0 0 0 0 0 0 0 0 0 0 0 0 0 0 0 0 0 0 0 0 0 0 0 0 0 0 0 0 0 0 0 0 0 0 0 0 0 0 0 0 0 0 0 0 0 0 0 0 0 0 0 0 0 0 0 0 0 0 0 0 0 0 0 0 0 0 0 0 0 0 0 0 0 0 0 data 13 0xb0007 0x15e0 0x30 0x0 0x120002 0x0 0x0 0x0 0x0 0x0 0x9 0x1 0x0 oops 0 methods 0
ciMethodData java/util/ArrayList$Itr next ()Ljava/lang/Object; 2 5527 orig 80 0 0 0 0 0 0 0 0 0 0 0 0 0 0 0 0 0 0 0 0 0 0 0 0 0 0 0 0 0 0 0 0 0 0 0 0 0 0 0 0 0 0 0 0 0 0 0 0 0 0 0 0 0 0 0 0 0 0 0 0 0 0 0 0 0 0 0 0 0 0 0 0 0 0 0 0 0 0 0 0 data 27 0x10005 0x5b 0x285015db128 0x153c 0x0 0x0 0x110007 0x1597 0x30 0x0 0x180002 0x0 0x270007 0x1597 0x30 0x0 0x2e0002 0x0 0x0 0x0 0x0 0x0 0x0 0x0 0x9 0x1 0x6 oops 1 2 java/util/ArrayList$Itr methods 0
ciMethodData java/util/ArrayList iterator ()Ljava/util/Iterator; 2 28577 orig 80 0 0 0 0 0 0 0 0 0 0 0 0 0 0 0 0 0 0 0 0 0 0 0 0 0 0 0 0 0 0 0 0 0 0 0 0 0 0 0 0 0 0 0 0 0 0 0 0 0 0 0 0 0 0 0 0 0 0 0 0 0 0 0 0 0 0 0 0 0 0 0 0 0 0 0 0 0 0 0 0 data 8 0x50002 0x6fa1 0x0 0x0 0x0 0x9 0x1 0x0 oops 0 methods 0
ciMethodData java/util/ArrayList$Itr <init> (Ljava/util/ArrayList;)V 2 28636 orig 80 0 0 0 0 0 0 0 0 0 0 0 0 0 0 0 0 0 0 0 0 0 0 0 0 0 0 0 0 0 0 0 0 0 0 0 0 0 0 0 0 0 0 0 0 0 0 0 0 0 0 0 0 0 0 0 0 0 0 0 0 0 0 0 0 0 0 0 0 0 0 0 0 0 0 0 0 0 0 0 0 data 14 0x30002 0x6fdc 0xb0002 0x6fdc 0x0 0x0 0x0 0x0 0x0 0x0 0x9 0x2 0xc 0x0 oops 0 methods 0
ciMethodData java/lang/invoke/DirectMethodHandle allocateInstance (Ljava/lang/Object;)Ljava/lang/Object; 2 83203 orig 80 0 0 0 0 0 0 0 0 0 0 0 0 0 0 0 0 0 0 0 0 0 0 0 0 0 0 0 0 0 0 0 0 0 0 0 0 0 0 0 0 0 0 0 0 0 0 0 0 0 0 0 0 0 0 0 0 0 0 0 0 0 0 0 0 0 0 0 0 0 0 0 0 0 0 0 0 0 0 0 0 data 21 0x10004 0x0 0x285046df210 0x2aeb 0x0 0x0 0xc0005 0x0 0x2857aeeeee8 0x14503 0x0 0x0 0x0 0x0 0x0 0x0 0x0 0x0 0x9 0x1 0x0 oops 2 2 java/lang/invoke/DirectMethodHandle$Constructor 8 jdk/internal/misc/Unsafe methods 0
ciMethodData java/lang/invoke/DirectMethodHandle constructorMethod (Ljava/lang/Object;)Ljava/lang/Object; 2 84329 orig 80 0 0 0 0 0 0 0 0 0 0 0 0 0 0 0 0 0 0 0 0 0 0 0 0 0 0 0 0 0 0 0 0 0 0 0 0 0 0 0 0 0 0 0 0 0 0 0 0 0 0 0 0 0 0 0 0 0 0 0 0 0 0 0 0 0 0 0 0 0 0 0 0 0 0 0 0 0 0 0 0 data 15 0x10004 0x0 0x285046df210 0x2f37 0x0 0x0 0x0 0x0 0x0 0x0 0x0 0x0 0x9 0x1 0x0 oops 1 2 java/lang/invoke/DirectMethodHandle$Constructor methods 0
ciMethodData java/util/Collections singletonIterator (Ljava/lang/Object;)Ljava/util/Iterator; 2 6468 orig 80 0 0 0 0 0 0 0 0 0 0 0 0 0 0 0 0 0 0 0 0 0 0 0 0 0 0 0 0 0 0 0 0 0 0 0 0 0 0 0 0 0 0 0 0 0 0 0 0 0 0 0 0 0 0 0 0 0 0 0 0 0 0 0 0 0 0 0 0 0 0 0 0 0 0 0 0 0 0 0 0 data 8 0x50002 0x1944 0x0 0x0 0x0 0x9 0x1 0x0 oops 0 methods 0
ciMethodData java/util/Collections$1 <init> (Ljava/lang/Object;)V 2 6468 orig 80 0 0 0 0 0 0 0 0 0 0 0 0 0 0 0 0 0 0 0 0 0 0 0 0 0 0 0 0 0 0 0 0 0 0 0 0 0 0 0 0 0 0 0 0 0 0 0 0 0 0 0 0 0 0 0 0 0 0 0 0 0 0 0 0 0 0 0 0 0 0 0 0 0 0 0 0 0 0 0 0 data 10 0x60002 0x1944 0x0 0x0 0x0 0x0 0x9 0x2 0x6 0x0 oops 0 methods 0
ciMethodData java/util/Collections$1 next ()Ljava/lang/Object; 2 5283 orig 80 0 0 0 0 0 0 0 0 0 0 0 0 0 0 0 0 0 0 0 0 0 0 0 0 0 0 0 0 0 0 0 0 0 0 0 0 0 0 0 0 0 0 0 0 0 0 0 0 0 0 0 0 0 0 0 0 0 0 0 0 0 0 0 0 0 0 0 0 0 0 0 0 0 0 0 0 0 0 0 0 data 13 0x40007 0x0 0x20 0x14a3 0x150002 0x0 0x0 0x0 0x0 0x0 0x9 0x1 0x6 oops 0 methods 0
ciMethodData java/util/Collections$SingletonList iterator ()Ljava/util/Iterator; 2 5294 orig 80 0 0 0 0 0 0 0 0 0 0 0 0 0 0 0 0 0 0 0 0 0 0 0 0 0 0 0 0 0 0 0 0 0 0 0 0 0 0 0 0 0 0 0 0 0 0 0 0 0 0 0 0 0 0 0 0 0 0 0 0 0 0 0 0 0 0 0 0 0 0 0 0 0 0 0 0 0 0 0 0 data 11 0x40002 0x14ae 0x0 0x0 0x0 0x0 0x0 0x0 0x9 0x1 0x0 oops 0 methods 0
ciMethodData java/lang/invoke/Invokers$Holder linkToTargetMethod (Ljava/lang/Object;Ljava/lang/Object;Ljava/lang/Object;)Ljava/lang/Object; 2 36333 orig 80 0 0 0 0 0 0 0 0 0 0 0 0 0 0 0 0 0 0 0 0 0 0 0 0 0 0 0 0 0 0 0 0 0 0 0 0 0 0 0 0 0 0 0 0 0 0 0 0 0 0 0 0 0 0 0 0 0 0 0 0 0 0 0 0 0 0 0 0 0 0 0 0 0 0 0 0 0 0 0 0 data 35 0x10004 0x0 0x285046df210 0xb09 0x0 0x0 0x6000b 0x82e7 0x285046df210 0xb05 0x0 0x0 0x5 0x1 0x2 0x2 0x3 0x2 0x0 0x0 0x0 0x0 0x0 0x0 0x9 0x3 0x0 0x0 0x0 0xc 0x4 0x0 0x2 0x1 0x3 oops 2 2 java/lang/invoke/DirectMethodHandle$Constructor 8 java/lang/invoke/DirectMethodHandle$Constructor methods 0
ciMethodData java/lang/invoke/DirectMethodHandle$Holder newInvokeSpecial (Ljava/lang/Object;Ljava/lang/Object;Ljava/lang/Object;)Ljava/lang/Object; 2 36946 orig 80 0 0 0 0 0 0 0 0 0 0 0 0 0 0 0 0 0 0 0 0 0 0 0 0 0 0 0 0 0 0 0 0 0 0 0 0 0 0 0 0 0 0 0 0 0 0 0 0 0 0 0 0 0 0 0 0 0 0 0 0 0 0 0 0 0 0 0 0 0 0 0 0 0 0 0 0 0 0 0 0 data 42 0x1000a 0x9050 0x3 0x0 0x285046df210 0x2 0x6000a 0x9050 0x3 0x0 0x285046df210 0x2857aeee428 0x100004 0x0 0x2857aeee428 0x8 0x0 0x0 0x13000a 0x9050 0x4 0x0 0x2 0x1 0x2 0x0 0x0 0x0 0x0 0x0 0x0 0x9 0x3 0x0 0x0 0x0 0xc 0x4 0x0 0x285046df210 0x1 0x2 oops 5 4 java/lang/invoke/DirectMethodHandle$Constructor 10 java/lang/invoke/DirectMethodHandle$Constructor 11 java/lang/invoke/MemberName 14 java/lang/invoke/MemberName 39 java/lang/invoke/DirectMethodHandle$Constructor methods 0
ciMethod kotlin/jvm/internal/Intrinsics checkNotNullParameter (Ljava/lang/Object;Ljava/lang/String;)V 514 0 6210424 0 96
ciMethod kotlin/jvm/internal/Intrinsics throwParameterIsNullNPE (Ljava/lang/String;)V 0 0 1 0 -1
ciMethod kotlin/jvm/internal/Intrinsics checkNotNull (Ljava/lang/Object;)V 512 0 205939 0 -1
ciMethod kotlin/jvm/internal/Intrinsics checkNotNull (Ljava/lang/Object;Ljava/lang/String;)V 512 0 241781 0 96
ciMethod kotlin/jvm/internal/Intrinsics throwJavaNpe (Ljava/lang/String;)V 0 0 1 0 -1
ciMethod kotlin/jvm/internal/Intrinsics checkNotNullExpressionValue (Ljava/lang/Object;Ljava/lang/String;)V 518 0 6559 0 -1
ciMethod kotlin/jvm/functions/Function0 invoke ()Ljava/lang/Object; 0 0 1 0 -1
ciMethod kotlin/collections/CollectionsKt__CollectionsKt emptyList ()Ljava/util/List; 514 0 68862 0 88
ciMethod kotlin/collections/CollectionsKt__CollectionsJVMKt listOf (Ljava/lang/Object;)Ljava/util/List; 496 0 12296 0 176
ciMethod kotlin/collections/EmptyList isEmpty ()Z 258 0 129 0 0
ciMethod org/jetbrains/kotlin/name/FqName asString ()Ljava/lang/String; 512 0 11939 0 -1
ciMethodData kotlin/jvm/internal/Intrinsics checkNotNullParameter (Ljava/lang/Object;Ljava/lang/String;)V 2 6210197 orig 80 0 0 0 0 0 0 0 0 0 0 0 0 0 0 0 0 0 0 0 0 0 0 0 0 0 0 0 0 0 0 0 0 0 0 0 0 0 0 0 0 0 0 0 0 0 0 0 0 0 0 0 0 0 0 0 0 0 0 0 0 0 0 0 0 0 0 0 0 0 0 0 0 0 0 0 0 0 0 0 0 data 16 0x10007 0x5ec295 0x30 0x0 0x50002 0x0 0x0 0x0 0x0 0x0 0x0 0x0 0x9 0x2 0x0 0x0 oops 0 methods 0
ciMethodData kotlin/collections/CollectionsKt__CollectionsKt emptyList ()Ljava/util/List; 2 68611 orig 80 0 0 0 0 0 0 0 0 0 0 0 0 0 0 0 0 0 0 0 0 0 0 0 0 0 0 0 0 0 0 0 0 0 0 0 0 0 0 0 0 0 0 0 0 0 0 0 0 0 0 0 0 0 0 0 0 0 0 0 0 0 0 0 0 0 0 0 0 0 0 0 0 0 0 0 0 0 0 0 0 data 14 0x30004 0x0 0x285015e0e60 0x2 0x0 0x0 0x0 0x0 0x0 0x0 0x0 0x0 0x9 0x0 oops 1 2 kotlin/collections/EmptyList methods 0
ciMethod kotlin/sequences/Sequence iterator ()Ljava/util/Iterator; 0 0 1 0 -1
ciMethodData kotlin/jvm/internal/Intrinsics checkNotNull (Ljava/lang/Object;Ljava/lang/String;)V 2 241549 orig 80 0 0 0 0 0 0 0 0 0 0 0 0 0 0 0 0 0 0 0 0 0 0 0 0 0 0 0 0 0 0 0 0 0 0 0 0 0 0 0 0 0 0 0 0 0 0 0 0 0 0 0 0 0 0 0 0 0 0 0 0 0 0 0 0 0 0 0 0 0 0 0 0 0 0 0 0 0 0 0 0 data 16 0x10007 0x3af8d 0x30 0x0 0x50002 0x0 0x0 0x0 0x0 0x0 0x0 0x0 0x9 0x2 0x0 0x0 oops 0 methods 0
ciMethod org/jetbrains/kotlin/ir/declarations/IrFactory getStageController ()Lorg/jetbrains/kotlin/ir/declarations/StageController; 260 0 130 0 0
ciMethod org/jetbrains/kotlin/ir/backend/js/WholeWorldStageController getCurrentDeclaration ()Lorg/jetbrains/kotlin/ir/declarations/IrDeclaration; 260 0 130 0 0
ciMethod org/jetbrains/kotlin/ir/backend/js/WholeWorldStageController setCurrentDeclaration (Lorg/jetbrains/kotlin/ir/declarations/IrDeclaration;)V 280 0 140 0 0
ciMethod org/jetbrains/kotlin/ir/backend/js/WholeWorldStageController restrictTo (Lorg/jetbrains/kotlin/ir/declarations/IrDeclaration;Lkotlin/jvm/functions/Function0;)Ljava/lang/Object; 618 0 12715 0 235
ciMethod org/jetbrains/kotlin/ir/declarations/StageController restrictTo (Lorg/jetbrains/kotlin/ir/declarations/IrDeclaration;Lkotlin/jvm/functions/Function0;)Ljava/lang/Object; 0 0 1 0 -1
ciMethod org/jetbrains/kotlin/ir/IrElement accept (Lorg/jetbrains/kotlin/ir/visitors/IrVisitor;Ljava/lang/Object;)Ljava/lang/Object; 0 0 1 0 -1
ciMethod org/jetbrains/kotlin/ir/IrElement acceptChildren (Lorg/jetbrains/kotlin/ir/visitors/IrVisitor;Ljava/lang/Object;)V 0 0 1 0 -1
ciMethod org/jetbrains/kotlin/ir/visitors/IrVisitorVoid visitElement (Lorg/jetbrains/kotlin/ir/IrElement;)V 0 0 1 0 -1
ciMethod org/jetbrains/kotlin/ir/visitors/IrVisitorVoid visitDeclaration (Lorg/jetbrains/kotlin/ir/declarations/IrDeclarationBase;)V 538 0 15957 0 0
ciMethod org/jetbrains/kotlin/ir/visitors/IrVisitorVoid visitValueParameter (Lorg/jetbrains/kotlin/ir/declarations/IrValueParameter;Ljava/lang/Void;)V 528 0 8030 0 0
ciMethod org/jetbrains/kotlin/ir/visitors/IrVisitorVoid visitValueParameter (Lorg/jetbrains/kotlin/ir/declarations/IrValueParameter;)V 528 0 8030 0 168
ciMethod org/jetbrains/kotlin/ir/visitors/IrVisitorVoid visitTypeParameter (Lorg/jetbrains/kotlin/ir/declarations/IrTypeParameter;Ljava/lang/Void;)V 314 0 506 0 0
ciMethod org/jetbrains/kotlin/ir/visitors/IrVisitorVoid visitTypeParameter (Lorg/jetbrains/kotlin/ir/declarations/IrTypeParameter;)V 248 0 473 0 -1
ciMethod org/jetbrains/kotlin/ir/visitors/IrVisitorVoid visitFunction (Lorg/jetbrains/kotlin/ir/declarations/IrFunction;)V 600 0 83 0 -1
ciMethod org/jetbrains/kotlin/ir/visitors/IrVisitorVoid visitSimpleFunction (Lorg/jetbrains/kotlin/ir/declarations/IrSimpleFunction;)V 512 0 8664 0 -1
ciMethod org/jetbrains/kotlin/ir/visitors/IrVisitorVoid visitBody (Lorg/jetbrains/kotlin/ir/expressions/IrBody;)V 516 0 7553 0 0
ciMethod org/jetbrains/kotlin/ir/visitors/IrVisitorVoid visitExpressionBody (Lorg/jetbrains/kotlin/ir/expressions/IrExpressionBody;Ljava/lang/Void;)V 512 0 1746 0 0
ciMethod org/jetbrains/kotlin/ir/visitors/IrVisitorVoid visitExpressionBody (Lorg/jetbrains/kotlin/ir/expressions/IrExpressionBody;)V 522 0 1757 0 0
ciMethod org/jetbrains/kotlin/ir/visitors/IrVisitorVoid visitBlockBody (Lorg/jetbrains/kotlin/ir/expressions/IrBlockBody;Ljava/lang/Void;)V 564 0 5740 0 0
ciMethod org/jetbrains/kotlin/ir/visitors/IrVisitorVoid visitBlockBody (Lorg/jetbrains/kotlin/ir/expressions/IrBlockBody;)V 568 0 5740 0 0
ciMethod org/jetbrains/kotlin/ir/visitors/IrVisitorVoid visitSyntheticBody (Lorg/jetbrains/kotlin/ir/expressions/IrSyntheticBody;Ljava/lang/Void;)V 324 0 48 0 -1
ciMethod org/jetbrains/kotlin/ir/visitors/IrVisitorVoid visitSyntheticBody (Lorg/jetbrains/kotlin/ir/expressions/IrSyntheticBody;)V 324 0 54 0 -1
ciMethod org/jetbrains/kotlin/ir/visitors/IrVisitorVoid visitValueParameter (Lorg/jetbrains/kotlin/ir/declarations/IrValueParameter;Ljava/lang/Object;)Ljava/lang/Object; 528 0 8030 0 208
ciMethod org/jetbrains/kotlin/ir/visitors/IrVisitorVoid visitTypeParameter (Lorg/jetbrains/kotlin/ir/declarations/IrTypeParameter;Ljava/lang/Object;)Ljava/lang/Object; 314 0 506 0 0
ciMethod org/jetbrains/kotlin/ir/visitors/IrVisitorVoid visitExpressionBody (Lorg/jetbrains/kotlin/ir/expressions/IrExpressionBody;Ljava/lang/Object;)Ljava/lang/Object; 512 0 1542 0 0
ciMethod org/jetbrains/kotlin/ir/visitors/IrVisitorVoid visitBlockBody (Lorg/jetbrains/kotlin/ir/expressions/IrBlockBody;Ljava/lang/Object;)Ljava/lang/Object; 564 0 5740 0 0
ciMethod org/jetbrains/kotlin/ir/visitors/IrVisitorVoid visitSyntheticBody (Lorg/jetbrains/kotlin/ir/expressions/IrSyntheticBody;Ljava/lang/Object;)Ljava/lang/Object; 324 0 48 0 0
ciMethod org/jetbrains/kotlin/ir/visitors/IrVisitor visitValueParameter (Lorg/jetbrains/kotlin/ir/declarations/IrValueParameter;Ljava/lang/Object;)Ljava/lang/Object; 512 0 14213 0 -1
ciMethod org/jetbrains/kotlin/ir/visitors/IrVisitor visitTypeParameter (Lorg/jetbrains/kotlin/ir/declarations/IrTypeParameter;Ljava/lang/Object;)Ljava/lang/Object; 532 0 2280 0 -1
ciMethod org/jetbrains/kotlin/ir/visitors/IrVisitor visitExpressionBody (Lorg/jetbrains/kotlin/ir/expressions/IrExpressionBody;Ljava/lang/Object;)Ljava/lang/Object; 512 0 5608 0 -1
ciMethod org/jetbrains/kotlin/ir/visitors/IrVisitor visitBlockBody (Lorg/jetbrains/kotlin/ir/expressions/IrBlockBody;Ljava/lang/Object;)Ljava/lang/Object; 520 0 6442 0 -1
ciMethod org/jetbrains/kotlin/ir/visitors/IrVisitor visitSyntheticBody (Lorg/jetbrains/kotlin/ir/expressions/IrSyntheticBody;Ljava/lang/Object;)Ljava/lang/Object; 516 0 297 0 -1
ciMethod org/jetbrains/kotlin/ir/declarations/IrDeclaration getFactory ()Lorg/jetbrains/kotlin/ir/declarations/IrFactory; 0 0 1 0 -1
ciMethod org/jetbrains/kotlin/ir/declarations/IrClass getKind ()Lorg/jetbrains/kotlin/descriptors/ClassKind; 0 0 1 0 -1
ciMethodData kotlin/collections/CollectionsKt__CollectionsJVMKt listOf (Ljava/lang/Object;)Ljava/util/List; 2 12048 orig 80 0 0 0 0 0 0 0 0 0 0 0 0 0 0 0 0 0 0 0 0 0 0 0 0 0 0 0 0 0 0 0 0 0 0 0 0 0 0 0 0 0 0 0 0 0 0 0 0 0 0 0 0 0 0 0 0 0 0 0 0 0 0 0 0 0 0 0 0 0 0 0 0 0 0 0 0 0 0 0 0 data 13 0x10002 0x2f10 0x70002 0x2f10 0x0 0x0 0x0 0x0 0x0 0x0 0x9 0x1 0x0 oops 0 methods 0
ciMethod org/jetbrains/kotlin/ir/declarations/IrFunction isInline ()Z 0 0 1 0 -1
ciMethod org/jetbrains/kotlin/ir/declarations/IrFunction getParameters ()Ljava/util/List; 270 0 135 0 0
ciMethod org/jetbrains/kotlin/ir/declarations/IrFunction getDispatchReceiverParameter ()Lorg/jetbrains/kotlin/ir/declarations/IrValueParameter; 512 146 6299 0 -1
ciMethod org/jetbrains/kotlin/ir/declarations/IrFunction getBody ()Lorg/jetbrains/kotlin/ir/expressions/IrBody; 0 0 1 0 -1
ciMethod org/jetbrains/kotlin/ir/declarations/IrFunction acceptChildren (Lorg/jetbrains/kotlin/ir/visitors/IrVisitor;Ljava/lang/Object;)V 530 1058 10979 0 1616
ciMethod org/jetbrains/kotlin/ir/declarations/IrFunction transformChildren (Lorg/jetbrains/kotlin/ir/visitors/IrTransformer;Ljava/lang/Object;)V 574 0 8172 0 -1
ciMethod org/jetbrains/kotlin/ir/declarations/IrFunction getTypeParameters ()Ljava/util/List; 0 0 1 0 -1
ciMethod org/jetbrains/kotlin/ir/declarations/IrSimpleFunction setFakeOverride (Z)V 0 0 1 0 -1
ciMethod org/jetbrains/kotlin/ir/declarations/IrSimpleFunction getTypeParameters ()Ljava/util/List; 0 0 1 0 -1
ciMethod org/jetbrains/kotlin/ir/declarations/impl/IrValueParameterImpl getFactory ()Lorg/jetbrains/kotlin/ir/declarations/IrFactory; 296 0 148 0 0
ciMethod org/jetbrains/kotlin/ir/declarations/impl/IrValueParameterImpl getDefaultValue ()Lorg/jetbrains/kotlin/ir/expressions/IrExpressionBody; 278 0 139 0 0
ciMethod org/jetbrains/kotlin/ir/declarations/IrValueParameter getDefaultValue ()Lorg/jetbrains/kotlin/ir/expressions/IrExpressionBody; 0 0 1 0 -1
ciMethod org/jetbrains/kotlin/ir/declarations/IrValueParameter accept (Lorg/jetbrains/kotlin/ir/visitors/IrVisitor;Ljava/lang/Object;)Ljava/lang/Object; 548 0 26478 0 144
ciMethod org/jetbrains/kotlin/ir/declarations/IrValueParameter acceptChildren (Lorg/jetbrains/kotlin/ir/visitors/IrVisitor;Ljava/lang/Object;)V 520 0 6929 0 184
ciMethod org/jetbrains/kotlin/ir/declarations/IrValueParameter transform (Lorg/jetbrains/kotlin/ir/visitors/IrTransformer;Ljava/lang/Object;)Lorg/jetbrains/kotlin/ir/IrElement; 568 0 7444 0 -1
ciMethod org/jetbrains/kotlin/ir/declarations/IrValueParameter setType (Lorg/jetbrains/kotlin/ir/types/IrType;)V 0 0 1 0 -1
ciMethod org/jetbrains/kotlin/ir/visitors/IrVisitorsKt acceptChildrenVoid (Lorg/jetbrains/kotlin/ir/IrElement;Lorg/jetbrains/kotlin/ir/visitors/IrVisitorVoid;)V 520 0 21394 0 0
ciMethod org/jetbrains/kotlin/ir/declarations/IrProperty getGetter ()Lorg/jetbrains/kotlin/ir/declarations/IrSimpleFunction; 0 0 1 0 -1
ciMethod org/jetbrains/kotlin/ir/declarations/impl/IrTypeParameterImpl isReified ()Z 170 0 71 0 0
ciMethod org/jetbrains/kotlin/ir/declarations/IrTypeParameter isReified ()Z 0 0 1 0 -1
ciMethod org/jetbrains/kotlin/ir/declarations/IrTypeParameter accept (Lorg/jetbrains/kotlin/ir/visitors/IrVisitor;Ljava/lang/Object;)Ljava/lang/Object; 204 0 3387 0 0
ciMethod org/jetbrains/kotlin/ir/util/IrUtilsKt getDefaultType (Lorg/jetbrains/kotlin/ir/declarations/IrClass;)Lorg/jetbrains/kotlin/ir/types/IrSimpleType; 518 0 9485 0 -1
ciMethod org/jetbrains/kotlin/ir/util/IrUtilsKt isAnnotationClass (Lorg/jetbrains/kotlin/ir/declarations/IrClass;)Z 0 0 392 0 0
ciMethod org/jetbrains/kotlin/ir/util/IrUtilsKt getFqNameWhenAvailable (Lorg/jetbrains/kotlin/ir/declarations/IrDeclarationWithName;)Lorg/jetbrains/kotlin/name/FqName; 0 0 4828 0 -1
ciMethod org/jetbrains/kotlin/ir/util/IrUtilsKt getFunctions (Lorg/jetbrains/kotlin/ir/declarations/IrClass;)Lkotlin/sequences/Sequence; 2 0 78 0 -1
ciMethod org/jetbrains/kotlin/ir/util/IrUtilsKt isToString (Lorg/jetbrains/kotlin/ir/declarations/IrFunction;)Z 0 0 74 0 -1
ciMethod org/jetbrains/kotlin/ir/util/IrUtilsKt isHashCode (Lorg/jetbrains/kotlin/ir/declarations/IrFunction;)Z 512 0 368 0 -1
ciMethod org/jetbrains/kotlin/ir/util/IrUtilsKt isEquals (Lorg/jetbrains/kotlin/ir/declarations/IrFunction;)Z 268 0 111 0 -1
ciMethod org/jetbrains/kotlin/ir/declarations/impl/IrClassImpl getKind ()Lorg/jetbrains/kotlin/descriptors/ClassKind; 258 0 129 0 -1
ciMethod org/jetbrains/kotlin/ir/declarations/impl/IrPropertyImpl getGetter ()Lorg/jetbrains/kotlin/ir/declarations/IrSimpleFunction; 260 0 130 0 0
ciMethod org/jetbrains/kotlin/ir/declarations/impl/IrFunctionImpl getTypeParameters ()Ljava/util/List; 278 0 139 0 0
ciMethod org/jetbrains/kotlin/ir/declarations/impl/IrFunctionImpl getBody ()Lorg/jetbrains/kotlin/ir/expressions/IrBody; 260 0 130 0 0
ciMethod org/jetbrains/kotlin/ir/expressions/IrStatementContainer getStatements ()Ljava/util/List; 0 0 1 0 -1
ciMethod org/jetbrains/kotlin/ir/expressions/IrBlockBody accept (Lorg/jetbrains/kotlin/ir/visitors/IrVisitor;Ljava/lang/Object;)Ljava/lang/Object; 514 0 6436 0 144
ciMethod org/jetbrains/kotlin/ir/expressions/IrBlockBody acceptChildren (Lorg/jetbrains/kotlin/ir/visitors/IrVisitor;Ljava/lang/Object;)V 516 900 6130 0 720
ciMethod org/jetbrains/kotlin/ir/expressions/impl/IrBlockBodyImpl getStatements ()Ljava/util/List; 256 0 128 0 0
ciMethod org/jetbrains/kotlin/ir/expressions/IrExpressionBody accept (Lorg/jetbrains/kotlin/ir/visitors/IrVisitor;Ljava/lang/Object;)Ljava/lang/Object; 168 0 14913 0 144
ciMethod org/jetbrains/kotlin/ir/expressions/IrSyntheticBody accept (Lorg/jetbrains/kotlin/ir/visitors/IrVisitor;Ljava/lang/Object;)Ljava/lang/Object; 378 0 189 0 0
ciMethod org/jetbrains/kotlin/ir/declarations/impl/IrPropertyWithLateBindingImpl getGetter ()Lorg/jetbrains/kotlin/ir/declarations/IrSimpleFunction; 286 0 143 0 0
ciMethodData org/jetbrains/kotlin/ir/util/IrUtilsKt isAnnotationClass (Lorg/jetbrains/kotlin/ir/declarations/IrClass;)Z 1 418 orig 80 0 0 0 0 0 0 0 0 0 0 0 0 0 0 0 0 0 0 0 0 0 0 0 0 0 0 0 0 0 0 0 0 0 0 0 0 0 0 0 0 0 0 0 0 0 0 0 0 0 0 0 0 0 0 0 0 0 0 0 0 0 0 0 0 0 0 0 0 0 0 0 0 0 0 0 0 0 0 0 0 data 24 0x30002 0x1a2 0x70005 0x0 0x28501dc8120 0x1a2 0x0 0x0 0xd0007 0x124 0x38 0x7e 0x110003 0x7e 0x18 0x0 0x0 0x0 0x0 0x0 0x0 0x9 0x1 0x0 oops 1 4 org/jetbrains/kotlin/ir/declarations/impl/IrClassImpl methods 0
ciMethodData org/jetbrains/kotlin/ir/declarations/IrValueParameter accept (Lorg/jetbrains/kotlin/ir/visitors/IrVisitor;Ljava/lang/Object;)Ljava/lang/Object; 2 26216 orig 80 0 0 0 0 0 0 0 0 0 0 0 0 0 0 0 0 0 0 0 0 0 0 0 0 0 0 0 0 0 0 0 0 0 0 0 0 4 0 0 0 0 0 0 0 0 0 0 0 0 0 0 0 0 0 0 0 0 0 0 0 0 0 0 0 0 0 0 0 0 0 0 0 0 0 0 0 0 0 0 0 data 19 0x30002 0x6668 0x90005 0x2e30 0x28503ea1f58 0x1c7f 0x28503ea2000 0x1bbd 0x800000040009000d 0x2857f3d6438 0x0 0x0 0x0 0x0 0x9 0x3 0x0 0x0 0x0 oops 2 4 org/jetbrains/kotlin/ir/util/PatchDeclarationParentsVisitor 6 org/jetbrains/kotlin/backend/common/lower/inline/IrInlineCallGraphBuilder methods 1 9 org/jetbrains/kotlin/ir/declarations/IrValueParameter transform (Lorg/jetbrains/kotlin/ir/visitors/IrTransformer;Ljava/lang/Object;)Lorg/jetbrains/kotlin/ir/IrElement;
ciMethodData org/jetbrains/kotlin/ir/declarations/IrValueParameter acceptChildren (Lorg/jetbrains/kotlin/ir/visitors/IrVisitor;Ljava/lang/Object;)V 2 6669 orig 80 0 0 0 0 0 0 0 0 0 0 0 0 0 0 0 0 0 0 0 0 0 0 0 0 0 0 0 0 0 0 0 0 0 0 0 0 0 0 0 0 0 0 0 0 0 0 0 0 0 0 0 0 0 0 0 0 0 0 0 0 0 0 0 0 0 0 0 0 0 0 0 0 0 0 0 0 0 0 0 0 data 32 0x30002 0x1a0d 0x70005 0x0 0x285015db1d0 0x1a0d 0x0 0x0 0xb0007 0x198c 0x68 0x81 0x100005 0x0 0x2857f3dbdf8 0x81 0x0 0x0 0x140003 0x81 0x18 0x0 0x0 0x0 0x0 0x0 0x0 0x9 0x3 0x0 0x0 0x0 oops 2 4 org/jetbrains/kotlin/ir/declarations/impl/IrValueParameterImpl 14 org/jetbrains/kotlin/ir/expressions/impl/IrExpressionBodyImpl methods 0
ciMethodData org/jetbrains/kotlin/ir/expressions/IrExpressionBody accept (Lorg/jetbrains/kotlin/ir/visitors/IrVisitor;Ljava/lang/Object;)Ljava/lang/Object; 2 14829 orig 80 0 0 0 0 0 0 0 0 0 0 0 0 0 0 0 0 0 0 0 0 0 0 0 0 0 0 0 0 0 0 0 0 0 0 0 0 0 0 0 0 0 0 0 0 0 0 0 0 0 0 0 0 0 0 0 0 0 0 0 0 0 0 0 0 0 0 0 0 0 0 0 0 0 0 0 0 0 0 0 0 data 19 0x30002 0x39ed 0x90005 0x325b 0x28503ea1f58 0x368 0x28503ea2000 0x306 0x0 0x0 0x0 0x0 0x0 0x0 0x9 0x3 0xffffffffffffffff 0xffffffffffffffff 0xffffffffffffffff oops 2 4 org/jetbrains/kotlin/ir/util/PatchDeclarationParentsVisitor 6 org/jetbrains/kotlin/backend/common/lower/inline/IrInlineCallGraphBuilder methods 0
ciMethodData org/jetbrains/kotlin/ir/declarations/IrFunction acceptChildren (Lorg/jetbrains/kotlin/ir/visitors/IrVisitor;Ljava/lang/Object;)V 2 10714 orig 80 1 0 0 0 0 0 0 0 0 0 0 0 0 0 0 0 0 0 0 0 0 0 0 0 0 0 0 0 0 0 0 0 0 0 1 0 0 0 0 0 0 0 0 0 0 0 0 0 0 0 0 0 0 0 0 0 0 0 0 0 0 0 0 0 0 0 0 0 0 0 0 0 0 0 0 0 0 0 0 0 data 124 0x30002 0x29da 0x70005 0x104a 0x28502b35150 0x16a1 0x285015dafd8 0x2ef 0xa0004 0xda 0x285015e0e60 0x18b3 0x2857aeef698 0x104d 0x120005 0xda 0x285015e0e60 0x18b3 0x2857aeef698 0x104d 0x1b0005 0x1b4 0x285015e0f08 0x18b3 0x285015db128 0x108c 0x200007 0x29da 0xc8 0x119 0x250005 0x0 0x285015db128 0x3f 0x285015e0fb0 0xda 0x2e0004 0x0 0x285015e1058 0x119 0x0 0x0 0x3a0005 0x0 0x285015e1058 0x119 0x0 0x0 0x3f0003 0x119 0xffffffffffffff20 0x470004 0x0 0x2857aeef698 0x29da 0x0 0x0 0x4f0005 0x0 0x2857aeef698 0x29da 0x0 0x0 0x580005 0x0 0x285015db128 0x66d1 0x0 0x0 0x5d0007 0x29db 0xc8 0x3cf7 0x620005 0x0 0x285015db128 0x3cf7 0x0 0x0 0x6b0004 0x0 0x285015db1d0 0x3cf7 0x0 0x0 0x770005 0x0 0x285015db1d0 0x3cf7 0x0 0x0 0x7c0003 0x3cf7 0xffffffffffffff20 0x810005 0x104b 0x28502b35150 0x16a1 0x285015dafd8 0x2ef 0x850007 0x11fa 0x68 0x17e1 0x8a0005 0x0 0x285015e1100 0x179f 0x285015e11a8 0x42 0x8e0003 0x17e1 0x18 0x0 0x0 0x0 0x0 0x0 0x0 0x9 0x3 0x0 0x0 0x0 oops 22 4 org/jetbrains/kotlin/ir/declarations/impl/IrFunctionImpl 6 org/jetbrains/kotlin/ir/declarations/impl/IrConstructorImpl 10 kotlin/collections/EmptyList 12 java/util/ArrayList 16 kotlin/collections/EmptyList 18 java/util/ArrayList 22 kotlin/collections/EmptyIterator 24 java/util/ArrayList$Itr 32 java/util/ArrayList$Itr 34 java/util/Collections$1 38 org/jetbrains/kotlin/ir/declarations/impl/IrTypeParameterImpl 44 org/jetbrains/kotlin/ir/declarations/impl/IrTypeParameterImpl 53 java/util/ArrayList 59 java/util/ArrayList 65 java/util/ArrayList$Itr 75 java/util/ArrayList$Itr 81 org/jetbrains/kotlin/ir/declarations/impl/IrValueParameterImpl 87 org/jetbrains/kotlin/ir/declarations/impl/IrValueParameterImpl 96 org/jetbrains/kotlin/ir/declarations/impl/IrFunctionImpl 98 org/jetbrains/kotlin/ir/declarations/impl/IrConstructorImpl 106 org/jetbrains/kotlin/ir/expressions/impl/IrBlockBodyImpl 108 org/jetbrains/kotlin/ir/expressions/impl/IrSyntheticBodyImpl methods 0
ciMethodData org/jetbrains/kotlin/ir/declarations/IrTypeParameter accept (Lorg/jetbrains/kotlin/ir/visitors/IrVisitor;Ljava/lang/Object;)Ljava/lang/Object; 2 3285 orig 80 0 0 0 0 0 0 0 0 0 0 0 0 0 0 0 0 0 0 0 0 0 0 0 0 0 0 0 0 0 0 0 0 0 0 0 0 0 0 0 0 0 0 0 0 0 0 0 0 0 0 0 0 0 0 0 0 0 0 0 0 0 0 0 0 0 0 0 0 0 0 0 0 0 0 0 0 0 0 0 0 data 19 0x30002 0xcd5 0x90005 0xb01 0x28503ea1f58 0xeb 0x28503ea2000 0xe9 0x0 0x0 0x0 0x0 0x0 0x0 0x9 0x3 0x0 0x0 0x0 oops 2 4 org/jetbrains/kotlin/ir/util/PatchDeclarationParentsVisitor 6 org/jetbrains/kotlin/backend/common/lower/inline/IrInlineCallGraphBuilder methods 0
ciMethodData org/jetbrains/kotlin/ir/expressions/IrBlockBody accept (Lorg/jetbrains/kotlin/ir/visitors/IrVisitor;Ljava/lang/Object;)Ljava/lang/Object; 2 6179 orig 80 1 0 0 0 0 0 0 0 0 0 0 0 0 0 0 0 0 0 0 0 0 0 0 4 0 0 0 0 0 0 0 0 0 0 0 0 4 0 0 0 0 0 0 0 0 0 0 0 0 0 0 0 0 0 0 0 0 0 0 0 0 0 0 0 0 0 0 0 0 0 0 0 0 0 0 0 0 0 0 0 data 19 0x30002 0x1823 0x8000000700090005 0x99 0x28503ea1f58 0xb4d 0x28503ea2000 0xc45 0x800000040009000d 0x28504e22bf8 0x0 0x0 0x0 0x0 0x9 0x3 0x0 0x0 0x0 oops 2 4 org/jetbrains/kotlin/ir/util/PatchDeclarationParentsVisitor 6 org/jetbrains/kotlin/backend/common/lower/inline/IrInlineCallGraphBuilder methods 1 9 org/jetbrains/kotlin/ir/declarations/IrFunction transformChildren (Lorg/jetbrains/kotlin/ir/visitors/IrTransformer;Ljava/lang/Object;)V
ciMethodData org/jetbrains/kotlin/ir/expressions/IrBlockBody acceptChildren (Lorg/jetbrains/kotlin/ir/visitors/IrVisitor;Ljava/lang/Object;)V 2 5872 orig 80 0 0 0 0 0 0 0 0 0 0 0 0 0 0 0 0 0 0 0 0 0 0 0 0 0 0 0 0 0 0 0 0 0 0 0 0 0 0 0 0 0 0 0 0 0 0 0 0 0 0 0 0 0 0 0 0 0 0 0 0 0 0 0 0 0 0 0 0 0 0 0 0 0 0 0 0 0 0 0 0 data 62 0x30002 0x16f0 0x70005 0x0 0x285015e1100 0x16f0 0x0 0x0 0xa0004 0x0 0x2857aeef698 0x16f0 0x0 0x0 0x120005 0x0 0x2857aeef698 0x16f0 0x0 0x0 0x1b0005 0x0 0x285015db128 0x39f8 0x0 0x0 0x200007 0x16f0 0xc8 0x2308 0x250005 0x0 0x285015db128 0x2308 0x0 0x0 0x2e0004 0x1fe9 0x28504e26f88 0x273 0x28504e27030 0xac 0x3a0005 0x1fe9 0x28504e26f88 0x273 0x28504e27030 0xac 0x410003 0x2308 0xffffffffffffff20 0x0 0x0 0x0 0x0 0x0 0x0 0x9 0x3 0x0 0x0 0x0 oops 9 4 org/jetbrains/kotlin/ir/expressions/impl/IrBlockBodyImpl 10 java/util/ArrayList 16 java/util/ArrayList 22 java/util/ArrayList$Itr 32 java/util/ArrayList$Itr 38 org/jetbrains/kotlin/ir/expressions/impl/IrDelegatingConstructorCallImpl 40 org/jetbrains/kotlin/ir/expressions/impl/IrTypeOperatorCallImpl 44 org/jetbrains/kotlin/ir/expressions/impl/IrDelegatingConstructorCallImpl 46 org/jetbrains/kotlin/ir/expressions/impl/IrTypeOperatorCallImpl methods 0
ciMethod org/jetbrains/kotlin/backend/common/DeclarationTransformer transformFlat (Lorg/jetbrains/kotlin/ir/declarations/IrDeclaration;)Ljava/util/List; 0 0 1 0 -1
ciMethod org/jetbrains/kotlin/backend/common/DeclarationTransformer transformFlatRestricted (Lorg/jetbrains/kotlin/ir/declarations/IrDeclaration;)Ljava/util/List; 540 0 28962 0 0
ciMethod org/jetbrains/kotlin/backend/common/DeclarationTransformer transformFlatRestricted$lambda$0 (Lorg/jetbrains/kotlin/backend/common/DeclarationTransformer;Lorg/jetbrains/kotlin/ir/declarations/IrDeclaration;)Ljava/util/List; 746 0 10748 0 0
ciMethod org/jetbrains/kotlin/backend/common/DeclarationTransformer access$transformFlatRestricted (Lorg/jetbrains/kotlin/backend/common/DeclarationTransformer;Lorg/jetbrains/kotlin/ir/declarations/IrDeclaration;)Ljava/util/List; 708 0 25125 0 0
ciMethod org/jetbrains/kotlin/ir/backend/js/lower/inline/RemoveInlineDeclarationsWithReifiedTypeParametersLowering transformFlat (Lorg/jetbrains/kotlin/ir/declarations/IrDeclaration;)Ljava/util/List; 746 0 10653 0 1488
ciMethod org/jetbrains/kotlin/ir/backend/js/lower/JsCommonAnnotationImplementationTransformer transformFlat (Lorg/jetbrains/kotlin/ir/declarations/IrDeclaration;)Ljava/util/List; 198 0 99 0 0
ciMethod org/jetbrains/kotlin/ir/backend/js/lower/JsCommonAnnotationImplementationTransformer visitClassNew (Lorg/jetbrains/kotlin/ir/declarations/IrClass;)Lorg/jetbrains/kotlin/ir/IrStatement; 84 252 37 0 0
ciMethod org/jetbrains/kotlin/backend/common/lower/AnnotationImplementationTransformer getContext ()Lorg/jetbrains/kotlin/backend/common/CommonBackendContext; 84 0 37 0 -1
ciMethod org/jetbrains/kotlin/backend/common/lower/AnnotationImplementationTransformer getSymbolTable ()Lorg/jetbrains/kotlin/ir/util/ReferenceSymbolTable; 84 0 37 0 -1
ciMethod org/jetbrains/kotlin/backend/common/lower/AnnotationImplementationTransformer addConstructorBodyForCompatibility (Lorg/jetbrains/kotlin/ir/declarations/IrClass;)V 84 0 37 0 -1
ciMethod org/jetbrains/kotlin/backend/common/lower/AnnotationImplementationTransformer getForbidDirectFieldAccessInMethods ()Z 84 0 37 0 -1
ciMethod org/jetbrains/kotlin/backend/common/lower/AnnotationImplementationTransformer generateFunctionBodies (Lorg/jetbrains/kotlin/ir/declarations/IrClass;Lorg/jetbrains/kotlin/ir/declarations/IrClass;Lorg/jetbrains/kotlin/ir/declarations/IrSimpleFunction;Lorg/jetbrains/kotlin/ir/declarations/IrSimpleFunction;Lorg/jetbrains/kotlin/ir/declarations/IrSimpleFunction;Lorg/jetbrains/kotlin/backend/common/lower/AnnotationImplementationMemberGenerator;)V 84 0 37 0 -1
ciMethodData org/jetbrains/kotlin/ir/backend/js/WholeWorldStageController restrictTo (Lorg/jetbrains/kotlin/ir/declarations/IrDeclaration;Lkotlin/jvm/functions/Function0;)Ljava/lang/Object; 2 12406 orig 80 2 0 0 0 1 0 0 0 0 0 0 0 0 0 0 0 0 0 0 0 4 0 0 4 0 0 0 0 0 0 0 0 0 0 0 0 0 0 0 0 0 0 0 0 0 0 0 0 0 0 0 0 0 0 0 0 0 0 0 0 0 0 0 0 0 0 0 0 0 0 0 0 0 0 0 0 0 0 0 0 data 50 0x30002 0x3076 0x90002 0x3076 0xd0005 0x1af 0x285046ddb08 0x2ec7 0x0 0x0 0x190005 0x1af 0x285046ddb08 0x2ec7 0x0 0x0 0xffffffff00230005 0x167e 0x285041b2ed8 0x18b7 0x285041b2f80 0x149 0x2c0005 0x1b7 0x285046ddb08 0x2ec7 0x0 0x0 0x350003 0x307e 0x48 0x3c0005 0x0 0x0 0x0 0x0 0x0 0x0 0x0 0x0 0x0 0x0 0x0 0x9 0x3 0xc 0xc 0xffffffffffffffff 0x380001 0x380001 oops 5 6 org/jetbrains/kotlin/ir/backend/js/WholeWorldStageController 12 org/jetbrains/kotlin/ir/backend/js/WholeWorldStageController 18  @bci org/jetbrains/kotlin/backend/common/lower/UpgradeCallableReferences$UpgradeTransformer visitDeclaration (Lorg/jetbrains/kotlin/ir/declarations/IrDeclarationBase;Lorg/jetbrains/kotlin/ir/declarations/IrDeclarationParent;)Lorg/jetbrains/kotlin/ir/IrStatement; 34 <appendix> member <vmtarget> ; 20  @bci org/jetbrains/kotlin/backend/common/BodyLoweringVisitor visitBody (Lorg/jetbrains/kotlin/ir/expressions/IrBody;Lorg/jetbrains/kotlin/ir/declarations/IrDeclaration;)V 41 <appendix> member <vmtarget> ; 24 org/jetbrains/kotlin/ir/backend/js/WholeWorldStageController methods 0
ciMethodData org/jetbrains/kotlin/ir/visitors/IrVisitorsKt acceptChildrenVoid (Lorg/jetbrains/kotlin/ir/IrElement;Lorg/jetbrains/kotlin/ir/visitors/IrVisitorVoid;)V 2 21205 orig 80 0 0 0 0 0 0 0 0 0 0 0 0 0 0 0 0 0 0 0 0 0 0 0 0 0 0 0 0 0 0 0 0 0 0 0 0 0 0 0 0 0 0 0 0 0 0 0 0 0 0 0 0 0 0 0 0 0 0 0 0 0 0 0 0 0 0 0 0 0 0 0 0 0 0 0 0 0 0 0 0 data 26 0x30002 0x52d5 0x90002 0x52d5 0xe0004 0x0 0x285015dd078 0x9 0x0 0x0 0x120005 0x3957 0x28502b35150 0x14d8 0x285015db1d0 0x4a6 0x0 0x0 0x0 0x0 0x0 0x0 0x9 0x2 0xffffffffffffffff 0xffffffffffffffff oops 3 6 org/jetbrains/kotlin/ir/inline/InlineFunctionBodyPreprocessor$symbolRemapper$1 12 org/jetbrains/kotlin/ir/declarations/impl/IrFunctionImpl 14 org/jetbrains/kotlin/ir/declarations/impl/IrValueParameterImpl methods 0
ciMethodData org/jetbrains/kotlin/ir/visitors/IrVisitorVoid visitDeclaration (Lorg/jetbrains/kotlin/ir/declarations/IrDeclarationBase;)V 2 15707 orig 80 0 0 0 0 0 0 0 0 0 0 0 0 0 0 0 0 0 0 0 0 0 0 0 0 0 0 0 0 0 0 0 0 0 0 0 0 0 0 0 0 0 0 0 0 0 0 0 0 0 0 0 0 0 0 0 0 0 0 0 0 0 0 0 0 0 0 0 0 0 0 0 0 0 0 0 0 0 0 0 0 data 24 0x30002 0x3d5b 0x80004 0x0 0x0 0x0 0x0 0x0 0xb0005 0x0 0x285015dd078 0x3 0x28502b351f8 0x3d58 0x0 0x0 0x0 0x0 0x0 0x0 0x9 0x2 0x0 0x0 oops 2 10 org/jetbrains/kotlin/ir/inline/InlineFunctionBodyPreprocessor$symbolRemapper$1 12 org/jetbrains/kotlin/backend/common/DeclarationTransformer$Visitor methods 0
ciMethod org/jetbrains/kotlin/backend/common/ir/IrUtilsKt isInlineFunWithReifiedParameter (Lorg/jetbrains/kotlin/ir/declarations/IrFunction;)Z 326 0 5039 0 0
ciMethodData org/jetbrains/kotlin/ir/visitors/IrVisitorVoid visitBody (Lorg/jetbrains/kotlin/ir/expressions/IrBody;)V 2 7295 orig 80 0 0 0 0 0 0 0 0 0 0 0 0 0 0 0 0 0 0 0 0 0 0 0 0 0 0 0 0 0 0 0 0 0 0 0 0 0 0 0 0 0 0 0 0 0 0 0 0 0 0 0 0 0 0 0 0 0 0 0 0 0 0 0 0 0 0 0 0 0 0 0 0 0 0 0 0 0 0 0 0 data 24 0x30002 0x1c7f 0x80004 0x0 0x2857f3dbdf8 0x24 0x285015e1100 0x6 0xb0005 0x0 0x28502b351f8 0x1c7f 0x0 0x0 0x0 0x0 0x0 0x0 0x0 0x0 0x9 0x2 0xffffffffffffffff 0xffffffffffffffff oops 3 4 org/jetbrains/kotlin/ir/expressions/impl/IrExpressionBodyImpl 6 org/jetbrains/kotlin/ir/expressions/impl/IrBlockBodyImpl 10 org/jetbrains/kotlin/backend/common/DeclarationTransformer$Visitor methods 0
ciMethodData org/jetbrains/kotlin/backend/common/DeclarationTransformer$Visitor visitFunction (Lorg/jetbrains/kotlin/ir/declarations/IrFunction;)V 2 8901 orig 80 0 0 0 0 0 0 0 0 0 0 0 0 0 0 0 0 0 0 0 0 0 0 0 0 0 0 0 0 0 0 0 0 0 0 0 0 0 0 0 0 0 0 0 0 0 0 0 0 0 0 0 0 0 0 0 0 0 0 0 0 0 0 0 0 0 0 0 0 0 0 0 0 0 0 0 0 0 0 0 0 data 80 0x30002 0x22c1 0x70004 0x12 0x28502b35150 0x43 0x285015dafd8 0x4 0xb0004 0x0 0x28502b351f8 0x59 0x0 0x0 0xe0002 0x22c1 0x120005 0x292 0x28502b35150 0x136e 0x285015db080 0xcc1 0x150005 0x0 0x2857aeef698 0x22c1 0x0 0x0 0x1c0005 0x0 0x285015db128 0x55ee 0x0 0x0 0x210007 0x22c1 0x120 0x332d 0x250005 0x0 0x285015db128 0x332d 0x0 0x0 0x2a0004 0x0 0x285015db1d0 0x332d 0x0 0x0 0x330004 0x0 0x285015db1d0 0x6d 0x0 0x0 0x360002 0x332d 0x3d0007 0x332d 0xffffffffffffff10 0x0 0x460005 0x0 0x0 0x0 0x0 0x0 0x490002 0x0 0x0 0x0 0x0 0x0 0x0 0x0 0x9 0x2 0x0 0x0 oops 10 4 org/jetbrains/kotlin/ir/declarations/impl/IrFunctionImpl 6 org/jetbrains/kotlin/ir/declarations/impl/IrConstructorImpl 10 org/jetbrains/kotlin/backend/common/DeclarationTransformer$Visitor 18 org/jetbrains/kotlin/ir/declarations/impl/IrFunctionImpl 20 org/jetbrains/kotlin/ir/declarations/impl/IrFunctionWithLateBindingImpl 24 java/util/ArrayList 30 java/util/ArrayList$Itr 40 java/util/ArrayList$Itr 46 org/jetbrains/kotlin/ir/declarations/impl/IrValueParameterImpl 52 org/jetbrains/kotlin/ir/declarations/impl/IrValueParameterImpl methods 0
ciMethodData org/jetbrains/kotlin/ir/visitors/IrVisitorVoid visitBlockBody (Lorg/jetbrains/kotlin/ir/expressions/IrBlockBody;Ljava/lang/Object;)Ljava/lang/Object; 2 5458 orig 80 0 0 0 0 0 0 0 0 0 0 0 0 0 0 0 0 0 0 0 0 0 0 0 0 0 0 0 0 0 0 0 0 0 0 0 0 0 0 0 0 0 0 0 0 0 0 0 0 0 0 0 0 0 0 0 0 0 0 0 0 0 0 0 0 0 0 0 0 0 0 0 0 0 0 0 0 0 0 0 0 data 23 0x30104 0x0 0x0 0x0 0x0 0x0 0x60005 0x0 0x28502b351f8 0x1552 0x0 0x0 0x0 0x0 0x0 0x0 0x0 0x0 0x9 0x3 0x0 0x0 0x0 oops 1 8 org/jetbrains/kotlin/backend/common/DeclarationTransformer$Visitor methods 0
ciMethodData org/jetbrains/kotlin/ir/visitors/IrVisitorVoid visitBlockBody (Lorg/jetbrains/kotlin/ir/expressions/IrBlockBody;Ljava/lang/Void;)V 2 5458 orig 80 0 0 0 0 0 0 0 0 0 0 0 0 0 0 0 0 0 0 0 0 0 0 0 0 0 0 0 0 0 0 0 0 0 0 0 0 0 0 0 0 0 0 0 0 0 0 0 0 0 0 0 0 0 0 0 0 0 0 0 0 0 0 0 0 0 0 0 0 0 0 0 0 0 0 0 0 0 0 0 0 data 19 0x30002 0x1552 0x80005 0x0 0x28502b351f8 0x1552 0x0 0x0 0x0 0x0 0x0 0x0 0x0 0x0 0x9 0x3 0x0 0x0 0x0 oops 1 4 org/jetbrains/kotlin/backend/common/DeclarationTransformer$Visitor methods 0
ciMethodData org/jetbrains/kotlin/ir/visitors/IrVisitorVoid visitBlockBody (Lorg/jetbrains/kotlin/ir/expressions/IrBlockBody;)V 2 5456 orig 80 0 0 0 0 0 0 0 0 0 0 0 0 0 0 0 0 0 0 0 0 0 0 0 0 0 0 0 0 0 0 0 0 0 0 0 0 0 0 0 0 0 0 0 0 0 0 0 0 0 0 0 0 0 0 0 0 0 0 0 0 0 0 0 0 0 0 0 0 0 0 0 0 0 0 0 0 0 0 0 0 data 24 0x30002 0x1550 0x80004 0x0 0x285015e1100 0x1f 0x0 0x0 0xb0005 0x0 0x28502b351f8 0x1550 0x0 0x0 0x0 0x0 0x0 0x0 0x0 0x0 0x9 0x2 0x0 0x0 oops 2 4 org/jetbrains/kotlin/ir/expressions/impl/IrBlockBodyImpl 10 org/jetbrains/kotlin/backend/common/DeclarationTransformer$Visitor methods 0
ciMethodData org/jetbrains/kotlin/ir/visitors/IrVisitorVoid visitValueParameter (Lorg/jetbrains/kotlin/ir/declarations/IrValueParameter;)V 2 7766 orig 80 0 0 0 0 0 0 0 0 0 0 0 0 0 0 0 0 0 0 0 0 0 0 0 0 0 0 0 0 0 0 0 0 0 0 0 0 0 0 0 0 0 0 0 0 0 0 0 0 0 0 0 0 0 0 0 0 0 0 0 0 0 0 0 0 0 0 0 0 0 0 0 0 0 0 0 0 0 0 0 0 data 24 0x30002 0x1e56 0x80004 0x0 0x285015db1d0 0x5a 0x0 0x0 0xb0005 0x0 0x28502b351f8 0x1e56 0x0 0x0 0x0 0x0 0x0 0x0 0x0 0x0 0x9 0x2 0x0 0x0 oops 2 4 org/jetbrains/kotlin/ir/declarations/impl/IrValueParameterImpl 10 org/jetbrains/kotlin/backend/common/DeclarationTransformer$Visitor methods 0
ciMethodData org/jetbrains/kotlin/ir/visitors/IrVisitorVoid visitValueParameter (Lorg/jetbrains/kotlin/ir/declarations/IrValueParameter;Ljava/lang/Object;)Ljava/lang/Object; 2 7766 orig 80 0 0 0 0 0 0 0 0 0 0 0 0 0 0 0 0 0 0 0 0 0 0 0 0 0 0 0 0 0 0 0 0 0 0 0 0 0 0 0 0 0 0 0 0 0 0 0 0 0 0 0 0 0 0 0 0 0 0 0 0 0 0 0 0 0 0 0 0 0 0 0 0 0 0 0 0 0 0 0 0 data 23 0x30104 0x0 0x0 0x0 0x0 0x0 0x60005 0x0 0x28502b351f8 0x1e56 0x0 0x0 0x0 0x0 0x0 0x0 0x0 0x0 0x9 0x3 0x0 0x0 0x0 oops 1 8 org/jetbrains/kotlin/backend/common/DeclarationTransformer$Visitor methods 0
ciMethodData org/jetbrains/kotlin/ir/visitors/IrVisitorVoid visitValueParameter (Lorg/jetbrains/kotlin/ir/declarations/IrValueParameter;Ljava/lang/Void;)V 2 7766 orig 80 0 0 0 0 0 0 0 0 0 0 0 0 0 0 0 0 0 0 0 0 0 0 0 0 0 0 0 0 0 0 0 0 0 0 0 0 0 0 0 0 0 0 0 0 0 0 0 0 0 0 0 0 0 0 0 0 0 0 0 0 0 0 0 0 0 0 0 0 0 0 0 0 0 0 0 0 0 0 0 0 data 19 0x30002 0x1e56 0x80005 0x0 0x28502b351f8 0x1e56 0x0 0x0 0x0 0x0 0x0 0x0 0x0 0x0 0x9 0x3 0x0 0x0 0x0 oops 1 4 org/jetbrains/kotlin/backend/common/DeclarationTransformer$Visitor methods 0
ciMethodData org/jetbrains/kotlin/backend/common/DeclarationTransformer transformFlatRestricted (Lorg/jetbrains/kotlin/ir/declarations/IrDeclaration;)Ljava/util/List; 2 28728 orig 80 0 0 0 0 0 0 0 0 0 0 0 0 0 0 0 0 0 0 0 0 0 0 0 0 0 0 0 0 0 0 0 0 0 0 0 0 0 0 0 0 0 0 0 0 0 0 0 0 0 0 0 0 0 0 0 0 0 0 0 0 0 0 0 0 0 0 0 0 0 0 0 0 0 0 0 0 0 0 0 0 data 42 0x10005 0x34ba 0x285015db1d0 0x3695 0x285046dd910 0x4e6 0x60005 0x67 0x285046dd9b8 0x6fce 0x0 0x0 0xc000a 0x7035 0x5 0x0 0x2 0x1 0x2 0x285046dda60 0x110005 0x0 0x285046ddb08 0x7035 0x0 0x0 0x140104 0x0 0x285015e0e60 0x1 0x285046ddbb0 0x25 0x0 0x0 0x0 0x0 0x0 0x0 0x9 0x2 0x0 0x0 oops 7 2 org/jetbrains/kotlin/ir/declarations/impl/IrValueParameterImpl 4 org/jetbrains/kotlin/ir/declarations/impl/IrFieldImpl 8 org/jetbrains/kotlin/backend/wasm/ic/IrFactoryImplForWasmIC 19  @bci org/jetbrains/kotlin/backend/common/DeclarationTransformer transformFlatRestricted (Lorg/jetbrains/kotlin/ir/declarations/IrDeclaration;)Ljava/util/List; 12 <appendix> member <vmtarget> ; 22 org/jetbrains/kotlin/ir/backend/js/WholeWorldStageController 28 kotlin/collections/EmptyList 30 java/util/Collections$SingletonList methods 0
ciMethodData  @bci org/jetbrains/kotlin/backend/common/DeclarationTransformer transformFlatRestricted (Lorg/jetbrains/kotlin/ir/declarations/IrDeclaration;)Ljava/util/List; 12 <appendix> member <vmtarget> ; <init> (Lorg/jetbrains/kotlin/backend/common/DeclarationTransformer;Lorg/jetbrains/kotlin/ir/declarations/IrDeclaration;)V 2 28719 orig 80 0 0 0 0 0 0 0 0 0 0 0 0 0 0 0 0 0 0 0 0 0 0 0 0 0 0 0 0 0 0 0 0 0 0 0 0 0 0 0 0 0 0 0 0 0 0 0 0 0 0 0 0 0 0 0 0 0 0 0 0 0 0 0 0 0 0 0 0 0 0 0 0 0 0 0 0 0 0 0 0 data 11 0x10002 0x702f 0x0 0x0 0x0 0x0 0x9 0x3 0x6 0x0 0x0 oops 0 methods 0
ciMethodData org/jetbrains/kotlin/backend/common/DeclarationTransformer$Visitor visitElement (Lorg/jetbrains/kotlin/ir/IrElement;)V 2 9928 orig 80 0 0 0 0 0 0 0 0 0 0 0 0 0 0 0 0 0 0 0 0 0 0 0 0 0 0 0 0 0 0 0 0 0 0 0 0 0 0 0 0 0 0 0 0 0 0 0 0 0 0 0 0 0 0 0 0 0 0 0 0 0 0 0 0 0 0 0 0 0 0 0 0 0 0 0 0 0 0 0 0 data 20 0x30002 0x26c8 0x80004 0x0 0x28502b351f8 0x1c5 0x0 0x0 0xb0002 0x26c8 0x0 0x0 0x0 0x0 0x0 0x0 0x9 0x2 0xffffffffffffffff 0xffffffffffffffff oops 1 4 org/jetbrains/kotlin/backend/common/DeclarationTransformer$Visitor methods 0
ciMethodData  @bci org/jetbrains/kotlin/backend/common/DeclarationTransformer transformFlatRestricted (Lorg/jetbrains/kotlin/ir/declarations/IrDeclaration;)Ljava/util/List; 12 <appendix> member <vmtarget> ; invoke ()Ljava/lang/Object; 2 10375 orig 80 1 0 0 0 0 0 0 0 0 0 0 0 0 0 0 0 0 0 0 0 0 0 0 0 0 0 0 0 0 0 0 0 0 0 0 0 0 0 0 0 0 0 0 0 0 0 0 0 0 0 0 0 0 0 0 0 0 0 0 0 0 0 0 0 0 0 0 0 0 0 0 0 0 0 0 0 0 0 0 0 data 11 0x80002 0x2887 0x0 0x0 0x0 0x0 0x0 0x0 0x9 0x1 0x0 oops 0 methods 0
ciMethodData org/jetbrains/kotlin/backend/common/DeclarationTransformer transformFlatRestricted$lambda$0 (Lorg/jetbrains/kotlin/backend/common/DeclarationTransformer;Lorg/jetbrains/kotlin/ir/declarations/IrDeclaration;)Ljava/util/List; 2 10375 orig 80 0 0 0 0 0 0 0 0 0 0 0 0 0 0 0 0 0 0 0 0 4 0 0 0 0 0 0 0 0 0 0 0 0 0 0 0 0 0 0 0 0 0 0 0 0 0 0 0 0 0 0 0 0 0 0 0 0 0 0 0 0 0 0 0 0 0 0 0 0 0 0 0 0 0 0 0 0 0 0 0 data 16 0x8000000400020005 0x0 0x285041b6018 0x2828 0x285041b60c0 0x63 0x0 0x0 0x0 0x0 0x0 0x0 0x9 0x2 0x0 0x0 oops 2 2 org/jetbrains/kotlin/ir/backend/js/lower/inline/RemoveInlineDeclarationsWithReifiedTypeParametersLowering 4 org/jetbrains/kotlin/ir/backend/js/lower/JsCommonAnnotationImplementationTransformer methods 0
ciMethodData org/jetbrains/kotlin/ir/backend/js/lower/inline/RemoveInlineDeclarationsWithReifiedTypeParametersLowering transformFlat (Lorg/jetbrains/kotlin/ir/declarations/IrDeclaration;)Ljava/util/List; 2 10280 orig 80 0 0 0 0 0 0 0 0 0 0 0 0 0 0 0 0 0 0 0 0 0 0 0 0 0 0 0 0 0 0 0 0 0 0 0 0 0 0 0 0 0 0 0 0 0 0 0 0 0 0 0 0 0 0 0 0 0 0 0 0 0 0 0 0 0 0 0 0 0 0 0 0 0 0 0 0 0 0 0 0 data 84 0x30002 0x2828 0x70004 0xe44 0x285015db1d0 0x151c 0x285015db080 0x4c8 0xa0007 0x1a4e 0x80 0xdda 0xe0004 0x833 0x285015db080 0x4c8 0x285015dafd8 0xdf 0x110002 0xdda 0x140007 0x1 0x1a0 0xdd9 0x180004 0xe43 0x285015db1d0 0x151c 0x285015db080 0x4c8 0x1b0007 0x253e 0x160 0x2e9 0x1f0004 0x0 0x28503d7bef0 0x1ca 0x28503d7bf98 0x11f 0x220005 0x0 0x28503d7bef0 0x1ca 0x28503d7bf98 0x11f 0x260007 0x0 0xb0 0x2e9 0x290004 0x0 0x28502b35150 0x4 0x285015db080 0x6 0x2c0002 0x2e9 0x300007 0x2e9 0x38 0x0 0x340003 0x0 0x30 0x380003 0x2e9 0x18 0x3d0007 0x2e9 0x30 0x0 0x400002 0x1 0x0 0x0 0x0 0x0 0x0 0x0 0x9 0x2 0x0 0x0 oops 12 4 org/jetbrains/kotlin/ir/declarations/impl/IrValueParameterImpl 6 org/jetbrains/kotlin/ir/declarations/impl/IrFunctionWithLateBindingImpl 14 org/jetbrains/kotlin/ir/declarations/impl/IrFunctionWithLateBindingImpl 16 org/jetbrains/kotlin/ir/declarations/impl/IrConstructorImpl 26 org/jetbrains/kotlin/ir/declarations/impl/IrValueParameterImpl 28 org/jetbrains/kotlin/ir/declarations/impl/IrFunctionWithLateBindingImpl 36 org/jetbrains/kotlin/ir/declarations/impl/IrPropertyImpl 38 org/jetbrains/kotlin/ir/declarations/impl/IrPropertyWithLateBindingImpl 42 org/jetbrains/kotlin/ir/declarations/impl/IrPropertyImpl 44 org/jetbrains/kotlin/ir/declarations/impl/IrPropertyWithLateBindingImpl 52 org/jetbrains/kotlin/ir/declarations/impl/IrFunctionImpl 54 org/jetbrains/kotlin/ir/declarations/impl/IrFunctionWithLateBindingImpl methods 0
ciMethodData org/jetbrains/kotlin/backend/common/DeclarationTransformer access$transformFlatRestricted (Lorg/jetbrains/kotlin/backend/common/DeclarationTransformer;Lorg/jetbrains/kotlin/ir/declarations/IrDeclaration;)Ljava/util/List; 2 26805 orig 80 0 0 0 0 0 0 0 0 0 0 0 0 0 0 0 0 0 0 0 0 0 0 0 0 0 0 0 0 0 0 0 0 0 0 0 0 0 0 0 0 0 0 0 0 0 0 0 0 0 0 0 0 0 0 0 0 0 0 0 0 0 0 0 0 0 0 0 0 0 0 0 0 0 0 0 0 0 0 0 0 data 8 0x20002 0x68b5 0x0 0x0 0x9 0x2 0x0 0x0 oops 0 methods 0
ciMethodData org/jetbrains/kotlin/backend/common/ir/IrUtilsKt isInlineFunWithReifiedParameter (Lorg/jetbrains/kotlin/ir/declarations/IrFunction;)Z 2 4876 orig 80 0 0 0 0 0 0 0 0 0 0 0 0 0 0 0 0 0 0 0 0 0 0 0 0 0 0 0 0 0 0 0 0 0 0 0 0 0 0 0 0 0 0 0 0 0 0 0 0 0 0 0 0 0 0 0 0 0 0 0 0 0 0 0 0 0 0 0 0 0 0 0 0 0 0 0 0 0 0 0 0 data 110 0x30002 0x130c 0x70005 0xb5c 0x285015db080 0x6d1 0x285015dafd8 0xdf 0xa0007 0x10b5 0x2e8 0x257 0xe0005 0x0 0x28502b35150 0x257 0x0 0x0 0x110004 0x1a 0x285015e0e60 0x239 0x2857aeef698 0x4 0x180004 0x1a 0x285015e0e60 0x239 0x2857aeef698 0x4 0x1b0007 0x0 0xb8 0x257 0x1f0004 0x1a 0x285015e0e60 0x239 0x2857aeef698 0x4 0x220005 0x1a 0x285015e0e60 0x239 0x2857aeef698 0x4 0x270007 0x1e 0x38 0x239 0x2b0003 0x239 0x160 0x2f0005 0x0 0x2857aeef698 0x4 0x285046ddbb0 0x1a 0x360005 0x0 0x285015db128 0xc 0x285015e0fb0 0x33 0x3b0007 0x1d 0xe8 0x22 0x3f0005 0x0 0x285015db128 0x8 0x285015e0fb0 0x1a 0x480004 0x0 0x285015e1058 0x22 0x0 0x0 0x520005 0x0 0x285015e1058 0x22 0x0 0x0 0x550007 0x21 0xffffffffffffff20 0x1 0x590003 0x1 0x18 0x5d0007 0x256 0x38 0x1 0x610003 0x1 0x18 0x0 0x0 0x0 0x0 0x0 0x0 0x9 0x1 0xffffffffffffffff oops 19 4 org/jetbrains/kotlin/ir/declarations/impl/IrFunctionWithLateBindingImpl 6 org/jetbrains/kotlin/ir/declarations/impl/IrConstructorImpl 14 org/jetbrains/kotlin/ir/declarations/impl/IrFunctionImpl 20 kotlin/collections/EmptyList 22 java/util/ArrayList 26 kotlin/collections/EmptyList 28 java/util/ArrayList 36 kotlin/collections/EmptyList 38 java/util/ArrayList 42 kotlin/collections/EmptyList 44 java/util/ArrayList 55 java/util/ArrayList 57 java/util/Collections$SingletonList 61 java/util/ArrayList$Itr 63 java/util/Collections$1 71 java/util/ArrayList$Itr 73 java/util/Collections$1 77 org/jetbrains/kotlin/ir/declarations/impl/IrTypeParameterImpl 83 org/jetbrains/kotlin/ir/declarations/impl/IrTypeParameterImpl methods 0
ciMethodData org/jetbrains/kotlin/ir/visitors/IrVisitorVoid visitSimpleFunction (Lorg/jetbrains/kotlin/ir/declarations/IrSimpleFunction;)V 2 8408 orig 80 0 0 0 0 0 0 0 0 0 0 0 0 0 0 0 0 0 0 0 0 0 0 0 0 0 0 0 0 0 0 0 0 0 0 0 0 0 0 0 0 0 0 0 0 0 0 0 0 0 0 0 0 0 0 0 0 0 0 0 0 0 0 0 0 0 0 0 0 0 0 0 0 0 0 0 0 0 0 0 0 data 24 0x30002 0x20d8 0x80004 0x0 0x28502b35150 0x5 0x0 0x0 0xb0005 0x0 0x28502b351f8 0x20d8 0x0 0x0 0x0 0x0 0x0 0x0 0x0 0x0 0x9 0x2 0x0 0x0 oops 2 4 org/jetbrains/kotlin/ir/declarations/impl/IrFunctionImpl 10 org/jetbrains/kotlin/backend/common/DeclarationTransformer$Visitor methods 0
ciMethod org/jetbrains/kotlin/backend/common/DeclarationTransformer$Visitor visitElement (Lorg/jetbrains/kotlin/ir/IrElement;)V 866 0 10361 0 144
ciMethod org/jetbrains/kotlin/backend/common/DeclarationTransformer$Visitor visitFunction (Lorg/jetbrains/kotlin/ir/declarations/IrFunction;)V 562 1068 9174 0 0
ciMethod  @bci org/jetbrains/kotlin/backend/common/DeclarationTransformer transformFlatRestricted (Lorg/jetbrains/kotlin/ir/declarations/IrDeclaration;)Ljava/util/List; 12 <appendix> member <vmtarget> ; <init> (Lorg/jetbrains/kotlin/backend/common/DeclarationTransformer;Lorg/jetbrains/kotlin/ir/declarations/IrDeclaration;)V 682 0 29057 0 0
ciMethod  @bci org/jetbrains/kotlin/backend/common/DeclarationTransformer transformFlatRestricted (Lorg/jetbrains/kotlin/ir/declarations/IrDeclaration;)Ljava/util/List; 12 <appendix> member <vmtarget> ; invoke ()Ljava/lang/Object; 746 0 10748 0 1904
ciMethodData org/jetbrains/kotlin/ir/visitors/IrVisitorVoid visitExpressionBody (Lorg/jetbrains/kotlin/ir/expressions/IrExpressionBody;Ljava/lang/Object;)Ljava/lang/Object; 2 1295 orig 80 0 0 0 0 0 0 0 0 0 0 0 0 0 0 0 0 0 0 0 0 0 0 0 0 0 0 0 0 0 0 0 0 0 0 0 0 0 0 0 0 0 0 0 0 0 0 0 0 0 0 0 0 0 0 0 0 0 0 0 0 0 0 0 0 0 0 0 0 0 0 0 0 0 0 0 0 0 0 0 0 data 23 0x30104 0x0 0x0 0x0 0x0 0x0 0x60005 0x0 0x28502b351f8 0x50e 0x0 0x0 0x0 0x0 0x0 0x0 0x0 0x0 0x9 0x3 0x0 0x0 0x0 oops 1 8 org/jetbrains/kotlin/backend/common/DeclarationTransformer$Visitor methods 0
ciMethodData org/jetbrains/kotlin/ir/visitors/IrVisitorVoid visitExpressionBody (Lorg/jetbrains/kotlin/ir/expressions/IrExpressionBody;Ljava/lang/Void;)V 2 1503 orig 80 0 0 0 0 0 0 0 0 0 0 0 0 0 0 0 0 0 0 0 0 0 0 0 0 0 0 0 0 0 0 0 0 0 0 0 0 0 0 0 0 0 0 0 0 0 0 0 0 0 0 0 0 0 0 0 0 0 0 0 0 0 0 0 0 0 0 0 0 0 0 0 0 0 0 0 0 0 0 0 0 data 19 0x30002 0x5df 0x80005 0x0 0x28502b351f8 0x5df 0x0 0x0 0x0 0x0 0x0 0x0 0x0 0x0 0x9 0x3 0xffffffffffffffff 0xffffffffffffffff 0x0 oops 1 4 org/jetbrains/kotlin/backend/common/DeclarationTransformer$Visitor methods 0
ciMethodData org/jetbrains/kotlin/ir/visitors/IrVisitorVoid visitExpressionBody (Lorg/jetbrains/kotlin/ir/expressions/IrExpressionBody;)V 2 1504 orig 80 0 0 0 0 0 0 0 0 0 0 0 0 0 0 0 0 0 0 0 0 0 0 0 0 0 0 0 0 0 0 0 0 0 0 0 0 0 0 0 0 0 0 0 0 0 0 0 0 0 0 0 0 0 0 0 0 0 0 0 0 0 0 0 0 0 0 0 0 0 0 0 0 0 0 0 0 0 0 0 0 data 24 0x30002 0x5e0 0x80004 0x0 0x2857f3dbdf8 0x3 0x0 0x0 0xb0005 0x0 0x28502b351f8 0x5e0 0x0 0x0 0x0 0x0 0x0 0x0 0x0 0x0 0x9 0x2 0xffffffffffffffff 0xffffffffffffffff oops 2 4 org/jetbrains/kotlin/ir/expressions/impl/IrExpressionBodyImpl 10 org/jetbrains/kotlin/backend/common/DeclarationTransformer$Visitor methods 0
ciMethodData org/jetbrains/kotlin/ir/visitors/IrVisitorVoid visitTypeParameter (Lorg/jetbrains/kotlin/ir/declarations/IrTypeParameter;Ljava/lang/Object;)Ljava/lang/Object; 1 349 orig 80 0 0 0 0 0 0 0 0 0 0 0 0 0 0 0 0 0 0 0 0 0 0 0 0 0 0 0 0 0 0 0 0 0 0 0 0 0 0 0 0 0 0 0 0 0 0 0 0 0 0 0 0 0 0 0 0 0 0 0 0 0 0 0 0 0 0 0 0 0 0 0 0 0 0 0 0 0 0 0 0 data 23 0x30104 0x0 0x0 0x0 0x0 0x0 0x60005 0x0 0x28502b351f8 0x15d 0x0 0x0 0x0 0x0 0x0 0x0 0x0 0x0 0x9 0x3 0x0 0x0 0x0 oops 1 8 org/jetbrains/kotlin/backend/common/DeclarationTransformer$Visitor methods 0
ciMethodData org/jetbrains/kotlin/ir/visitors/IrVisitorVoid visitTypeParameter (Lorg/jetbrains/kotlin/ir/declarations/IrTypeParameter;Ljava/lang/Void;)V 1 425 orig 80 0 0 0 0 0 0 0 0 0 0 0 0 0 0 0 0 0 0 0 0 0 0 0 0 0 0 0 0 0 0 0 0 0 0 0 0 0 0 0 0 0 0 0 0 0 0 0 0 0 0 0 0 0 0 0 0 0 0 0 0 0 0 0 0 0 0 0 0 0 0 0 0 0 0 0 0 0 0 0 0 data 19 0x30002 0x1a9 0x80005 0x0 0x28502b351f8 0x1a9 0x0 0x0 0x0 0x0 0x0 0x0 0x0 0x0 0x9 0x3 0xffffffffffffffff 0xffffffffffffffff 0x0 oops 1 4 org/jetbrains/kotlin/backend/common/DeclarationTransformer$Visitor methods 0
ciMethod org/jetbrains/kotlin/backend/common/lower/AnnotationImplementationMemberGenerator <init> (Lorg/jetbrains/kotlin/backend/common/LoweringContext;Lorg/jetbrains/kotlin/ir/util/ReferenceSymbolTable;Lorg/jetbrains/kotlin/ir/declarations/IrClass;Ljava/lang/String;ZLkotlin/jvm/functions/Function4;)V 84 0 37 0 -1
compile org/jetbrains/kotlin/ir/visitors/IrVisitorVoid visitSimpleFunction (Lorg/jetbrains/kotlin/ir/declarations/IrSimpleFunction;)V -1 4 inline 118 0 -1 0 org/jetbrains/kotlin/ir/visitors/IrVisitorVoid visitSimpleFunction (Lorg/jetbrains/kotlin/ir/declarations/IrSimpleFunction;)V 1 3 0 kotlin/jvm/internal/Intrinsics checkNotNullParameter (Ljava/lang/Object;Ljava/lang/String;)V 1 11 0 org/jetbrains/kotlin/backend/common/DeclarationTransformer$Visitor visitFunction (Lorg/jetbrains/kotlin/ir/declarations/IrFunction;)V 2 3 0 kotlin/jvm/internal/Intrinsics checkNotNullParameter (Ljava/lang/Object;Ljava/lang/String;)V 2 14 0 org/jetbrains/kotlin/ir/visitors/IrVisitorsKt acceptChildrenVoid (Lorg/jetbrains/kotlin/ir/IrElement;Lorg/jetbrains/kotlin/ir/visitors/IrVisitorVoid;)V 3 3 0 kotlin/jvm/internal/Intrinsics checkNotNullParameter (Ljava/lang/Object;Ljava/lang/String;)V 3 9 0 kotlin/jvm/internal/Intrinsics checkNotNullParameter (Ljava/lang/Object;Ljava/lang/String;)V 3 18 0 org/jetbrains/kotlin/ir/declarations/IrFunction acceptChildren (Lorg/jetbrains/kotlin/ir/visitors/IrVisitor;Ljava/lang/Object;)V 4 3 0 kotlin/jvm/internal/Intrinsics checkNotNullParameter (Ljava/lang/Object;Ljava/lang/String;)V 4 7 0 org/jetbrains/kotlin/ir/declarations/impl/IrFunctionImpl getTypeParameters ()Ljava/util/List; 4 37 0 java/util/Collections$1 next ()Ljava/lang/Object; 4 58 0 org/jetbrains/kotlin/ir/declarations/IrTypeParameter accept (Lorg/jetbrains/kotlin/ir/visitors/IrVisitor;Ljava/lang/Object;)Ljava/lang/Object; 5 3 0 kotlin/jvm/internal/Intrinsics checkNotNullParameter (Ljava/lang/Object;Ljava/lang/String;)V 5 9 0 org/jetbrains/kotlin/ir/visitors/IrVisitorVoid visitTypeParameter (Lorg/jetbrains/kotlin/ir/declarations/IrTypeParameter;Ljava/lang/Object;)Ljava/lang/Object; 4 79 0 java/util/ArrayList iterator ()Ljava/util/Iterator; 5 5 0 java/util/ArrayList$Itr <init> (Ljava/util/ArrayList;)V 6 3 0 java/util/Objects requireNonNull (Ljava/lang/Object;)Ljava/lang/Object; 6 11 0 java/lang/Object <init> ()V 4 88 0 java/util/ArrayList$Itr hasNext ()Z 4 98 0 java/util/ArrayList$Itr next ()Ljava/lang/Object; 5 1 0 java/util/ArrayList$Itr checkForComodification ()V 4 119 0 org/jetbrains/kotlin/ir/declarations/IrValueParameter accept (Lorg/jetbrains/kotlin/ir/visitors/IrVisitor;Ljava/lang/Object;)Ljava/lang/Object; 5 3 0 kotlin/jvm/internal/Intrinsics checkNotNullParameter (Ljava/lang/Object;Ljava/lang/String;)V 5 9 0 org/jetbrains/kotlin/ir/visitors/IrVisitorVoid visitValueParameter (Lorg/jetbrains/kotlin/ir/declarations/IrValueParameter;Ljava/lang/Object;)Ljava/lang/Object; 6 6 0 org/jetbrains/kotlin/ir/visitors/IrVisitorVoid visitValueParameter (Lorg/jetbrains/kotlin/ir/declarations/IrValueParameter;Ljava/lang/Void;)V 7 3 0 kotlin/jvm/internal/Intrinsics checkNotNullParameter (Ljava/lang/Object;Ljava/lang/String;)V 7 8 0 org/jetbrains/kotlin/ir/visitors/IrVisitorVoid visitValueParameter (Lorg/jetbrains/kotlin/ir/declarations/IrValueParameter;)V 8 3 0 kotlin/jvm/internal/Intrinsics checkNotNullParameter (Ljava/lang/Object;Ljava/lang/String;)V 8 11 0 org/jetbrains/kotlin/ir/visitors/IrVisitorVoid visitDeclaration (Lorg/jetbrains/kotlin/ir/declarations/IrDeclarationBase;)V 9 3 0 kotlin/jvm/internal/Intrinsics checkNotNullParameter (Ljava/lang/Object;Ljava/lang/String;)V 9 11 0 org/jetbrains/kotlin/backend/common/DeclarationTransformer$Visitor visitElement (Lorg/jetbrains/kotlin/ir/IrElement;)V 10 3 0 kotlin/jvm/internal/Intrinsics checkNotNullParameter (Ljava/lang/Object;Ljava/lang/String;)V 10 11 0 org/jetbrains/kotlin/ir/visitors/IrVisitorsKt acceptChildrenVoid (Lorg/jetbrains/kotlin/ir/IrElement;Lorg/jetbrains/kotlin/ir/visitors/IrVisitorVoid;)V 11 3 0 kotlin/jvm/internal/Intrinsics checkNotNullParameter (Ljava/lang/Object;Ljava/lang/String;)V 11 9 0 kotlin/jvm/internal/Intrinsics checkNotNullParameter (Ljava/lang/Object;Ljava/lang/String;)V 11 18 0 org/jetbrains/kotlin/ir/declarations/IrValueParameter acceptChildren (Lorg/jetbrains/kotlin/ir/visitors/IrVisitor;Ljava/lang/Object;)V 12 3 0 kotlin/jvm/internal/Intrinsics checkNotNullParameter (Ljava/lang/Object;Ljava/lang/String;)V 12 7 0 org/jetbrains/kotlin/ir/declarations/impl/IrValueParameterImpl getDefaultValue ()Lorg/jetbrains/kotlin/ir/expressions/IrExpressionBody; 12 16 0 org/jetbrains/kotlin/ir/expressions/IrExpressionBody accept (Lorg/jetbrains/kotlin/ir/visitors/IrVisitor;Ljava/lang/Object;)Ljava/lang/Object; 13 3 0 kotlin/jvm/internal/Intrinsics checkNotNullParameter (Ljava/lang/Object;Ljava/lang/String;)V 13 9 0 org/jetbrains/kotlin/ir/visitors/IrVisitorVoid visitExpressionBody (Lorg/jetbrains/kotlin/ir/expressions/IrExpressionBody;Ljava/lang/Object;)Ljava/lang/Object; 14 6 0 org/jetbrains/kotlin/ir/visitors/IrVisitorVoid visitExpressionBody (Lorg/jetbrains/kotlin/ir/expressions/IrExpressionBody;Ljava/lang/Void;)V 15 3 0 kotlin/jvm/internal/Intrinsics checkNotNullParameter (Ljava/lang/Object;Ljava/lang/String;)V 15 8 0 org/jetbrains/kotlin/ir/visitors/IrVisitorVoid visitExpressionBody (Lorg/jetbrains/kotlin/ir/expressions/IrExpressionBody;)V 16 3 0 kotlin/jvm/internal/Intrinsics checkNotNullParameter (Ljava/lang/Object;Ljava/lang/String;)V 16 11 0 org/jetbrains/kotlin/ir/visitors/IrVisitorVoid visitBody (Lorg/jetbrains/kotlin/ir/expressions/IrBody;)V 4 129 0 org/jetbrains/kotlin/ir/declarations/impl/IrFunctionImpl getBody ()Lorg/jetbrains/kotlin/ir/expressions/IrBody; 4 138 0 org/jetbrains/kotlin/ir/expressions/IrBlockBody accept (Lorg/jetbrains/kotlin/ir/visitors/IrVisitor;Ljava/lang/Object;)Ljava/lang/Object; 5 3 0 kotlin/jvm/internal/Intrinsics checkNotNullParameter (Ljava/lang/Object;Ljava/lang/String;)V 5 9 0 org/jetbrains/kotlin/ir/visitors/IrVisitorVoid visitBlockBody (Lorg/jetbrains/kotlin/ir/expressions/IrBlockBody;Ljava/lang/Object;)Ljava/lang/Object; 6 6 0 org/jetbrains/kotlin/ir/visitors/IrVisitorVoid visitBlockBody (Lorg/jetbrains/kotlin/ir/expressions/IrBlockBody;Ljava/lang/Void;)V 7 3 0 kotlin/jvm/internal/Intrinsics checkNotNullParameter (Ljava/lang/Object;Ljava/lang/String;)V 7 8 0 org/jetbrains/kotlin/ir/visitors/IrVisitorVoid visitBlockBody (Lorg/jetbrains/kotlin/ir/expressions/IrBlockBody;)V 8 3 0 kotlin/jvm/internal/Intrinsics checkNotNullParameter (Ljava/lang/Object;Ljava/lang/String;)V 8 11 0 org/jetbrains/kotlin/ir/visitors/IrVisitorVoid visitBody (Lorg/jetbrains/kotlin/ir/expressions/IrBody;)V 9 3 0 kotlin/jvm/internal/Intrinsics checkNotNullParameter (Ljava/lang/Object;Ljava/lang/String;)V 9 11 0 org/jetbrains/kotlin/backend/common/DeclarationTransformer$Visitor visitElement (Lorg/jetbrains/kotlin/ir/IrElement;)V 10 3 0 kotlin/jvm/internal/Intrinsics checkNotNullParameter (Ljava/lang/Object;Ljava/lang/String;)V 10 11 0 org/jetbrains/kotlin/ir/visitors/IrVisitorsKt acceptChildrenVoid (Lorg/jetbrains/kotlin/ir/IrElement;Lorg/jetbrains/kotlin/ir/visitors/IrVisitorVoid;)V 11 3 0 kotlin/jvm/internal/Intrinsics checkNotNullParameter (Ljava/lang/Object;Ljava/lang/String;)V 11 9 0 kotlin/jvm/internal/Intrinsics checkNotNullParameter (Ljava/lang/Object;Ljava/lang/String;)V 11 18 0 org/jetbrains/kotlin/ir/expressions/IrBlockBody acceptChildren (Lorg/jetbrains/kotlin/ir/visitors/IrVisitor;Ljava/lang/Object;)V 12 3 0 kotlin/jvm/internal/Intrinsics checkNotNullParameter (Ljava/lang/Object;Ljava/lang/String;)V 12 7 0 org/jetbrains/kotlin/ir/expressions/impl/IrBlockBodyImpl getStatements ()Ljava/util/List; 12 18 0 java/util/ArrayList iterator ()Ljava/util/Iterator; 13 5 0 java/util/ArrayList$Itr <init> (Ljava/util/ArrayList;)V 14 3 0 java/util/Objects requireNonNull (Ljava/lang/Object;)Ljava/lang/Object; 14 11 0 java/lang/Object <init> ()V 12 27 0 java/util/ArrayList$Itr hasNext ()Z 12 37 0 java/util/ArrayList$Itr next ()Ljava/lang/Object; 13 1 0 java/util/ArrayList$Itr checkForComodification ()V 4 138 0 org/jetbrains/kotlin/ir/expressions/IrSyntheticBody accept (Lorg/jetbrains/kotlin/ir/visitors/IrVisitor;Ljava/lang/Object;)Ljava/lang/Object; 2 18 0 org/jetbrains/kotlin/ir/declarations/IrFunction getParameters ()Ljava/util/List; 2 21 0 java/util/ArrayList iterator ()Ljava/util/Iterator; 3 5 0 java/util/ArrayList$Itr <init> (Ljava/util/ArrayList;)V 4 3 0 java/util/Objects requireNonNull (Ljava/lang/Object;)Ljava/lang/Object; 4 11 0 java/lang/Object <init> ()V 2 28 0 java/util/ArrayList$Itr hasNext ()Z 2 37 0 java/util/ArrayList$Itr next ()Ljava/lang/Object; 3 1 0 java/util/ArrayList$Itr checkForComodification ()V 2 54 0 org/jetbrains/kotlin/backend/common/DeclarationTransformer access$transformFlatRestricted (Lorg/jetbrains/kotlin/backend/common/DeclarationTransformer;Lorg/jetbrains/kotlin/ir/declarations/IrDeclaration;)Ljava/util/List; 3 2 0 org/jetbrains/kotlin/backend/common/DeclarationTransformer transformFlatRestricted (Lorg/jetbrains/kotlin/ir/declarations/IrDeclaration;)Ljava/util/List; 4 1 0 org/jetbrains/kotlin/ir/declarations/impl/IrValueParameterImpl getFactory ()Lorg/jetbrains/kotlin/ir/declarations/IrFactory; 4 6 0 org/jetbrains/kotlin/ir/declarations/IrFactory getStageController ()Lorg/jetbrains/kotlin/ir/declarations/StageController; 4 12 0 java/lang/invoke/Invokers$Holder linkToTargetMethod (Ljava/lang/Object;Ljava/lang/Object;Ljava/lang/Object;)Ljava/lang/Object; 5 6 0 java/lang/invoke/DirectMethodHandle$Holder newInvokeSpecial (Ljava/lang/Object;Ljava/lang/Object;Ljava/lang/Object;)Ljava/lang/Object; 6 1 0 java/lang/invoke/DirectMethodHandle allocateInstance (Ljava/lang/Object;)Ljava/lang/Object; 6 6 0 java/lang/invoke/DirectMethodHandle constructorMethod (Ljava/lang/Object;)Ljava/lang/Object; 6 19 0  @bci org/jetbrains/kotlin/backend/common/DeclarationTransformer transformFlatRestricted (Lorg/jetbrains/kotlin/ir/declarations/IrDeclaration;)Ljava/util/List; 12 <appendix> member <vmtarget> ; <init> (Lorg/jetbrains/kotlin/backend/common/DeclarationTransformer;Lorg/jetbrains/kotlin/ir/declarations/IrDeclaration;)V 7 1 0 java/lang/Object <init> ()V 4 17 0 org/jetbrains/kotlin/ir/backend/js/WholeWorldStageController restrictTo (Lorg/jetbrains/kotlin/ir/declarations/IrDeclaration;Lkotlin/jvm/functions/Function0;)Ljava/lang/Object; 5 3 0 kotlin/jvm/internal/Intrinsics checkNotNullParameter (Ljava/lang/Object;Ljava/lang/String;)V 5 9 0 kotlin/jvm/internal/Intrinsics checkNotNullParameter (Ljava/lang/Object;Ljava/lang/String;)V 5 13 0 org/jetbrains/kotlin/ir/backend/js/WholeWorldStageController getCurrentDeclaration ()Lorg/jetbrains/kotlin/ir/declarations/IrDeclaration; 5 25 0 org/jetbrains/kotlin/ir/backend/js/WholeWorldStageController setCurrentDeclaration (Lorg/jetbrains/kotlin/ir/declarations/IrDeclaration;)V 5 35 0  @bci org/jetbrains/kotlin/backend/common/DeclarationTransformer transformFlatRestricted (Lorg/jetbrains/kotlin/ir/declarations/IrDeclaration;)Ljava/util/List; 12 <appendix> member <vmtarget> ; invoke ()Ljava/lang/Object; 6 8 0 org/jetbrains/kotlin/backend/common/DeclarationTransformer transformFlatRestricted$lambda$0 (Lorg/jetbrains/kotlin/backend/common/DeclarationTransformer;Lorg/jetbrains/kotlin/ir/declarations/IrDeclaration;)Ljava/util/List; 7 2 0 org/jetbrains/kotlin/ir/backend/js/lower/inline/RemoveInlineDeclarationsWithReifiedTypeParametersLowering transformFlat (Lorg/jetbrains/kotlin/ir/declarations/IrDeclaration;)Ljava/util/List; 8 3 0 kotlin/jvm/internal/Intrinsics checkNotNullParameter (Ljava/lang/Object;Ljava/lang/String;)V 8 17 0 org/jetbrains/kotlin/backend/common/ir/IrUtilsKt isInlineFunWithReifiedParameter (Lorg/jetbrains/kotlin/ir/declarations/IrFunction;)Z 9 3 0 kotlin/jvm/internal/Intrinsics checkNotNullParameter (Ljava/lang/Object;Ljava/lang/String;)V 9 14 0 org/jetbrains/kotlin/ir/declarations/impl/IrFunctionImpl getTypeParameters ()Ljava/util/List; 9 34 0 kotlin/collections/EmptyList isEmpty ()Z 9 47 0 java/util/Collections$SingletonList iterator ()Ljava/util/Iterator; 10 4 0 java/util/Collections singletonIterator (Ljava/lang/Object;)Ljava/util/Iterator; 11 5 0 java/util/Collections$1 <init> (Ljava/lang/Object;)V 12 6 0 java/lang/Object <init> ()V 9 47 0 java/util/ArrayList iterator ()Ljava/util/Iterator; 10 5 0 java/util/ArrayList$Itr <init> (Ljava/util/ArrayList;)V 11 3 0 java/util/Objects requireNonNull (Ljava/lang/Object;)Ljava/lang/Object; 11 11 0 java/lang/Object <init> ()V 9 54 0 java/util/Collections$1 hasNext ()Z 9 54 0 java/util/ArrayList$Itr hasNext ()Z 9 82 0 org/jetbrains/kotlin/ir/declarations/impl/IrTypeParameterImpl isReified ()Z 8 34 0 org/jetbrains/kotlin/ir/declarations/impl/IrPropertyImpl getGetter ()Lorg/jetbrains/kotlin/ir/declarations/IrSimpleFunction; 8 34 0 org/jetbrains/kotlin/ir/declarations/impl/IrPropertyWithLateBindingImpl getGetter ()Lorg/jetbrains/kotlin/ir/declarations/IrSimpleFunction; 7 2 0 org/jetbrains/kotlin/ir/backend/js/lower/JsCommonAnnotationImplementationTransformer transformFlat (Lorg/jetbrains/kotlin/ir/declarations/IrDeclaration;)Ljava/util/List; 5 44 0 org/jetbrains/kotlin/ir/backend/js/WholeWorldStageController setCurrentDeclaration (Lorg/jetbrains/kotlin/ir/declarations/IrDeclaration;)V
